Workbook

Sheet Data Tables (M) w_cb_zip
A1: STE | B1: 2025 M11 | C1: 2025 M12 | D1: 2026 M01 | E1: 2026 M02 | F1: 2026 M03 | G1: 2026 M04 | H1: 2026 M05 | I1: 2026 M06 | J1: 2026 M07 | K1: 2026 M08 | L1: 2026 M09
A2: Model Score | B2: 131.36516 | C2: 131.65139 | D2: 132.25045 | E2: 133.11133 | F2: 134.39344 | G2: 135.07392 | H2: 136.24409 | I2: 136.52698 | J2: 137.35867 | K2: 137.57085 | L2: 137.34361
A3: Expected Gross Loss Impact | B3: -0.12944568 | C3: -0.010361257 | D3: 0.054029141 | E3: -0.017881171 | F3: 0.071123808 | G3: 0.19465559 | H3: 0.10451466 | I3: -0.071384017 | J3: 0.012813657 | K3: 0.34353121 | L3: 0.56382401
A4: Recovery Impact | B4: 2.1427985 | C4: 1.9143713 | D4: 2.1193072 | E4: 1.1158847 | F4: 1.0954838 | G4: 2.3172753 | H4: 3.4748375 | I4: 4.0531754 | J4: 4.22785 | K4: 3.5306983 | L4: 3.0969634
A5: LTV Impact | B5: 4.3504902 | C5: 3.9599386 | D5: 4.4325851 | E5: 4.9778418 | F5: 5.5671093 | G5: 5.8010146 | H5: 6.4230083 | I5: 6.1696385 | J5: 6.3782098 | K5: 6.1880215 | L5: 5.889269
A6: APR Impact | B6: 1.1155418 | C6: 1.0915321 | D6: 1.0879239 | E6: 1.1750857 | F6: 1.5046504 | G6: 1.672337 | H6: 1.7830943 | I6: 1.8827435 | J6: 1.9792855 | K6: 1.8154059 | L6: 1.6658683
A7: RAGU Score | B7: 138.84454 | C7: 138.60687 | D7: 139.94429 | E7: 140.36226 | F7: 142.63555 | G7: 145.05931 | H7: 148.0291 | I7: 148.56115 | J7: 149.95794 | K7: 149.44851 | L7: 148.55431
A8: Amount Financed | B8: 46957669 | C8: 48436705 | D8: 41847912 | E8: 51674677 | F8: 1.0772409e+08 | G8: 90227375 | H8: 72604978 | I8: 82073268 | J8: 72933369 | K8: 57974774 | L8: 54925119
A9: Weighted LTV | B9: 1.5446952 | C9: 1.5734779 | D9: 1.5387784 | E9: 1.5006023 | F9: 1.4614189 | G9: 1.4464269 | H9: 1.4080173 | I9: 1.4234145 | J9: 1.4107154 | K9: 1.4222861 | L9: 1.4408499
A10: Weighted APR | B10: 0.23406369 | C10: 0.23440668 | D10: 0.23445823 | E10: 0.23321306 | F10: 0.22850499 | G10: 0.22610947 | H10: 0.22452722 | I10: 0.22310366 | J10: 0.22172449 | K10: 0.22406563 | L10: 0.22620188

Sheet Sheet1

Sheet Data Tables (M) no zip
A1: STE | B1: 2025 M11 | C1: 2025 M12 | D1: 2026 M01 | E1: 2026 M02 | F1: 2026 M03 | G1: 2026 M04 | H1: 2026 M05 | I1: 2026 M06 | J1: 2026 M07 | K1: 2026 M08 | L1: 2026 M09
A2: Model Score | B2: 131.36516 | C2: 131.65139 | D2: 132.25045 | E2: 133.11133 | F2: 134.39344 | G2: 135.07392 | H2: 136.24409 | I2: 136.52698 | J2: 137.35867 | K2: 137.57085 | L2: 137.34361
A3: Expected Gross Loss Impact | B3: -0.42290034 | C3: -0.44283189 | D3: -0.37650877 | E3: -0.39899155 | F3: -0.35693828 | G3: -0.27145917 | H3: -0.39603044 | I3: -0.56793739 | J3: -0.48597328 | K3: -0.15846959 | L3: 0.0015944241
A4: Recovery Impact | B4: 2.138007 | C4: 1.9080821 | D4: 2.1124107 | E4: 1.1126894 | F4: 1.0919965 | G4: 2.3092903 | H4: 3.4620811 | I4: 4.0384262 | J4: 4.212499 | K4: 3.5178468 | L4: 3.084337
A5: LTV Impact | B5: 4.3504902 | C5: 3.9599386 | D5: 4.4325851 | E5: 4.9778418 | F5: 5.5671093 | G5: 5.8010146 | H5: 6.4230083 | I5: 6.1696385 | J5: 6.3782098 | K5: 6.1880215 | L5: 5.889269
A6: APR Impact | B6: 1.1155418 | C6: 1.0915321 | D6: 1.0879239 | E6: 1.1750857 | F6: 1.5046504 | G6: 1.672337 | H6: 1.7830943 | I6: 1.8827435 | J6: 1.9792855 | K6: 1.8154059 | L6: 1.6658683
A7: RAGU Score | B7: 138.54629 | C7: 138.16811 | D7: 139.50686 | E7: 139.97795 | F7: 142.204 | G7: 144.58521 | H7: 147.5158 | I7: 148.04985 | J7: 149.44381 | K7: 148.93365 | L7: 147.97946
A8: Amount Financed | B8: 46957669 | C8: 48436705 | D8: 41847912 | E8: 51674677 | F8: 1.0772409e+08 | G8: 90227375 | H8: 72604978 | I8: 82073268 | J8: 72933369 | K8: 57974774 | L8: 54925119
A9: Weighted LTV | B9: 1.5446952 | C9: 1.5734779 | D9: 1.5387784 | E9: 1.5006023 | F9: 1.4614189 | G9: 1.4464269 | H9: 1.4080173 | I9: 1.4234145 | J9: 1.4107154 | K9: 1.4222861 | L9: 1.4408499
A10: Weighted APR | B10: 0.23406369 | C10: 0.23440668 | D10: 0.23445823 | E10: 0.23321306 | F10: 0.22850499 | G10: 0.22610947 | H10: 0.22452722 | I10: 0.22310366 | J10: 0.22172449 | K10: 0.22406563 | L10: 0.22620188
B12: ='Data Tables (M) w_cb_zip'!B2-'Data Tables (M) no zip'!B2 | C12: ='Data Tables (M) w_cb_zip'!C2-'Data Tables (M) no zip'!C2 | D12: ='Data Tables (M) w_cb_zip'!D2-'Data Tables (M) no zip'!D2 | E12: ='Data Tables (M) w_cb_zip'!E2-'Data Tables (M) no zip'!E2 | F12: ='Data Tables (M) w_cb_zip'!F2-'Data Tables (M) no zip'!F2 | G12: ='Data Tables (M) w_cb_zip'!G2-'Data Tables (M) no zip'!G2 | H12: ='Data Tables (M) w_cb_zip'!H2-'Data Tables (M) no zip'!H2 | I12: ='Data Tables (M) w_cb_zip'!I2-'Data Tables (M) no zip'!I2 | ... L12: ='Data Tables (M) w_cb_zip'!L2-'Data Tables (M) no zip'!L2
B13: ='Data Tables (M) w_cb_zip'!B3-'Data Tables (M) no zip'!B3 | C13: ='Data Tables (M) w_cb_zip'!C3-'Data Tables (M) no zip'!C3 | D13: ='Data Tables (M) w_cb_zip'!D3-'Data Tables (M) no zip'!D3 | E13: ='Data Tables (M) w_cb_zip'!E3-'Data Tables (M) no zip'!E3 | F13: ='Data Tables (M) w_cb_zip'!F3-'Data Tables (M) no zip'!F3 | G13: ='Data Tables (M) w_cb_zip'!G3-'Data Tables (M) no zip'!G3 | H13: ='Data Tables (M) w_cb_zip'!H3-'Data Tables (M) no zip'!H3 | I13: ='Data Tables (M) w_cb_zip'!I3-'Data Tables (M) no zip'!I3 | ... L13: ='Data Tables (M) w_cb_zip'!L3-'Data Tables (M) no zip'!L3
B14: ='Data Tables (M) w_cb_zip'!B4-'Data Tables (M) no zip'!B4 | C14: ='Data Tables (M) w_cb_zip'!C4-'Data Tables (M) no zip'!C4 | D14: ='Data Tables (M) w_cb_zip'!D4-'Data Tables (M) no zip'!D4 | E14: ='Data Tables (M) w_cb_zip'!E4-'Data Tables (M) no zip'!E4 | F14: ='Data Tables (M) w_cb_zip'!F4-'Data Tables (M) no zip'!F4 | G14: ='Data Tables (M) w_cb_zip'!G4-'Data Tables (M) no zip'!G4 | H14: ='Data Tables (M) w_cb_zip'!H4-'Data Tables (M) no zip'!H4 | I14: ='Data Tables (M) w_cb_zip'!I4-'Data Tables (M) no zip'!I4 | ... L14: ='Data Tables (M) w_cb_zip'!L4-'Data Tables (M) no zip'!L4
B15: ='Data Tables (M) w_cb_zip'!B5-'Data Tables (M) no zip'!B5 | C15: ='Data Tables (M) w_cb_zip'!C5-'Data Tables (M) no zip'!C5 | D15: ='Data Tables (M) w_cb_zip'!D5-'Data Tables (M) no zip'!D5 | E15: ='Data Tables (M) w_cb_zip'!E5-'Data Tables (M) no zip'!E5 | F15: ='Data Tables (M) w_cb_zip'!F5-'Data Tables (M) no zip'!F5 | G15: ='Data Tables (M) w_cb_zip'!G5-'Data Tables (M) no zip'!G5 | H15: ='Data Tables (M) w_cb_zip'!H5-'Data Tables (M) no zip'!H5 | I15: ='Data Tables (M) w_cb_zip'!I5-'Data Tables (M) no zip'!I5 | ... L15: ='Data Tables (M) w_cb_zip'!L5-'Data Tables (M) no zip'!L5
B16: ='Data Tables (M) w_cb_zip'!B6-'Data Tables (M) no zip'!B6 | C16: ='Data Tables (M) w_cb_zip'!C6-'Data Tables (M) no zip'!C6 | D16: ='Data Tables (M) w_cb_zip'!D6-'Data Tables (M) no zip'!D6 | E16: ='Data Tables (M) w_cb_zip'!E6-'Data Tables (M) no zip'!E6 | F16: ='Data Tables (M) w_cb_zip'!F6-'Data Tables (M) no zip'!F6 | G16: ='Data Tables (M) w_cb_zip'!G6-'Data Tables (M) no zip'!G6 | H16: ='Data Tables (M) w_cb_zip'!H6-'Data Tables (M) no zip'!H6 | I16: ='Data Tables (M) w_cb_zip'!I6-'Data Tables (M) no zip'!I6 | ... L16: ='Data Tables (M) w_cb_zip'!L6-'Data Tables (M) no zip'!L6
B17: ='Data Tables (M) w_cb_zip'!B7-'Data Tables (M) no zip'!B7 | C17: ='Data Tables (M) w_cb_zip'!C7-'Data Tables (M) no zip'!C7 | D17: ='Data Tables (M) w_cb_zip'!D7-'Data Tables (M) no zip'!D7 | E17: ='Data Tables (M) w_cb_zip'!E7-'Data Tables (M) no zip'!E7 | F17: ='Data Tables (M) w_cb_zip'!F7-'Data Tables (M) no zip'!F7 | G17: ='Data Tables (M) w_cb_zip'!G7-'Data Tables (M) no zip'!G7 | H17: ='Data Tables (M) w_cb_zip'!H7-'Data Tables (M) no zip'!H7 | I17: ='Data Tables (M) w_cb_zip'!I7-'Data Tables (M) no zip'!I7 | ... L17: ='Data Tables (M) w_cb_zip'!L7-'Data Tables (M) no zip'!L7
B18: ='Data Tables (M) w_cb_zip'!B8-'Data Tables (M) no zip'!B8 | C18: ='Data Tables (M) w_cb_zip'!C8-'Data Tables (M) no zip'!C8 | D18: ='Data Tables (M) w_cb_zip'!D8-'Data Tables (M) no zip'!D8 | E18: ='Data Tables (M) w_cb_zip'!E8-'Data Tables (M) no zip'!E8 | F18: ='Data Tables (M) w_cb_zip'!F8-'Data Tables (M) no zip'!F8 | G18: ='Data Tables (M) w_cb_zip'!G8-'Data Tables (M) no zip'!G8 | H18: ='Data Tables (M) w_cb_zip'!H8-'Data Tables (M) no zip'!H8 | I18: ='Data Tables (M) w_cb_zip'!I8-'Data Tables (M) no zip'!I8 | ... L18: ='Data Tables (M) w_cb_zip'!L8-'Data Tables (M) no zip'!L8
B19: ='Data Tables (M) w_cb_zip'!B9-'Data Tables (M) no zip'!B9 | C19: ='Data Tables (M) w_cb_zip'!C9-'Data Tables (M) no zip'!C9 | D19: ='Data Tables (M) w_cb_zip'!D9-'Data Tables (M) no zip'!D9 | E19: ='Data Tables (M) w_cb_zip'!E9-'Data Tables (M) no zip'!E9 | F19: ='Data Tables (M) w_cb_zip'!F9-'Data Tables (M) no zip'!F9 | G19: ='Data Tables (M) w_cb_zip'!G9-'Data Tables (M) no zip'!G9 | H19: ='Data Tables (M) w_cb_zip'!H9-'Data Tables (M) no zip'!H9 | I19: ='Data Tables (M) w_cb_zip'!I9-'Data Tables (M) no zip'!I9 | ... L19: ='Data Tables (M) w_cb_zip'!L9-'Data Tables (M) no zip'!L9
B20: ='Data Tables (M) w_cb_zip'!B10-'Data Tables (M) no zip'!B10 | C20: ='Data Tables (M) w_cb_zip'!C10-'Data Tables (M) no zip'!C10 | D20: ='Data Tables (M) w_cb_zip'!D10-'Data Tables (M) no zip'!D10 | E20: ='Data Tables (M) w_cb_zip'!E10-'Data Tables (M) no zip'!E10 | F20: ='Data Tables (M) w_cb_zip'!F10-'Data Tables (M) no zip'!F10 | G20: ='Data Tables (M) w_cb_zip'!G10-'Data Tables (M) no zip'!G10 | H20: ='Data Tables (M) w_cb_zip'!H10-'Data Tables (M) no zip'!H10 | I20: ='Data Tables (M) w_cb_zip'!I10-'Data Tables (M) no zip'!I10 | ... L20: ='Data Tables (M) w_cb_zip'!L10-'Data Tables (M) no zip'!L10
B21: ='Data Tables (M) w_cb_zip'!B11-'Data Tables (M) no zip'!B11 | C21: ='Data Tables (M) w_cb_zip'!C11-'Data Tables (M) no zip'!C11 | D21: ='Data Tables (M) w_cb_zip'!D11-'Data Tables (M) no zip'!D11 | E21: ='Data Tables (M) w_cb_zip'!E11-'Data Tables (M) no zip'!E11 | F21: ='Data Tables (M) w_cb_zip'!F11-'Data Tables (M) no zip'!F11 | G21: ='Data Tables (M) w_cb_zip'!G11-'Data Tables (M) no zip'!G11 | H21: ='Data Tables (M) w_cb_zip'!H11-'Data Tables (M) no zip'!H11 | I21: ='Data Tables (M) w_cb_zip'!I11-'Data Tables (M) no zip'!I11 | ... L21: ='Data Tables (M) w_cb_zip'!L11-'Data Tables (M) no zip'!L11

Sheet Data Tables (W)
A1: STE | B1: 2026-05-31/2026-06-06 | C1: 2026-06-07/2026-06-13 | D1: 2026-06-14/2026-06-20 | E1: 2026-06-21/2026-06-27 | F1: 2026-06-28/2026-07-04 | G1: 2026-07-05/2026-07-11 | H1: 2026-07-12/2026-07-18 | I1: 2026-07-19/2026-07-25 | J1: 2026-07-26/2026-08-01 | K1: 2026-08-02/2026-08-08 | L1: 2026-08-09/2026-08-15 | M1: 2026-08-16/2026-08-22 | N1: 2026-08-23/2026-08-29 | O1: 2026-08-30/2026-09-05 | P1: 2026-09-06/2026-09-12 | Q1: 2026-09-13/2026-09-19 | R1: 2026-09-20/2026-09-26 | S1: 2026-09-27/2026-10-03 | T1: 2026-10-04/2026-10-10
A2: Model Score | B2: 136.37692 | C2: 136.48717 | D2: 137.18722 | E2: 137.14284 | F2: 137.82997 | G2: 137.26969 | H2: 137.38754 | I2: 137.00046 | J2: 137.72023 | K2: 137.33929 | L2: 137.86448 | M2: 137.3596 | N2: 137.45379 | O2: 137.56287 | P2: 137.25919 | Q2: 137.55062 | R2: 136.79457 | S2: 137.73855 | T2: 137.8134
A3: Expected Gross Loss Impact | B3: -0.086707981 | C3: -0.064043185 | D3: -0.55615075 | E3: -0.061999185 | F3: -0.12230214 | G3: 0.13829836 | H3: 0.11589623 | I3: 0.45413634 | J3: 0.065084483 | K3: 0.31372348 | L3: 0.12759773 | M3: 0.56425156 | N3: 0.40085399 | O3: 0.25565396 | P3: 0.5566149 | Q3: 0.97527571 | R3: 0.85713896 | S3: -0.092752526 | T3: 1.5142303
A4: Recovery Impact | B4: 3.963333 | C4: 4.2308432 | D4: 3.8999747 | E4: 4.8974039 | F4: 4.3334647 | G4: 4.0792154 | H4: 4.0220719 | I4: 3.1572471 | J4: 3.4834311 | K4: 3.0365197 | L4: 3.6717756 | M4: 3.567226 | N4: 3.885529 | O4: 3.2665372 | P4: 3.1468445 | Q4: 2.7107425 | R4: 2.8253653 | S4: 1.7095269 | T4: 2.6438943
A5: LTV Impact | B5: 6.2443399 | C5: 6.2429892 | D5: 5.9670347 | E5: 6.1043014 | F5: 6.8144891 | G5: 6.0303327 | H5: 6.5677281 | I5: 6.3412036 | J5: 6.0800867 | K5: 5.6912835 | L5: 6.3790827 | M5: 6.2587743 | N5: 6.2814058 | O5: 5.8294931 | P5: 5.7626705 | Q5: 6.0116373 | R5: 5.2954454 | S5: 5.40975 | T5: 5.972285
A6: APR Impact | B6: 1.8606002 | C6: 1.78246 | D6: 1.8017647 | E6: 2.1408319 | F6: 2.1938126 | G6: 1.8796072 | H6: 1.7242317 | I6: 1.6621852 | J6: 2.033012 | K6: 1.5959239 | L6: 1.9027414 | M6: 1.7209063 | N6: 1.7452797 | O6: 1.78174 | P6: 1.4767929 | Q6: 1.8182498 | R6: 1.3239268 | S6: 1.6787273 | T6: 1.9115246
A7: RAGU Score | B7: 148.37965 | C7: 148.70565 | D7: 148.27249 | E7: 150.20001 | F7: 151.1639 | G7: 149.24496 | H7: 149.88292 | I7: 148.55356 | J7: 149.41409 | K7: 148.10761 | L7: 149.90485 | M7: 149.45788 | N7: 149.75983 | O7: 148.60673 | P7: 148.30282 | Q7: 149.04545 | R7: 147.19424 | S7: 146.4102 | T7: 149.21576
A8: Amount Financed | B8: 16518117 | C8: 18382664 | D8: 17696771 | E8: 18280561 | F8: 15235894 | G8: 13288046 | H8: 14955864 | I8: 14445556 | J8: 14590542 | K8: 13867493 | L8: 12990570 | M8: 12715760 | N8: 14108815 | O8: 12162464 | P8: 11800478 | Q8: 11072446 | R8: 10479958 | S8: 4860735.7 | T8: 468844.46
A9: Weighted LTV | B9: 1.41884 | C9: 1.4189225 | D9: 1.4359712 | E9: 1.4274398 | F9: 1.3848712 | G9: 1.4320245 | H9: 1.3993712 | I9: 1.412952 | J9: 1.4289374 | K9: 1.4534215 | L9: 1.4106627 | M9: 1.4179595 | N9: 1.4165811 | O9: 1.4446225 | P9: 1.4488634 | Q9: 1.4331879 | R9: 1.4792259 | S9: 1.4716809 | T9: 1.435643
A10: Weighted APR | B10: 0.22342 | C10: 0.22453629 | D10: 0.2242605 | E10: 0.21941669 | F10: 0.21865982 | G10: 0.22314847 | H10: 0.22536812 | I10: 0.2262545 | J10: 0.22095697 | K10: 0.22720109 | L10: 0.22281798 | M10: 0.22541562 | N10: 0.22506743 | O10: 0.22454657 | P10: 0.22890296 | Q10: 0.224025 | R10: 0.23108676 | S10: 0.22601818 | T10: 0.22269251
