Workbook

Sheet Sheet1
A1: Vanilla | B1: 2024 M06 | C1: 2024 M07 | D1: 2024 M08 | E1: 2024 M09 | F1: 2024 M10 | G1: 2024 M11 | H1: 2024 M12 | I1: 2025 M01 | J1: 2025 M02 | K1: 2025 M03 | L1: 2025 M04 | M1: 2025 M05 | N1: 2025 M06 | O1: 2025 M07 | P1: 2025 M08 | Q1: 2025 M09 | R1: 2025 M10 | S1: 2025 M11 | T1: 2025 M12 | U1: 2026 M01 | V1: 2026 M02 | W1: 2026 M03 | X1: 2026 M04 | Z1: 2026 M05 | AA1: 2026 M06 | AB1: 2026 M07
A2: Model Score | B2: 129.86535 | C2: 129.38772 | D2: 129.53706 | E2: 129.51321 | F2: 129.6633 | G2: 129.25177 | H2: 129.68365 | I2: 129.53729 | J2: 129.39334 | K2: 129.77782 | L2: 129.71309 | M2: 129.61554 | N2: 129.44537 | O2: 129.27805 | P2: 129.24252 | Q2: 128.50927 | R2: 131.02134 | S2: 131.34683 | T2: 131.60241 | U2: 132.19218 | V2: 133.00749 | W2: 134.00485 | X2: 134.56534 | Z2: 135.68984 | AA2: 136.49663 | AB2: 137.33714
A3: Gross Loss Impact | B3: 1.2350139 | C3: 0.84904716 | D3: 0.70090476 | E3: 0.56275009 | F3: 0.86450977 | G3: 0.8529963 | H3: 0.80391234 | I3: -0.37146658 | J3: -1.331343 | K3: -1.3310358 | L3: -1.0313611 | M3: -0.96270848 | N3: -1.1899692 | O3: -0.53597967 | P3: 0.77591077 | Q3: 0.63856798 | R3: -0.39328784 | S3: -0.4232758 | T3: -0.44362951 | U3: -0.37766231 | V3: -0.39991915 | W3: -0.3620098 | X3: -0.27814421 | Z3: -0.40171856 | AA3: -0.56807543 | AB3: -0.50856782
A4: Recovery Impact | B4: 0 | C4: 0 | D4: 4.1385927 | E4: 2.1728524 | F4: 1.2089421 | G4: 2.3985009 | H4: 2.8807926 | I4: 2.2101138 | J4: 0.21822452 | K4: 0.8428232 | L4: 1.1157777 | M4: 0.63955836 | N4: 0.70121227 | O4: 0.9091134 | P4: 1.9626067 | Q4: 0.69362863 | R4: 2.8566221 | S4: 2.2408945 | T4: 1.9016229 | U4: 2.1476641 | V4: 1.1568778 | W4: 1.1652602 | X4: 2.2892371 | Z4: 3.39928 | AA4: 3.9973862 | AB4: 4.3730697
A5: LTV Impact | B5: 0 | C5: 0 | D5: 5.274014 | E5: 6.0441161 | F5: 5.7001074 | G5: 4.9095671 | H5: 5.2506239 | I5: 5.7305605 | J5: 5.4983855 | K5: 5.5410338 | L5: 6.3775837 | M5: 5.3167725 | N5: 4.7133478 | O5: 4.456834 | P5: 4.2805857 | Q5: 3.8856134 | R5: 4.6568337 | S5: 4.3504902 | T5: 3.9599386 | U5: 4.4325851 | V5: 4.9778418 | W5: 5.5671093 | X5: 5.8010146 | Z5: 6.4230083 | AA5: 6.1696385 | AB5: 6.3674505
A6: APR Impact | B6: 3.0477022 | C6: 3.3126513 | D6: 2.9733754 | E6: 2.2654378 | F6: 2.030886 | G6: 2.2986462 | H6: 2.3219703 | I6: 2.0589846 | J6: 1.82854 | K6: 1.8605635 | L6: 2.008678 | M6: 2.0073477 | N6: 2.1051038 | O6: 2.1982917 | P6: 2.0737623 | Q6: 2.0963242 | R6: 0.94504752 | S6: 1.1155418 | T6: 1.0915321 | U6: 1.0879239 | V6: 1.1750857 | W6: 1.5046504 | X6: 1.672337 | Z6: 1.7830943 | AA6: 1.8827435 | AB6: 2.0486788
A7: RAGU Score | B7: 134.14807 | C7: 133.54941 | D7: 142.62394 | E7: 140.55836 | F7: 139.46774 | G7: 139.71148 | H7: 140.94094 | I7: 139.16548 | J7: 135.60715 | K7: 136.69121 | L7: 138.18377 | M7: 136.61651 | N7: 135.77507 | O7: 136.30631 | P7: 138.33539 | Q7: 135.82341 | R7: 139.08655 | S7: 138.63048 | T7: 138.11187 | U7: 139.48269 | V7: 139.91738 | W7: 141.88307 | X7: 144.05041 | Z7: 146.89307 | AA7: 147.97832 | AB7: 149.61915
A8: Amount Financed | B8: 1462434.4 | C8: 10919536 | D8: 18319871 | E8: 17387364 | F8: 23124191 | G8: 23510721 | H8: 31543003 | I8: 35545767 | J8: 50802744 | K8: 55019552 | L8: 42442574 | M8: 40719961 | N8: 38242116 | O8: 43485810 | P8: 43419979 | Q8: 44626995 | R8: 31718897 | S8: 46957669 | T8: 48436705 | U8: 41847912 | V8: 51674677 | W8: 1.0772409e+08 | X8: 90227375 | Z8: 72604978 | AA8: 82073268 | AB8: 58437607
A9: Weighted LTV | B9: 1.94 | C9: 1.94 | D9: 1.4806492 | E9: 1.4311679 | F9: 1.4528566 | G9: 1.5052785 | H9: 1.4822056 | I9: 1.4509101 | J9: 1.465883 | K9: 1.4631095 | L9: 1.4107532 | M9: 1.4778123 | N9: 1.5188814 | O9: 1.5370394 | P9: 1.5497694 | Q9: 1.5790774 | R9: 1.522845 | S9: 1.5446952 | T9: 1.5734779 | U9: 1.5387784 | V9: 1.5006023 | W9: 1.4614189 | X9: 1.4464269 | Z9: 1.4080173 | AA9: 1.4234145 | AB9: 1.4113649
A10: Weighted APR | B10: 0.2064614 | C10: 0.20267641 | D10: 0.20752321 | E10: 0.2176366 | F10: 0.22098734 | G10: 0.2171622 | H10: 0.216829 | I10: 0.22058593 | J10: 0.223878 | K10: 0.22342052 | L10: 0.2213046 | M10: 0.2213236 | N10: 0.21992709 | O10: 0.21859583 | P10: 0.22037482 | Q10: 0.22005251 | R10: 0.23649932 | S10: 0.23406369 | T10: 0.23440668 | U10: 0.23445823 | V10: 0.23321306 | W10: 0.22850499 | X10: 0.22610947 | Z10: 0.22452722 | AA10: 0.22310366 | AB10: 0.22073316
C15: STE | D15: 2023 Q3 | E15: 2024 Q3 | F15: 2025 Q3 | G15: 2026 Q1 | H15: 2026 Q2 | I15: 2026 Q3
E16: =AVERAGE(C2:E2) -> 129.47933 | F16: =AVERAGE(D2:F2) -> 129.57119 | G16: =AVERAGE(U2:W2) -> 133.06818 | H16: =AVERAGE(X2:AA2) -> 135.58394 | I16: 137.33714
E17: =AVERAGE(C3:E3) -> 0.70423401 | F17: =AVERAGE(D3:F3) -> 0.70938821 | G17: =AVERAGE(U3:W3) -> -0.37986375 | H17: =AVERAGE(X3:AA3) -> -0.4159794 | I17: -0.50856782
E18: =AVERAGE(C4:E4) -> 2.103815 | F18: =AVERAGE(D4:F4) -> 2.5067957 | G18: =AVERAGE(U4:W4) -> 1.4899341 | H18: =AVERAGE(X4:AA4) -> 3.2286344 | I18: 4.3730697
E19: =AVERAGE(C5:E5) -> 3.77271 | F19: =AVERAGE(D5:F5) -> 5.6727458 | G19: =AVERAGE(U5:W5) -> 4.9925121 | H19: =AVERAGE(X5:AA5) -> 6.1312205 | I19: 6.3674505
E20: =AVERAGE(C6:E6) -> 2.8504882 | F20: =AVERAGE(D6:F6) -> 2.4232331 | G20: =AVERAGE(U6:W6) -> 1.2558867 | H20: =AVERAGE(X6:AA6) -> 1.7793916 | I20: 2.0486788
E21: =AVERAGE(C7:E7) -> 138.91057 | F21: =AVERAGE(D7:F7) -> 140.88335 | G21: =AVERAGE(U7:W7) -> 140.42771 | H21: =AVERAGE(X7:AA7) -> 146.30727 | I21: 149.61915
E22: =SUM(C8:E8) -> 46626771 | F22: =SUM(D8:F8) -> 58831426 | G22: =SUM(U8:W8) -> 2.0124667e+08 | H22: =SUM(X8:AA8) -> 2.4490562e+08 | I22: 58437607
E23: =AVERAGE(C9:E9) -> 1.6172724 | F23: =AVERAGE(D9:F9) -> 1.4548912 | G23: =AVERAGE(U9:W9) -> 1.5002665 | H23: =AVERAGE(X9:AA9) -> 1.4259529 | I23: 1.4113649
E24: =AVERAGE(C10:E10) -> 0.20927874 | F24: =AVERAGE(D10:F10) -> 0.21538238 | G24: =AVERAGE(U10:W10) -> 0.23205876 | H24: =AVERAGE(X10:AA10) -> 0.22458012 | I24: 0.22073316
C29: KMX | D29: 2023 Q3 | E29: 2024 Q3 | F29: 2025 Q3 | G29: 2026 Q1 | H29: 2026 Q2 | I29: 2026 Q3
C30: Model Score | D30: 140.49095 | E30: 139.87965 | F30: 139.90857 | G30: 142.16741 | H30: 142.9469 | I30: 143.54182
C31: Expected Gross Loss Impact | D31: 1.4577705 | E31: 1.8581227 | F31: 1.2723137 | G31: 0.33754176 | H31: 0.31009057 | I31: 0.31896127
C32: Recovery Impact | D32: -0.30240079 | E32: -0.35849527 | F32: 0.64025968 | G32: 0.82064237 | H32: 0.94023214 | I32: 0.74643149
C33: LTV Impact | D33: -3.6904468 | E33: -1.5537898 | F33: -0.53154 | G33: 0.47648522 | H33: 1.0779523 | I33: 1.3140887
C34: APR Impact | D34: 0.0021270859 | E34: 0.2118942 | F34: 0.032567675 | G34: 0.47670557 | H34: 0.69858392 | I34: 0.94607864
C35: RAGU Score | D35: 137.958 | E35: 140.03738 | F35: 141.32218 | G35: 144.27878 | H35: 145.97376 | I35: 146.86738
C36: Amount Financed | D36: 1.4613722e+08 | E36: 3.0035913e+08 | F36: 3.7858788e+08 | G36: 5.5964627e+08 | H36: 4.8419507e+08 | I36: 2.2680581e+08
C37: Weighted LTV | D37: 1.8512165 | E37: 1.6904276 | F37: 1.6229849 | G37: 1.5615508 | H37: 1.5270609 | I37: 1.5139331
C38: Weighted APR | D38: 0.24998025 | E38: 0.24803241 | F38: 0.24969759 | G38: 0.24557345 | H38: 0.24351315 | I38: 0.24121498
C40: nonKMX | D40: 2023 Q3 | E40: 2024 Q3 | F40: 2025 Q3 | G40: 2026 Q1 | H40: 2026 Q2 | I40: 2026 Q3
C41: Model Score | D41: 136.74076 | E41: 139.14619 | F41: 138.89574 | G41: 141.26488 | H41: 142.0023 | I41: 142.54835
C42: Expected Gross Loss Impact | D42: 0.47163377 | E42: 0.86182839 | F42: 1.6634829 | G42: 2.3756397 | H42: 2.682723 | I42: 2.7622328
C43: Recovery Impact | D43: -1.3762849 | E43: 0.18813216 | F43: 2.682649 | G43: 2.6363874 | H43: 2.7463502 | I43: 2.5434179
C44: LTV Impact | D44: 3.6379294 | E44: 3.9287697 | F44: 4.2395848 | G44: 3.5961696 | H44: 3.975328 | I44: 3.8352483
C45: APR Impact | D45: -0.1335049 | E45: -0.079046575 | F45: -0.12682929 | G45: 0.0010451616 | H45: 0.24942325 | I45: 0.32930649
C46: RAGU Score | D46: 139.34053 | E46: 144.04588 | F46: 147.35463 | G46: 149.87412 | H46: 151.65612 | I46: 152.01855
C47: Amount Financed | D47: 1.8204627e+08 | E47: 3.0855481e+08 | F47: 4.4290733e+08 | G47: 4.6912234e+08 | H47: 4.7012169e+08 | I47: 1.9723988e+08
C48: Weighted LTV | D48: 1.3971255 | E48: 1.43804 | F48: 1.4154001 | G48: 1.4625887 | H48: 1.4741773 | I48: 1.4979381
C49: Weighted APR | D49: 0.24460044 | E49: 0.24614126 | F49: 0.24668787 | G49: 0.2449887 | H49: 0.24282078 | I49: 0.2421821
C51: POS | D51: 2023 Q3 | E51: 2024 Q3 | F51: 2025 Q3 | G51: 2026 Q1 | H51: 2026 Q2 | I51: 2026 Q3
C52: Model Score | D52: 138.41069 | E52: 139.50799 | F52: 139.36251 | G52: 141.75585 | H52: 142.48156 | I52: 143.07972
C53: Expected Gross Loss Impact | D53: 0.91075176 | E53: 1.3532707 | F53: 1.4832117 | G53: 1.266922 | H53: 1.4789121 | I53: 1.4554204
C54: Recovery Impact | D54: -0.89809377 | E54: -0.081502887 | F54: 1.7414094 | G54: 1.6486289 | H54: 1.8299737 | I54: 1.5822786
C55: LTV Impact | D55: 0.37466794 | E55: 1.2243862 | F55: 2.0408014 | G55: 1.899073 | H55: 2.5052763 | I55: 2.4867765
C56: APR Impact | D56: -0.073109173 | E56: 0.064465853 | F56: -0.053370844 | G56: 0.25980264 | H56: 0.47731549 | I56: 0.65919431
C57: RAGU Score | D57: 138.7249 | E57: 142.06861 | F57: 144.57456 | G57: 146.83028 | H57: 148.77304 | I57: 149.26339
C58: Amount Financed | D58: 3.281835e+08 | E58: 6.0891394e+08 | F58: 8.2149521e+08 | G58: 1.0287686e+09 | H58: 9.5431676e+08 | I58: 4.240457e+08
C59: Weighted LTV | D59: 1.5993282 | E59: 1.5625353 | F59: 1.511066 | G59: 1.5164237 | H59: 1.5010091 | I59: 1.5064932
C60: Weighted APR | D60: 0.24699602 | E60: 0.24707411 | F60: 0.24807491 | G60: 0.2453068 | H60: 0.24317207 | I60: 0.24166483
C63: STE | D63: 2023 Q3 | E63: 2024 Q3 | F63: 2025 Q3 | G63: 2026 Q1 | H63: 2026 Q2 | I63: 2026 Q3
E64: 129.47933 | F64: 129.57119 | G64: 133.06818 | H64: 135.58394 | I64: 137.33714
E65: 0.70423401 | F65: 0.70938821 | G65: -0.37986375 | H65: -0.4159794 | I65: -0.50856782
E66: 2.103815 | F66: 2.5067957 | G66: 1.4899341 | H66: 3.2286344 | I66: 4.3730697
E67: 3.77271 | F67: 5.6727458 | G67: 4.9925121 | H67: 6.1312205 | I67: 6.3674505
E68: 2.8504882 | F68: 2.4232331 | G68: 1.2558867 | H68: 1.7793916 | I68: 2.0486788
E69: 138.91057 | F69: 140.88335 | G69: 140.42771 | H69: 146.30727 | I69: 149.61915
E70: 46626771 | F70: 58831426 | G70: 2.0124667e+08 | H70: 2.4490562e+08 | I70: 58437607
E71: 1.6172724 | F71: 1.4548912 | G71: 1.5002665 | H71: 1.4259529 | I71: 1.4113649
E72: 0.20927874 | F72: 0.21538238 | G72: 0.23205876 | H72: 0.22458012 | I72: 0.22073316
E74: =SUM(E70,E58) -> 6.5554071e+08 | F74: =SUM(F70,F58) -> 8.8032663e+08 | G74: =SUM(G70,G58) -> 1.2300153e+09 | H74: =SUM(H70,H58) -> 1.1992224e+09 | I74: =SUM(I70,I58) -> 4.824833e+08
E75: =E70/E74 -> 0.071127193 | F75: =F70/F74 -> 0.066829088 | G75: =G70/G74 -> 0.16361315 | H75: =H70/H74 -> 0.20422036 | I75: =I70/I74 -> 0.1211184
C76: POS with STE
C77: Model Score | D77: =D52 -> 138.41069 | E77: =E52*E$58/E$74+E64*E$70/E$74 -> 138.79468 | F77: =F52*F$58/F$74+F64*F$70/F$74 -> 138.70816 | G77: =G52*G$58/G$74+G64*G$70/G$74 -> 140.33443 | H77: =H52*H$58/H$74+H64*H$70/H$74 -> 141.07293 | I77: =I52*I$58/I$74+I64*I$70/I$74 -> 142.38418
C78: Expected Gross Loss Impact | D78: =D53 -> 0.91075176 | E78: =E53*E$58/E$74+E65*E$70/E$74 -> 1.3071066 | F78: =F53*F$58/F$74+F65*F$70/F$74 -> 1.4314978 | G78: =G53*G$58/G$74+G65*G$70/G$74 -> 0.99748623 | H78: =H53*H$58/H$74+H65*H$70/H$74 -> 1.0919367 | I78: =I53*I$58/I$74+I65*I$70/I$74 -> 1.2175452
C79: Recovery Impact | D79: =D54 -> -0.89809377 | E79: =E54*E$58/E$74+E66*E$70/E$74 -> 0.073932642 | F79: =F54*F$58/F$74+F66*F$70/F$74 -> 1.7925594 | G79: =G54*G$58/G$74+G66*G$70/G$74 -> 1.6226643 | H79: =H54*H$58/H$74+H66*H$70/H$74 -> 2.1156087 | I79: =I54*I$58/I$74+I66*I$70/I$74 -> 1.9202948
C80: LTV Impact | D80: =D55 -> 0.37466794 | E80: =E55*E$58/E$74+E67*E$70/E$74 -> 1.4056413 | F80: =F55*F$58/F$74+F67*F$70/F$74 -> 2.2835209 | G80: =G55*G$58/G$74+G67*G$70/G$74 -> 2.4052003 | H80: =H55*H$58/H$74+H67*H$70/H$74 -> 3.2457679 | I80: =I55*I$58/I$74+I67*I$70/I$74 -> 2.9567975
C81: APR Impact | D81: =D56 -> -0.073109173 | E81: =E56*E$58/E$74+E68*E$70/E$74 -> 0.2626278 | F81: =F56*F$58/F$74+F68*F$70/F$74 -> 0.11213834 | G81: =G56*G$58/G$74+G68*G$70/G$74 -> 0.42277509 | H81: =H56*H$58/H$74+H68*H$70/H$74 -> 0.74322592 | I81: =I56*I$58/I$74+I68*I$70/I$74 -> 0.82748645
C82: RAGU Score | D82: =D57 -> 138.7249 | E82: =E57*E$58/E$74+E69*E$70/E$74 -> 141.84398 | F82: =F57*F$58/F$74+F69*F$70/F$74 -> 144.32788 | G82: =G57*G$58/G$74+G69*G$70/G$74 -> 145.78274 | H82: =H57*H$58/H$74+H69*H$70/H$74 -> 148.26948 | I82: =I57*I$58/I$74+I69*I$70/I$74 -> 149.30648
C83: Amount Financed | D83: =D58 -> 3.281835e+08 | E83: =E58*E$58/E$74+E70*E$70/E$74 -> 5.6892003e+08 | F83: =F58*F$58/F$74+F70*F$70/F$74 -> 7.7052708e+08 | G83: =G58*G$58/G$74+G70*G$70/G$74 -> 8.9337515e+08 | H83: =H58*H$58/H$74+H70*H$70/H$74 -> 8.0944057e+08 | I83: =I58*I$58/I$74+I70*I$70/I$74 -> 3.7976383e+08
C84: Weighted LTV | D84: =D59 -> 1.5993282 | E84: =E59*E$58/E$74+E71*E$70/E$74 -> 1.5664286 | F84: =F59*F$58/F$74+F71*F$70/F$74 -> 1.5073119 | G84: =G59*G$58/G$74+G71*G$70/G$74 -> 1.5137802 | H84: =H59*H$58/H$74+H71*H$70/H$74 -> 1.4856811 | I84: =I59*I$58/I$74+I71*I$70/I$74 -> 1.4949714
C85: Weighted APR | D85: =D60 -> 0.24699602 | E85: =E60*E$58/E$74+E72*E$70/E$74 -> 0.24438583 | F85: =F60*F$58/F$74+F72*F$70/F$74 -> 0.24589009 | G85: =G60*G$58/G$74+G72*G$70/G$74 -> 0.24313925 | H85: =H60*H$58/H$74+H72*H$70/H$74 -> 0.23937521 | I85: =I60*I$58/I$74+I72*I$70/I$74 -> 0.23912962

Sheet cb_zip impact
A1: ='Data Tables (M) no_cb_zip'!A1 -> AN | B1: ='Data Tables (M) no_cb_zip'!B1 -> 2025 M01 | C1: ='Data Tables (M) no_cb_zip'!C1 -> 2025 M02 | D1: ='Data Tables (M) no_cb_zip'!D1 -> 2025 M03 | E1: ='Data Tables (M) no_cb_zip'!E1 -> 2025 M04 | F1: ='Data Tables (M) no_cb_zip'!F1 -> 2025 M05 | G1: ='Data Tables (M) no_cb_zip'!G1 -> 2025 M06 | H1: ='Data Tables (M) no_cb_zip'!H1 -> 2025 M07 | ... V1: ='Data Tables (M) no_cb_zip'!V1 -> 2026 M09
A2: ='Data Tables (M) no_cb_zip'!A2 -> Model Score | B2: ='Data Tables (M) cb_zip'!B2-'Data Tables (M) no_cb_zip'!B2 -> 0 | C2: ='Data Tables (M) cb_zip'!C2-'Data Tables (M) no_cb_zip'!C2 -> 0 | D2: ='Data Tables (M) cb_zip'!D2-'Data Tables (M) no_cb_zip'!D2 -> 0 | E2: ='Data Tables (M) cb_zip'!E2-'Data Tables (M) no_cb_zip'!E2 -> 0 | F2: ='Data Tables (M) cb_zip'!F2-'Data Tables (M) no_cb_zip'!F2 -> 0 | G2: ='Data Tables (M) cb_zip'!G2-'Data Tables (M) no_cb_zip'!G2 -> 0 | H2: ='Data Tables (M) cb_zip'!H2-'Data Tables (M) no_cb_zip'!H2 -> 0 | I2: ='Data Tables (M) cb_zip'!I2-'Data Tables (M) no_cb_zip'!I2 -> 0 | ... V2: ='Data Tables (M) cb_zip'!V2-'Data Tables (M) no_cb_zip'!V2 -> 0
A3: ='Data Tables (M) no_cb_zip'!A3 -> Expected Gross Loss Impact | B3: ='Data Tables (M) cb_zip'!B3-'Data Tables (M) no_cb_zip'!B3 -> 0.10079865 | C3: ='Data Tables (M) cb_zip'!C3-'Data Tables (M) no_cb_zip'!C3 -> 0.039211646 | D3: ='Data Tables (M) cb_zip'!D3-'Data Tables (M) no_cb_zip'!D3 -> 0.11350166 | E3: ='Data Tables (M) cb_zip'!E3-'Data Tables (M) no_cb_zip'!E3 -> 0.11718101 | F3: ='Data Tables (M) cb_zip'!F3-'Data Tables (M) no_cb_zip'!F3 -> 0.086868808 | G3: ='Data Tables (M) cb_zip'!G3-'Data Tables (M) no_cb_zip'!G3 -> 0.078938962 | H3: ='Data Tables (M) cb_zip'!H3-'Data Tables (M) no_cb_zip'!H3 -> -0.033036119 | I3: ='Data Tables (M) cb_zip'!I3-'Data Tables (M) no_cb_zip'!I3 -> 0.17359512 | ... V3: ='Data Tables (M) cb_zip'!V3-'Data Tables (M) no_cb_zip'!V3 -> 0.04865892
A4: ='Data Tables (M) no_cb_zip'!A4 -> Recovery Impact | B4: ='Data Tables (M) cb_zip'!B4-'Data Tables (M) no_cb_zip'!B4 -> 0.0014336068 | C4: ='Data Tables (M) cb_zip'!C4-'Data Tables (M) no_cb_zip'!C4 -> 0.00011914683 | D4: ='Data Tables (M) cb_zip'!D4-'Data Tables (M) no_cb_zip'!D4 -> 0.00039160348 | E4: ='Data Tables (M) cb_zip'!E4-'Data Tables (M) no_cb_zip'!E4 -> 0.001003838 | F4: ='Data Tables (M) cb_zip'!F4-'Data Tables (M) no_cb_zip'!F4 -> 0.00080057079 | G4: ='Data Tables (M) cb_zip'!G4-'Data Tables (M) no_cb_zip'!G4 -> 0.0010840215 | H4: ='Data Tables (M) cb_zip'!H4-'Data Tables (M) no_cb_zip'!H4 -> -0.00075688131 | I4: ='Data Tables (M) cb_zip'!I4-'Data Tables (M) no_cb_zip'!I4 -> 0.0029661973 | ... V4: ='Data Tables (M) cb_zip'!V4-'Data Tables (M) no_cb_zip'!V4 -> 0.00097655541
A5: ='Data Tables (M) no_cb_zip'!A5 -> LTV Impact | B5: ='Data Tables (M) cb_zip'!B5-'Data Tables (M) no_cb_zip'!B5 -> 0 | C5: ='Data Tables (M) cb_zip'!C5-'Data Tables (M) no_cb_zip'!C5 -> 0 | D5: ='Data Tables (M) cb_zip'!D5-'Data Tables (M) no_cb_zip'!D5 -> 0 | E5: ='Data Tables (M) cb_zip'!E5-'Data Tables (M) no_cb_zip'!E5 -> 0 | F5: ='Data Tables (M) cb_zip'!F5-'Data Tables (M) no_cb_zip'!F5 -> 0 | G5: ='Data Tables (M) cb_zip'!G5-'Data Tables (M) no_cb_zip'!G5 -> 0 | H5: ='Data Tables (M) cb_zip'!H5-'Data Tables (M) no_cb_zip'!H5 -> 0 | I5: ='Data Tables (M) cb_zip'!I5-'Data Tables (M) no_cb_zip'!I5 -> 0 | ... V5: ='Data Tables (M) cb_zip'!V5-'Data Tables (M) no_cb_zip'!V5 -> 0
A6: ='Data Tables (M) no_cb_zip'!A6 -> APR Impact | B6: ='Data Tables (M) cb_zip'!B6-'Data Tables (M) no_cb_zip'!B6 -> 0 | C6: ='Data Tables (M) cb_zip'!C6-'Data Tables (M) no_cb_zip'!C6 -> 0 | D6: ='Data Tables (M) cb_zip'!D6-'Data Tables (M) no_cb_zip'!D6 -> 0 | E6: ='Data Tables (M) cb_zip'!E6-'Data Tables (M) no_cb_zip'!E6 -> 0 | F6: ='Data Tables (M) cb_zip'!F6-'Data Tables (M) no_cb_zip'!F6 -> 0 | G6: ='Data Tables (M) cb_zip'!G6-'Data Tables (M) no_cb_zip'!G6 -> 0 | H6: ='Data Tables (M) cb_zip'!H6-'Data Tables (M) no_cb_zip'!H6 -> 0 | I6: ='Data Tables (M) cb_zip'!I6-'Data Tables (M) no_cb_zip'!I6 -> 0 | ... V6: ='Data Tables (M) cb_zip'!V6-'Data Tables (M) no_cb_zip'!V6 -> 0
A7: ='Data Tables (M) no_cb_zip'!A7 -> RAGU Score | B7: ='Data Tables (M) cb_zip'!B7-'Data Tables (M) no_cb_zip'!B7 -> 0.10223225 | C7: ='Data Tables (M) cb_zip'!C7-'Data Tables (M) no_cb_zip'!C7 -> 0.039330792 | D7: ='Data Tables (M) cb_zip'!D7-'Data Tables (M) no_cb_zip'!D7 -> 0.11389326 | E7: ='Data Tables (M) cb_zip'!E7-'Data Tables (M) no_cb_zip'!E7 -> 0.11818484 | F7: ='Data Tables (M) cb_zip'!F7-'Data Tables (M) no_cb_zip'!F7 -> 0.087669379 | G7: ='Data Tables (M) cb_zip'!G7-'Data Tables (M) no_cb_zip'!G7 -> 0.080022983 | H7: ='Data Tables (M) cb_zip'!H7-'Data Tables (M) no_cb_zip'!H7 -> -0.033793001 | I7: ='Data Tables (M) cb_zip'!I7-'Data Tables (M) no_cb_zip'!I7 -> 0.17656132 | ... V7: ='Data Tables (M) cb_zip'!V7-'Data Tables (M) no_cb_zip'!V7 -> 0.049635475
A8: ='Data Tables (M) no_cb_zip'!A8 -> Amount Financed | B8: ='Data Tables (M) cb_zip'!B8-'Data Tables (M) no_cb_zip'!B8 -> 0 | C8: ='Data Tables (M) cb_zip'!C8-'Data Tables (M) no_cb_zip'!C8 -> 0 | D8: ='Data Tables (M) cb_zip'!D8-'Data Tables (M) no_cb_zip'!D8 -> 0 | E8: ='Data Tables (M) cb_zip'!E8-'Data Tables (M) no_cb_zip'!E8 -> 0 | F8: ='Data Tables (M) cb_zip'!F8-'Data Tables (M) no_cb_zip'!F8 -> 0 | G8: ='Data Tables (M) cb_zip'!G8-'Data Tables (M) no_cb_zip'!G8 -> 0 | H8: ='Data Tables (M) cb_zip'!H8-'Data Tables (M) no_cb_zip'!H8 -> 0 | I8: ='Data Tables (M) cb_zip'!I8-'Data Tables (M) no_cb_zip'!I8 -> 0 | ... V8: ='Data Tables (M) cb_zip'!V8-'Data Tables (M) no_cb_zip'!V8 -> 0
A9: ='Data Tables (M) no_cb_zip'!A9 -> Weighted LTV | B9: ='Data Tables (M) cb_zip'!B9-'Data Tables (M) no_cb_zip'!B9 -> 0 | C9: ='Data Tables (M) cb_zip'!C9-'Data Tables (M) no_cb_zip'!C9 -> 0 | D9: ='Data Tables (M) cb_zip'!D9-'Data Tables (M) no_cb_zip'!D9 -> 0 | E9: ='Data Tables (M) cb_zip'!E9-'Data Tables (M) no_cb_zip'!E9 -> 0 | F9: ='Data Tables (M) cb_zip'!F9-'Data Tables (M) no_cb_zip'!F9 -> 0 | G9: ='Data Tables (M) cb_zip'!G9-'Data Tables (M) no_cb_zip'!G9 -> 0 | H9: ='Data Tables (M) cb_zip'!H9-'Data Tables (M) no_cb_zip'!H9 -> 0 | I9: ='Data Tables (M) cb_zip'!I9-'Data Tables (M) no_cb_zip'!I9 -> 0 | ... V9: ='Data Tables (M) cb_zip'!V9-'Data Tables (M) no_cb_zip'!V9 -> 0
A10: ='Data Tables (M) no_cb_zip'!A10 -> Weighted APR | B10: ='Data Tables (M) cb_zip'!B10-'Data Tables (M) no_cb_zip'!B10 -> 0 | C10: ='Data Tables (M) cb_zip'!C10-'Data Tables (M) no_cb_zip'!C10 -> 0 | D10: ='Data Tables (M) cb_zip'!D10-'Data Tables (M) no_cb_zip'!D10 -> 0 | E10: ='Data Tables (M) cb_zip'!E10-'Data Tables (M) no_cb_zip'!E10 -> 0 | F10: ='Data Tables (M) cb_zip'!F10-'Data Tables (M) no_cb_zip'!F10 -> 0 | G10: ='Data Tables (M) cb_zip'!G10-'Data Tables (M) no_cb_zip'!G10 -> 0 | H10: ='Data Tables (M) cb_zip'!H10-'Data Tables (M) no_cb_zip'!H10 -> 0 | I10: ='Data Tables (M) cb_zip'!I10-'Data Tables (M) no_cb_zip'!I10 -> 0 | ... V10: ='Data Tables (M) cb_zip'!V10-'Data Tables (M) no_cb_zip'!V10 -> 0
A11: ='Data Tables (M) no_cb_zip'!A11 -> 0 | B11: ='Data Tables (M) cb_zip'!B11-'Data Tables (M) no_cb_zip'!B11 -> 0 | C11: ='Data Tables (M) cb_zip'!C11-'Data Tables (M) no_cb_zip'!C11 -> 0 | D11: ='Data Tables (M) cb_zip'!D11-'Data Tables (M) no_cb_zip'!D11 -> 0 | E11: ='Data Tables (M) cb_zip'!E11-'Data Tables (M) no_cb_zip'!E11 -> 0 | F11: ='Data Tables (M) cb_zip'!F11-'Data Tables (M) no_cb_zip'!F11 -> 0 | G11: ='Data Tables (M) cb_zip'!G11-'Data Tables (M) no_cb_zip'!G11 -> 0 | H11: ='Data Tables (M) cb_zip'!H11-'Data Tables (M) no_cb_zip'!H11 -> 0 | I11: ='Data Tables (M) cb_zip'!I11-'Data Tables (M) no_cb_zip'!I11 -> 0 | ... V11: ='Data Tables (M) cb_zip'!V11-'Data Tables (M) no_cb_zip'!V11 -> 0
A12: ='Data Tables (M) no_cb_zip'!A12 -> FRN | B12: ='Data Tables (M) cb_zip'!B12-'Data Tables (M) no_cb_zip'!B12 -> #VALUE! | C12: ='Data Tables (M) cb_zip'!C12-'Data Tables (M) no_cb_zip'!C12 -> #VALUE! | D12: ='Data Tables (M) cb_zip'!D12-'Data Tables (M) no_cb_zip'!D12 -> #VALUE! | E12: ='Data Tables (M) cb_zip'!E12-'Data Tables (M) no_cb_zip'!E12 -> #VALUE! | F12: ='Data Tables (M) cb_zip'!F12-'Data Tables (M) no_cb_zip'!F12 -> #VALUE! | G12: ='Data Tables (M) cb_zip'!G12-'Data Tables (M) no_cb_zip'!G12 -> #VALUE! | H12: ='Data Tables (M) cb_zip'!H12-'Data Tables (M) no_cb_zip'!H12 -> #VALUE! | I12: ='Data Tables (M) cb_zip'!I12-'Data Tables (M) no_cb_zip'!I12 -> #VALUE! | ... V12: ='Data Tables (M) cb_zip'!V12-'Data Tables (M) no_cb_zip'!V12 -> #VALUE!
A13: ='Data Tables (M) no_cb_zip'!A13 -> Model Score | B13: ='Data Tables (M) cb_zip'!B13-'Data Tables (M) no_cb_zip'!B13 -> 0 | C13: ='Data Tables (M) cb_zip'!C13-'Data Tables (M) no_cb_zip'!C13 -> 0 | D13: ='Data Tables (M) cb_zip'!D13-'Data Tables (M) no_cb_zip'!D13 -> 0 | E13: ='Data Tables (M) cb_zip'!E13-'Data Tables (M) no_cb_zip'!E13 -> 0 | F13: ='Data Tables (M) cb_zip'!F13-'Data Tables (M) no_cb_zip'!F13 -> 0 | G13: ='Data Tables (M) cb_zip'!G13-'Data Tables (M) no_cb_zip'!G13 -> 0 | H13: ='Data Tables (M) cb_zip'!H13-'Data Tables (M) no_cb_zip'!H13 -> 0 | I13: ='Data Tables (M) cb_zip'!I13-'Data Tables (M) no_cb_zip'!I13 -> 0 | ... V13: ='Data Tables (M) cb_zip'!V13-'Data Tables (M) no_cb_zip'!V13 -> 0
... A98: ='Data Tables (M) no_cb_zip'!A98 -> Weighted APR | B98: ='Data Tables (M) cb_zip'!B98-'Data Tables (M) no_cb_zip'!B98 -> 0 | C98: ='Data Tables (M) cb_zip'!C98-'Data Tables (M) no_cb_zip'!C98 -> 0 | D98: ='Data Tables (M) cb_zip'!D98-'Data Tables (M) no_cb_zip'!D98 -> 0 | E98: ='Data Tables (M) cb_zip'!E98-'Data Tables (M) no_cb_zip'!E98 -> 0 | F98: ='Data Tables (M) cb_zip'!F98-'Data Tables (M) no_cb_zip'!F98 -> 0 | G98: ='Data Tables (M) cb_zip'!G98-'Data Tables (M) no_cb_zip'!G98 -> 0 | H98: ='Data Tables (M) cb_zip'!H98-'Data Tables (M) no_cb_zip'!H98 -> 0 | I98: ='Data Tables (M) cb_zip'!I98-'Data Tables (M) no_cb_zip'!I98 -> 0 | ... V98: ='Data Tables (M) cb_zip'!V98-'Data Tables (M) no_cb_zip'!V98 -> 0

Sheet Data Tables (M) no_cb_zip
A1: AN | B1: 2025 M01 | C1: 2025 M02 | D1: 2025 M03 | E1: 2025 M04 | F1: 2025 M05 | G1: 2025 M06 | H1: 2025 M07 | I1: 2025 M08 | J1: 2025 M09 | K1: 2025 M10 | L1: 2025 M11 | M1: 2025 M12 | N1: 2026 M01 | O1: 2026 M02 | P1: 2026 M03 | Q1: 2026 M04 | R1: 2026 M05 | S1: 2026 M06 | T1: 2026 M07 | U1: 2026 M08 | V1: 2026 M09
A2: Model Score | B2: 136.8238 | C2: 137.05184 | D2: 136.62074 | E2: 137.56525 | F2: 138.3001 | G2: 138.20068 | H2: 138.46662 | I2: 138.33462 | J2: 138.84728 | K2: 138.8122 | L2: 138.99432 | M2: 140.30637 | N2: 140.39662 | O2: 140.16702 | P2: 140.29641 | Q2: 140.73976 | R2: 140.87262 | S2: 141.15513 | T2: 140.93325 | U2: 141.9218 | V2: 141.95806
A3: Expected Gross Loss Impact | B3: 0.55785235 | C3: 0.87069119 | D3: 0.38081665 | E3: 1.3033188 | F3: 1.6767168 | G3: 1.9788574 | H3: 1.9157073 | I3: 1.9506969 | J3: 1.7561283 | K3: 1.6741331 | L3: 1.4198064 | M3: 2.2280307 | N3: 2.3417241 | O3: 1.9532121 | P3: 1.7518468 | Q3: 2.293456 | R3: 2.3204666 | S3: 2.5124959 | T3: 2.6264213 | U3: 2.5779015 | V3: 2.888605
A4: Recovery Impact | B4: 1.953908 | C4: 0.41908549 | D4: 0.47268286 | E4: 1.1896257 | F4: 1.2900067 | G4: 1.9250016 | H4: 3.2162602 | I4: 2.397037 | J4: 2.3424597 | K4: 3.433878 | L4: 2.4518049 | M4: 2.4182781 | N4: 3.6744976 | O4: 2.0039217 | P4: 1.3437441 | Q4: 2.4963365 | R4: 3.846117 | S4: 3.177387 | T4: 3.473124 | U4: 3.7041319 | V4: 2.9069859
A5: LTV Impact | B5: 3.5477644 | C5: 3.4476912 | D5: 3.4831935 | E5: 3.9622565 | F5: 4.3794468 | G5: 3.8948186 | H5: 3.6808772 | I5: 3.9114945 | J5: 4.276292 | K5: 4.7198108 | L5: 4.0870223 | M5: 3.8974914 | N5: 3.8620431 | O5: 4.2823007 | P5: 4.3673661 | Q5: 3.7309076 | R5: 4.5859825 | S5: 4.1143036 | T5: 4.3268183 | U5: 3.9855194 | V5: 4.0751839
A6: APR Impact | B6: 0.013529432 | C6: -0.27298122 | D6: -0.028373703 | E6: 0.27661665 | F6: 0.44710486 | G6: 0.43484576 | H6: 0.67828337 | I6: 0.56777665 | J6: 0.85284911 | K6: 0.62903513 | L6: 0.43625937 | M6: 0.55781854 | N6: 0.68336776 | O6: 0.42747144 | P6: 0.5893034 | Q6: 0.90291096 | R6: 1.4356481 | S6: 1.5235799 | T6: 1.6076206 | U6: 1.3028677 | V6: 1.2154045
A7: RAGU Score | B7: 142.89686 | C7: 141.51633 | D7: 140.92906 | E7: 144.29707 | F7: 146.09337 | G7: 146.4342 | H7: 147.95775 | I7: 147.16162 | J7: 148.07501 | K7: 149.26906 | L7: 147.38922 | M7: 149.40799 | N7: 150.95825 | O7: 148.83393 | P7: 148.34867 | Q7: 150.16337 | R7: 153.06083 | S7: 152.4829 | T7: 152.96724 | U7: 153.49222 | V7: 153.04424
A8: Amount Financed | B8: 13880285 | C8: 14774078 | D8: 26986686 | E8: 20849411 | F8: 20015885 | G8: 16944617 | H8: 17583715 | I8: 17009856 | J8: 16644481 | K8: 14256427 | L8: 11610681 | M8: 13454665 | N8: 13296244 | O8: 15280721 | P8: 24336516 | Q8: 20661230 | R8: 22261812 | S8: 23382324 | T8: 25967503 | U8: 19891359 | V8: 15694851
A9: Weighted LTV | B9: 1.6050408 | C9: 1.612896 | D9: 1.6101005 | E9: 1.5733039 | F9: 1.5426031 | G9: 1.5783817 | H9: 1.5947099 | I9: 1.577123 | J9: 1.5500821 | K9: 1.5184294 | L9: 1.5639951 | M9: 1.5781799 | N9: 1.5808615 | O9: 1.5496445 | P9: 1.5434752 | Q9: 1.5908614 | R9: 1.5278434 | S9: 1.5619743 | T9: 1.5464098 | U9: 1.5715599 | V9: 1.5648736
A10: Weighted APR | B10: 0.24980672 | C10: 0.25389973 | D10: 0.25040534 | E10: 0.24604833 | F10: 0.24361279 | G10: 0.24378792 | H10: 0.24031024 | I10: 0.24188891 | J10: 0.23781644 | K10: 0.24101378 | L10: 0.24376772 | M10: 0.24203116 | N10: 0.2402376 | O10: 0.24389327 | P10: 0.24158138 | Q10: 0.23710127 | R10: 0.22949074 | S10: 0.22823457 | T10: 0.22703399 | U10: 0.2313876 | V10: 0.23263708
A12: FRN | B12: 2025 M01 | C12: 2025 M02 | D12: 2025 M03 | E12: 2025 M04 | F12: 2025 M05 | G12: 2025 M06 | H12: 2025 M07 | I12: 2025 M08 | J12: 2025 M09 | K12: 2025 M10 | L12: 2025 M11 | M12: 2025 M12 | N12: 2026 M01 | O12: 2026 M02 | P12: 2026 M03 | Q12: 2026 M04 | R12: 2026 M05 | S12: 2026 M06 | T12: 2026 M07 | U12: 2026 M08 | V12: 2026 M09
A13: Model Score | B13: 139.70466 | C13: 140.03934 | D13: 139.75818 | E13: 140.29098 | F13: 140.83949 | G13: 140.68426 | H13: 140.85961 | I13: 140.67207 | J13: 141.28166 | K13: 141.57876 | L13: 141.49384 | M13: 142.15471 | N13: 142.79799 | O13: 142.81556 | P13: 142.76467 | Q13: 143.1151 | R13: 142.88262 | S13: 143.30723 | T13: 143.79752 | U13: 143.58337 | V13: 143.59839
A14: Expected Gross Loss Impact | B14: -0.26298515 | C14: -0.43001273 | D14: -0.49354165 | E14: -0.15548746 | F14: 0.45646367 | G14: 0.77557929 | H14: 0.19239147 | I14: 0.8738834 | J14: 1.4040518 | K14: 1.5913292 | L14: 1.4687983 | M14: 1.7678712 | N14: 1.7703835 | O14: 1.5553544 | P14: 1.7556265 | Q14: 1.9521472 | R14: 2.1719948 | S14: 2.0400762 | T14: 2.3360256 | U14: 2.1411319 | V14: 2.3780367
A15: Recovery Impact | B15: 1.6326554 | C15: 1.157952 | D15: 1.3410687 | E15: 1.4564172 | F15: 1.5649062 | G15: 2.1596328 | H15: 2.1576305 | I15: 2.3897556 | J15: 2.6797897 | K15: 3.7587438 | L15: 3.5289428 | M15: 4.1047376 | N15: 3.6239781 | O15: 2.6600011 | P15: 2.2875907 | Q15: 2.5217452 | R15: 3.0902368 | S15: 2.699311 | T15: 2.5960611 | U15: 2.7856168 | V15: 3.2103322
A16: LTV Impact | B16: 5.1363095 | C16: 4.8367189 | D16: 5.2638062 | E16: 5.7249215 | F16: 6.0771583 | G16: 6.3727286 | H16: 6.0218014 | I16: 6.0084558 | J16: 6.3884775 | K16: 6.3013327 | L16: 6.1758518 | M16: 5.6586498 | N16: 5.5458849 | O16: 4.7355345 | P16: 5.0156904 | Q16: 5.0782548 | R16: 5.0288466 | S16: 4.9238666 | T16: 4.7524702 | U16: 4.8406008 | V16: 5.00121
A17: APR Impact | B17: -0.46693652 | C17: -0.5772574 | D17: -0.45220041 | E17: -0.4388664 | F17: -0.38831229 | G17: -0.35601355 | H17: -0.35364494 | I17: -0.45726211 | J17: -0.65907718 | K17: -0.58621544 | L17: -0.50735242 | M17: -0.54536463 | N17: -0.44666112 | O17: -0.44745465 | P17: -0.31545524 | Q17: -0.29322249 | R17: -0.24132865 | S17: -0.49691876 | T17: -0.36244858 | U17: -0.51156446 | V17: -0.40678783
A18: RAGU Score | B18: 145.74371 | C18: 145.02674 | D18: 145.41732 | E18: 146.87797 | F18: 148.5497 | G18: 149.63619 | H18: 148.87779 | I18: 149.4869 | J18: 151.0949 | K18: 152.64395 | L18: 152.16008 | M18: 153.14061 | N18: 153.29157 | O18: 151.31899 | P18: 151.50812 | Q18: 152.37402 | R18: 152.93237 | S18: 152.47356 | T18: 153.11963 | U18: 152.83915 | V18: 153.78118
A19: Amount Financed | B19: 46583212 | C19: 44395004 | D19: 82514330 | E19: 64333408 | F19: 58631919 | G19: 54065072 | H19: 57213498 | I19: 48510745 | J19: 44347400 | K19: 42795868 | L19: 33173999 | M19: 39734134 | N19: 35860313 | O19: 45446165 | P19: 80134279 | Q19: 62030567 | R19: 57906818 | S19: 51136838 | T19: 43767001 | U19: 39670224 | V19: 35393746
A20: Weighted LTV | B20: 1.4898599 | C20: 1.5103002 | D20: 1.481328 | E20: 1.4512701 | F20: 1.4291188 | G20: 1.4110462 | H20: 1.4325551 | I20: 1.4333861 | J20: 1.4100961 | K20: 1.4153697 | L20: 1.4230329 | M20: 1.4555148 | N20: 1.4627947 | O20: 1.517331 | P20: 1.4980225 | Q20: 1.4937775 | R20: 1.4971279 | S20: 1.5042967 | T20: 1.5161496 | U20: 1.5100317 | V20: 1.4990085
A21: Weighted APR | B21: 0.25667052 | C21: 0.25824653 | D21: 0.25646001 | E21: 0.25626952 | F21: 0.25554732 | G21: 0.25508591 | H21: 0.25505207 | I21: 0.25653232 | J21: 0.25941539 | K21: 0.25837451 | L21: 0.25724789 | M21: 0.25779092 | N21: 0.25638087 | O21: 0.25639221 | P21: 0.2545065 | Q21: 0.25418889 | R21: 0.25344755 | S21: 0.25709884 | T21: 0.25517784 | U21: 0.25730806 | V21: 0.25581125
A23: STG | B23: 2025 M01 | C23: 2025 M02 | D23: 2025 M03 | E23: 2025 M04 | F23: 2025 M05 | G23: 2025 M06 | H23: 2025 M07 | I23: 2025 M08 | J23: 2025 M09 | K23: 2025 M10 | L23: 2025 M11 | M23: 2025 M12 | N23: 2026 M01 | O23: 2026 M02 | P23: 2026 M03 | Q23: 2026 M04 | R23: 2026 M05 | S23: 2026 M06 | T23: 2026 M07 | U23: 2026 M08 | V23: 2026 M09
A24: Model Score | B24: 136.76546 | C24: 136.49588 | D24: 136.63459 | E24: 137.44887 | F24: 137.91026 | G24: 138.37186 | H24: 138.44857 | I24: 138.18615 | J24: 138.96646 | K24: 139.13507 | L24: 139.52681 | M24: 141.36722 | N24: 141.59339 | O24: 140.87523 | P24: 140.75014 | Q24: 141.03059 | R24: 141.28067 | S24: 141.15557 | T24: 141.23072 | U24: 141.42943 | V24: 141.49211
A25: Expected Gross Loss Impact | B25: 1.3365267 | C25: 1.0233334 | D25: 0.64271388 | E25: 0.90645627 | F25: 1.0795187 | G25: 1.459519 | H25: 1.1341155 | I25: 1.1236529 | J25: 1.4803614 | K25: 1.3663454 | L25: 1.6095516 | M25: 1.872068 | N25: 2.0019252 | O25: 2.0085233 | P25: 1.6930453 | Q25: 2.0663337 | R25: 2.1800264 | S25: 2.0047103 | T25: 1.9234581 | U25: 2.0630449 | V25: 2.0724193
A26: Recovery Impact | B26: 2.145526 | C26: 2.0275598 | D26: 1.7495365 | E26: 2.3582795 | F26: 2.7929868 | G26: 2.9743203 | H26: 3.0667458 | I26: 2.3506085 | J26: 3.0930983 | K26: 3.8725987 | L26: 3.9989993 | M26: 4.0973073 | N26: 4.176602 | O26: 2.9473374 | P26: 3.087384 | Q26: 3.5227415 | R26: 4.6197845 | S26: 4.2760984 | T26: 3.9834902 | U26: 3.9722574 | V26: 4.4960915
A27: LTV Impact | B27: 5.3015084 | C27: 4.8202722 | D27: 5.3288944 | E27: 5.5588189 | F27: 6.2148109 | G27: 6.5402373 | H27: 5.7277696 | I27: 6.001373 | J27: 6.2080411 | K27: 6.789336 | L27: 5.9907228 | M27: 5.7387811 | N27: 5.1065572 | O27: 5.348444 | P27: 5.2172521 | Q27: 5.3905287 | R27: 5.7781771 | S27: 5.1683993 | T27: 5.1585567 | U27: 5.0759836 | V27: 5.1743057
A28: APR Impact | B28: 0.069451917 | C28: -0.12280433 | D28: 0.032127973 | E28: 0.24756094 | F28: 0.29488002 | G28: 0.40626854 | H28: 0.30480541 | I28: 0.11650396 | J28: 0.33420422 | K28: 0.42436823 | L28: 0.33334888 | M28: 0.60775068 | N28: 0.84333886 | O28: 0.53073501 | P28: 0.77593181 | Q28: 0.77318014 | R28: 1.0975092 | S28: 0.94639933 | T28: 1.0247001 | U28: 0.84369476 | V28: 1.0249065
A29: RAGU Score | B29: 145.61847 | C29: 144.24424 | D29: 144.38786 | E29: 146.51999 | F29: 148.29246 | G29: 149.7522 | H29: 148.68201 | I29: 147.77829 | J29: 150.08217 | K29: 151.58772 | L29: 151.45943 | M29: 153.68313 | N29: 153.72181 | O29: 151.71027 | P29: 151.52375 | Q29: 152.78338 | R29: 154.95617 | S29: 153.55118 | T29: 153.32092 | U29: 153.38441 | V29: 154.25984
A30: Amount Financed | B30: 29218296 | C30: 28704211 | D30: 50946629 | E30: 43605841 | F30: 37502657 | G30: 34131041 | H30: 33269283 | I30: 29007288 | J30: 27004751 | K30: 28852206 | L30: 19064751 | M30: 22918901 | N30: 23856936 | O30: 30556521 | P30: 52672959 | Q30: 41738203 | R30: 38774211 | S30: 38016709 | T30: 39889591 | U30: 34101717 | V30: 29811199
A31: Weighted LTV | B31: 1.4788237 | C31: 1.5114385 | D31: 1.47701 | E31: 1.461956 | F31: 1.4206448 | G31: 1.4010054 | H31: 1.4510883 | I31: 1.4338274 | J31: 1.4210592 | K31: 1.3863355 | L31: 1.4344917 | M31: 1.4503856 | N31: 1.491865 | O31: 1.475718 | P31: 1.484432 | Q31: 1.4729442 | R31: 1.4478771 | S31: 1.4877033 | T31: 1.4883641 | U31: 1.4939312 | V31: 1.487307
A32: Weighted APR | B32: 0.24900783 | C32: 0.25175435 | D32: 0.24954103 | E32: 0.24646342 | F32: 0.24578743 | G32: 0.24419616 | H32: 0.24564564 | I32: 0.24833566 | J32: 0.24522565 | K32: 0.2439376 | L32: 0.24523787 | M32: 0.24131785 | N32: 0.2379523 | O32: 0.24241807 | P32: 0.23891526 | Q32: 0.23895457 | R32: 0.2343213 | S32: 0.23648001 | T32: 0.23536143 | U32: 0.23794722 | V32: 0.23535848
A34: FLD | B34: 2025 M01 | C34: 2025 M02 | D34: 2025 M03 | E34: 2025 M04 | F34: 2025 M05 | G34: 2025 M06 | H34: 2025 M07 | I34: 2025 M08 | J34: 2025 M09 | K34: 2025 M10 | L34: 2025 M11 | M34: 2025 M12 | N34: 2026 M01 | O34: 2026 M02 | P34: 2026 M03 | Q34: 2026 M04 | R34: 2026 M05 | S34: 2026 M06 | T34: 2026 M07 | U34: 2026 M08 | V34: 2026 M09
A35: Model Score | B35: 136.2976 | C35: 136.46221 | D35: 136.9609 | E35: 138.18726 | F35: 138.63591 | G35: 138.10457 | H35: 138.48578 | I35: 137.63944 | J35: 137.98696 | K35: 137.87612 | L35: 138.54181 | M35: 140.28364 | N35: 140.94091 | O35: 140.84271 | P35: 141.11749 | Q35: 141.54083 | R35: 141.70634 | S35: 142.3425 | T35: 142.27061 | U35: 142.64297 | V35: 143.71255
A36: Expected Gross Loss Impact | B36: 2.1076187 | C36: 2.0876088 | D36: 1.2759575 | E36: 1.0643445 | F36: 1.71905 | G36: 2.0219706 | H36: 1.8917677 | I36: 2.1150528 | J36: 2.3568789 | K36: 0.93627023 | L36: 0.73795448 | M36: 1.2803975 | N36: 1.8664443 | O36: 1.7027256 | P36: 1.5026081 | Q36: 1.7161812 | R36: 1.8113524 | S36: 2.1747603 | T36: 1.8040423 | U36: 2.4820115 | V36: 2.8712771
A37: Recovery Impact | B37: 3.2554887 | C37: 3.3114692 | D37: 1.4026645 | E37: 1.3577027 | F37: 1.3773427 | G37: 2.3604875 | H37: 2.8152711 | I37: 1.773004 | J37: 2.5443849 | K37: 2.6374983 | L37: 2.6488656 | M37: 3.0448745 | N37: 1.5866242 | O37: 1.2551898 | P37: 0.82831143 | Q37: 0.54943106 | R37: 0.53093478 | S37: 0.10533617 | T37: -0.2682555 | U37: 0.3271813 | V37: 0.126663
A38: LTV Impact | B38: 1.0735581 | C38: 0.7139736 | D38: 0.78916719 | E38: 0.28920705 | F38: 0.36002738 | G38: 0.54372532 | H38: 0.3541802 | I38: 0.36738063 | J38: 0.46839752 | K38: 0.59282752 | L38: 0.60689818 | M38: 0.11156115 | N38: -0.46516191 | O38: -0.0084071442 | P38: -0.23226849 | Q38: -0.49702664 | R38: -0.28875864 | S38: -0.27323098 | T38: -0.7888476 | U38: -0.49384743 | V38: -0.88216324
A39: APR Impact | B39: -0.46572002 | C39: -0.29866479 | D39: -0.51036508 | E39: -0.47089861 | F39: -0.51269778 | G39: -0.5698639 | H39: -0.65552913 | I39: -0.45399754 | J39: -0.46232864 | K39: -0.50882925 | L39: -0.39948753 | M39: -0.54869921 | N39: -0.57764165 | O39: -0.48232709 | P39: -0.2946618 | Q39: -0.17645223 | R39: -0.44047774 | S39: -0.29349784 | T39: -0.50199294 | U39: -0.64271541 | V39: -0.63535937
A40: RAGU Score | B40: 142.26855 | C40: 142.2766 | D40: 139.91833 | E40: 140.42761 | F40: 141.57963 | G40: 142.46089 | H40: 142.89147 | I40: 141.44088 | J40: 142.89429 | K40: 141.53389 | L40: 142.13604 | M40: 144.17178 | N40: 143.35117 | O40: 143.30989 | P40: 142.92148 | Q40: 143.13297 | R40: 143.31939 | S40: 144.05586 | T40: 142.51556 | U40: 144.3156 | V40: 145.19297
A41: Amount Financed | B41: 10338839 | C41: 11583637 | D41: 21544150 | E41: 14690858 | F41: 13097760 | G41: 12138090 | H41: 12341721 | I41: 14023961 | J41: 16268242 | K41: 16171909 | L41: 13413464 | M41: 13425760 | N41: 12367358 | O41: 19125484 | P41: 30391574 | Q41: 20947460 | R41: 17281542 | S41: 14943408 | T41: 14633500 | U41: 9744764.8 | V41: 9028399.8
A42: Weighted LTV | B42: 1.3638709 | C42: 1.3915568 | D42: 1.3856748 | E42: 1.425745 | F42: 1.4199286 | G42: 1.4050608 | H42: 1.4204071 | I42: 1.4193274 | J42: 1.4111197 | K42: 1.4011392 | L42: 1.4000195 | M42: 1.4405465 | N42: 1.4907917 | O42: 1.4507174 | P42: 1.4700856 | Q42: 1.4936702 | R42: 1.475055 | S42: 1.4736857 | T42: 1.5205582 | U42: 1.4933825 | V42: 1.5293616
A43: Weighted APR | B43: 0.24165314 | C43: 0.23926664 | D43: 0.24229093 | E43: 0.24172712 | F43: 0.24232425 | G43: 0.24314091 | H43: 0.2443647 | I43: 0.24148568 | J43: 0.24160469 | K43: 0.24226899 | L43: 0.24070696 | M43: 0.24283856 | N43: 0.24325202 | O43: 0.24189039 | P43: 0.23920945 | Q43: 0.23752075 | R43: 0.24129254 | S43: 0.23919283 | T43: 0.24217133 | U43: 0.24418165 | V43: 0.24407656
A45: ENT | B45: 2025 M01 | C45: 2025 M02 | D45: 2025 M03 | E45: 2025 M04 | F45: 2025 M05 | G45: 2025 M06 | H45: 2025 M07 | I45: 2025 M08 | J45: 2025 M09 | K45: 2025 M10 | L45: 2025 M11 | M45: 2025 M12 | N45: 2026 M01 | O45: 2026 M02 | P45: 2026 M03 | Q45: 2026 M04 | R45: 2026 M05 | S45: 2026 M06 | T45: 2026 M07 | U45: 2026 M08 | V45: 2026 M09
A46: Model Score | B46: 134.36428 | C46: 134.03043 | D46: 135.01082 | E46: 136.09272 | F46: 136.3706 | G46: 136.89238 | H46: 137.17728 | I46: 137.0044 | J46: 136.79689 | K46: 136.93947 | L46: 136.8522 | M46: 137.94896 | N46: 139.55114 | O46: 139.65037 | P46: 140.14787 | Q46: 140.4933 | R46: 141.89147 | S46: 144.07453 | T46: 144.79108 | U46: 145.56698 | V46: 145.84196
A47: Expected Gross Loss Impact | B47: -1.4889882 | C47: -1.7793892 | D47: -2.2994817 | E47: -1.4877137 | F47: -0.90823162 | G47: -0.44145156 | H47: -0.86459033 | I47: -1.4513037 | J47: -1.3172835 | K47: -0.72511012 | L47: -0.39133264 | M47: -0.28482662 | N47: 0.11516321 | O47: -0.26836329 | P47: -0.84366685 | Q47: -0.63888638 | R47: -0.70339437 | S47: -0.58577529 | T47: -0.54806112 | U47: -0.31290701 | V47: -0.14437999
A48: Recovery Impact | B48: 4.1316664 | C48: 4.5813528 | D48: 3.4586991 | E48: 2.4418998 | F48: 2.9285196 | G48: 3.0571551 | H48: 3.0030849 | I48: 2.8654819 | J48: 3.0200256 | K48: 3.6012755 | L48: 3.9165383 | M48: 4.5399484 | N48: 3.1690599 | O48: 3.1797814 | P48: 2.7855173 | Q48: 2.1785434 | R48: 1.1304909 | S48: 0.54577108 | T48: -0.32530796 | U48: -1.3328534 | V48: -1.4047229
A49: LTV Impact | B49: 1.2218517 | C49: 1.4029964 | D49: 1.7532831 | E49: 1.7897202 | F49: 2.0378066 | G49: 1.9885428 | H49: 1.8775046 | I49: 1.839564 | J49: 1.8291413 | K49: 1.9111548 | L49: 1.8018752 | M49: 1.2718203 | N49: 1.2385118 | O49: 1.3617837 | P49: 1.7799352 | Q49: 1.8690893 | R49: 1.9610776 | S49: 1.4735546 | T49: 1.3475161 | U49: 1.6037157 | V49: 2.1874965
A50: APR Impact | B50: -0.19212613 | C50: -0.2191598 | D50: -0.26016235 | E50: -0.14361916 | F50: -0.17779438 | G50: -0.23404375 | H50: -0.24190846 | I50: -0.17073501 | J50: -0.16039279 | K50: -0.17358391 | L50: -0.10811275 | M50: -0.26644132 | N50: -0.10613987 | O50: -0.20228815 | P50: -0.16327198 | Q50: -0.10127412 | R50: -0.070917937 | S50: -0.11307278 | T50: -0.36425745 | U50: -0.39499603 | V50: -0.13926908
A51: RAGU Score | B51: 138.03669 | C51: 138.01623 | D51: 137.66316 | E51: 138.69301 | F51: 140.2509 | G51: 141.26258 | H51: 140.95137 | I51: 140.0874 | J51: 140.16838 | K51: 141.55321 | L51: 142.07117 | M51: 143.20946 | N51: 143.96774 | O51: 143.72129 | P51: 143.70639 | Q51: 143.80077 | R51: 144.20872 | S51: 145.39501 | T51: 144.90097 | U51: 145.12994 | V51: 146.34108
A52: Amount Financed | B52: 38477597 | C52: 41691975 | D52: 70978039 | E52: 53091559 | F52: 39710399 | G52: 37422827 | H52: 39053427 | I52: 33437035 | J52: 36195579 | K52: 38482420 | L52: 27220312 | M52: 25710349 | N52: 27176409 | O52: 26545115 | P52: 42828166 | Q52: 26319310 | R52: 17392590 | S52: 16770444 | T52: 15961965 | U52: 13992729 | V52: 12512209
A53: Weighted LTV | B53: 1.3527714 | C53: 1.3394558 | D53: 1.3144365 | E53: 1.3118875 | F53: 1.294792 | G53: 1.2981512 | H53: 1.305787 | I53: 1.3084167 | J53: 1.309141 | K53: 1.3034635 | L53: 1.3110394 | M53: 1.3490719 | N53: 1.3515357 | O53: 1.3424622 | P53: 1.3125711 | Q53: 1.3063694 | R53: 1.3000316 | S53: 1.3343398 | T53: 1.3435061 | U53: 1.3250041 | V53: 1.2846908
A54: Weighted APR | B54: 0.23774466 | C54: 0.23813085 | D54: 0.2387166 | E54: 0.2370517 | F54: 0.23753992 | G54: 0.23834348 | H54: 0.23845584 | I54: 0.23743907 | J54: 0.23729133 | K54: 0.23747977 | L54: 0.23654447 | M54: 0.2388063 | N54: 0.23651628 | O54: 0.23788983 | P54: 0.23733246 | Q54: 0.23644677 | R54: 0.23601311 | S54: 0.23661533 | T54: 0.24020368 | U54: 0.2406428 | V54: 0.23698956
A56: KMX | B56: 2025 M01 | C56: 2025 M02 | D56: 2025 M03 | E56: 2025 M04 | F56: 2025 M05 | G56: 2025 M06 | H56: 2025 M07 | I56: 2025 M08 | J56: 2025 M09 | K56: 2025 M10 | L56: 2025 M11 | M56: 2025 M12 | N56: 2026 M01 | O56: 2026 M02 | P56: 2026 M03 | Q56: 2026 M04 | R56: 2026 M05 | S56: 2026 M06 | T56: 2026 M07 | U56: 2026 M08 | V56: 2026 M09
A57: Model Score | B57: 140.00187 | C57: 139.58231 | D57: 139.69243 | E57: 139.81186 | F57: 139.80737 | G57: 139.9904 | H57: 140.13812 | I57: 139.74642 | J57: 139.85273 | K57: 140.19002 | L57: 140.75185 | M57: 141.86308 | N57: 141.74661 | O57: 142.07629 | P57: 142.44616 | Q57: 142.91283 | R57: 142.98221 | S57: 142.94548 | T57: 143.29708 | U57: 143.92994 | V57: 143.90835
A58: Expected Gross Loss Impact | B58: 0.93976128 | C58: 0.51836653 | D58: 0.40900349 | E58: 1.4676936 | F58: 1.9116408 | G58: 1.9718056 | H58: 1.8548831 | I58: 0.95891655 | J58: 1.0424681 | K58: 1.5611555 | L58: 1.293023 | M58: 1.1413545 | N58: 0.76208033 | O58: 0.28401957 | P58: 0.1515401 | Q58: 0.41760444 | R58: 0.35776564 | S58: 0.16061237 | T58: 0.26844788 | U58: 0.40825004 | V58: 0.46085937
A59: Recovery Impact | B59: -0.5778116 | C59: -0.63186071 | D59: -0.44428777 | E59: -0.31753585 | F59: 0.28041783 | G59: 0.49185668 | H59: 0.54938004 | I59: 0.80246477 | J59: 0.57228721 | K59: 0.73900786 | L59: 0.65729963 | M59: 1.4515097 | N59: 1.0032435 | O59: 0.68947528 | P59: 0.81194331 | Q59: 1.1656433 | R59: 1.1084395 | S59: 0.57517055 | T59: 0.74446615 | U59: 0.84558621 | V59: 0.59604358
A60: LTV Impact | B60: -1.4528219 | C60: -0.52069733 | D60: -0.50989009 | E60: -0.21748691 | F60: -0.40627198 | G60: -0.3216659 | H60: -0.26176945 | I60: -0.4646267 | J60: -0.82327363 | K60: -0.66662769 | L60: -0.57158613 | M60: 0.56020399 | N60: 0.44021489 | O60: 0.56148115 | P60: 0.44007291 | Q60: 0.50463725 | R60: 1.259027 | S60: 1.4621637 | T60: 1.5308708 | U60: 1.0634793 | V60: 0.54716378
A61: APR Impact | B61: -0.25085867 | C61: -0.027053217 | D61: -0.051557951 | E61: 0.046935156 | F61: -0.078838869 | G61: -0.14408138 | H61: -0.09599115 | I61: -0.13568883 | J61: 0.29717057 | K61: 0.58871337 | L61: 0.66691099 | M61: 0.83227783 | N61: 0.25361585 | O61: 0.45468182 | P61: 0.60737728 | Q61: 0.64910294 | R61: 0.71842069 | S61: 0.72621559 | T61: 0.92298615 | U61: 1.0713142 | V61: 1.0493658
A62: RAGU Score | B62: 138.66014 | C62: 138.92107 | D62: 139.0957 | E62: 140.79146 | F62: 141.51432 | G62: 141.98831 | H62: 142.18463 | I62: 140.90748 | J62: 140.94138 | K62: 142.41227 | L62: 142.7975 | M62: 145.84842 | N62: 144.20576 | O62: 144.06595 | P62: 144.45709 | Q62: 145.64982 | R62: 146.42586 | S62: 145.86965 | T62: 146.76385 | U62: 147.31857 | V62: 146.56178
A63: Amount Financed | B63: 97266973 | C63: 1.4020984e+08 | D63: 2.0330962e+08 | E63: 1.3682959e+08 | F63: 1.2979234e+08 | G63: 1.1832683e+08 | H63: 1.190134e+08 | I63: 1.2339331e+08 | J63: 1.3620156e+08 | K63: 1.2020668e+08 | L63: 1.0400786e+08 | M63: 1.169552e+08 | N63: 1.3410935e+08 | O63: 1.6822519e+08 | P63: 2.5731174e+08 | Q63: 1.5746384e+08 | R63: 1.5865074e+08 | S63: 1.680805e+08 | T63: 1.6464876e+08 | U63: 1.6457684e+08 | V63: 1.377139e+08
A64: Weighted LTV | B64: 1.6835179 | C64: 1.6222984 | D64: 1.6216147 | E64: 1.6033328 | F64: 1.6150887 | G64: 1.6097989 | H64: 1.6060749 | I64: 1.6187575 | J64: 1.6416769 | K64: 1.631587 | L64: 1.6255255 | M64: 1.5566571 | N64: 1.5636805 | O64: 1.5565827 | P64: 1.5636889 | Q64: 1.5599018 | R64: 1.516974 | S64: 1.5058155 | T64: 1.5020784 | U64: 1.527873 | V64: 1.5574173
A65: Weighted APR | B65: 0.2523294 | C65: 0.25025121 | D65: 0.25047875 | E65: 0.24956417 | F65: 0.25073208 | G65: 0.2513379 | H65: 0.25089135 | I65: 0.25125997 | J65: 0.24724056 | K65: 0.24453338 | L65: 0.24380726 | M65: 0.24227171 | N65: 0.247645 | O65: 0.24577795 | P65: 0.24436007 | Q65: 0.24397262 | R65: 0.24332895 | S65: 0.24325657 | T65: 0.24142941 | U65: 0.24005208 | V65: 0.24025589
A67: Franchise Independent | B67: 2025 M01 | C67: 2025 M02 | D67: 2025 M03 | E67: 2025 M04 | F67: 2025 M05 | G67: 2025 M06 | H67: 2025 M07 | I67: 2025 M08 | J67: 2025 M09 | K67: 2025 M10 | L67: 2025 M11 | M67: 2025 M12 | N67: 2026 M01 | O67: 2026 M02 | P67: 2026 M03 | Q67: 2026 M04 | R67: 2026 M05 | S67: 2026 M06 | T67: 2026 M07 | U67: 2026 M08 | V67: 2026 M09
A68: Model Score | B68: 138.09409 | C68: 138.15625 | D68: 138.08739 | E68: 138.81573 | F68: 139.37298 | G68: 139.38547 | H68: 139.60066 | I68: 139.24972 | J68: 139.77934 | K68: 139.91505 | L68: 140.12036 | M68: 141.3948 | N68: 141.81844 | O68: 141.57025 | P68: 141.6116 | Q68: 141.95221 | R68: 141.94895 | S68: 142.15774 | T68: 142.19512 | U68: 142.46481 | V68: 142.62534
A69: Expected Gross Loss Impact | B69: 0.56322201 | C69: 0.47587758 | D69: 0.16366808 | E69: 0.50413686 | F69: 0.95417046 | G69: 1.2774727 | H69: 0.87844103 | I69: 1.2697098 | J69: 1.6286881 | K69: 1.435521 | L69: 1.3692868 | M69: 1.7905963 | N69: 1.9379689 | O69: 1.7613646 | P69: 1.6965553 | Q69: 1.9994373 | R69: 2.1527928 | S69: 2.1319689 | T69: 2.2016187 | U69: 2.2315197 | V69: 2.4153514
A70: Recovery Impact | B70: 1.9948056 | C70: 1.54999 | D70: 1.3339378 | E70: 1.6816328 | F70: 1.8596667 | G70: 2.3836152 | H70: 2.6308264 | I70: 2.3007567 | J70: 2.7118601 | K70: 3.5679148 | L70: 3.3302746 | M70: 3.6904734 | N70: 3.4911491 | O70: 2.4053743 | P70: 2.1532573 | Q70: 2.5213313 | R70: 3.3244503 | S70: 2.9531559 | T70: 2.8874247 | U70: 3.1219553 | V70: 3.2740325
A71: LTV Impact | B71: 4.5441641 | C71: 4.1454641 | D71: 4.4882817 | E71: 4.8617399 | F71: 5.2748226 | G71: 5.4601772 | H71: 5.0177788 | I71: 4.9491954 | J71: 5.080864 | K71: 5.3139909 | L71: 4.8494566 | M71: 4.5827039 | N71: 4.2902105 | O71: 4.0206687 | P71: 4.1376967 | Q71: 4.1730795 | R71: 4.4951633 | S71: 4.2390848 | T71: 4.1412934 | U71: 4.2510461 | V71: 4.3063101
A72: APR Impact | B72: -0.24344325 | C72: -0.36845111 | D72: -0.26065624 | E72: -0.1295605 | F72: -0.073306256 | G72: -0.042039085 | H72: -0.051958433 | I72: -0.14289675 | J72: -0.12975895 | K72: -0.11858358 | L72: -0.13938047 | M72: -0.084907435 | N72: 0.070793355 | O72: -0.061682987 | P72: 0.11186267 | Q72: 0.19976561 | R72: 0.3885389 | S72: 0.32795223 | T72: 0.47813224 | U72: 0.27203161 | V72: 0.3279868
A73: RAGU Score | B73: 144.95284 | C73: 143.95913 | D73: 143.81262 | E73: 145.73368 | F73: 147.38833 | G73: 148.4647 | H73: 148.07574 | I73: 147.62648 | J73: 149.07099 | K73: 150.11389 | L73: 149.53 | M73: 151.37366 | N73: 151.60856 | O73: 149.69598 | P73: 149.71098 | Q73: 150.84582 | R73: 152.3099 | S73: 151.8099 | T73: 151.90359 | U73: 152.34136 | V73: 152.94902
A74: Amount Financed | B74: 1.0002063e+08 | C74: 99456930 | D74: 1.819918e+08 | E74: 1.4347952e+08 | F74: 1.2924822e+08 | G74: 1.1727882e+08 | H74: 1.2040822e+08 | I74: 1.0855185e+08 | J74: 1.0426487e+08 | K74: 1.0207641e+08 | L74: 77262894 | M74: 89533459 | N74: 85380852 | O74: 1.1040889e+08 | P74: 1.8753533e+08 | Q74: 1.4537746e+08 | R74: 1.3622438e+08 | S74: 1.2747928e+08 | T74: 1.242576e+08 | U74: 1.0340806e+08 | V74: 89928195
A75: Weighted LTV | B75: 1.489597 | C75: 1.5120392 | D75: 1.4878909 | E75: 1.4696373 | F75: 1.4433033 | G75: 1.4316815 | H75: 1.4601109 | I75: 1.4542111 | J75: 1.4354421 | K75: 1.4193023 | L75: 1.4430482 | M75: 1.4703908 | N75: 1.4933592 | O75: 1.4987474 | P75: 1.4955764 | Q75: 1.5015784 | R75: 1.4853287 | S75: 1.5063392 | T75: 1.5140728 | U75: 1.5149886 | V75: 1.509672
A76: Weighted APR | B76: 0.25192725 | C76: 0.25351655 | D76: 0.25194796 | E76: 0.25031502 | F76: 0.24952716 | G76: 0.24904809 | H76: 0.24920478 | I76: 0.25010351 | J76: 0.24951328 | K76: 0.24931761 | L76: 0.24938703 | M76: 0.24896368 | N76: 0.24681593 | O76: 0.24828282 | P76: 0.24597109 | Q76: 0.24498485 | R76: 0.24254653 | S76: 0.24355663 | T76: 0.24140303 | U76: 0.24470029 | V76: 0.24380854
A78: nonKMX | B78: 2025 M01 | C78: 2025 M02 | D78: 2025 M03 | E78: 2025 M04 | F78: 2025 M05 | G78: 2025 M06 | H78: 2025 M07 | I78: 2025 M08 | J78: 2025 M09 | K78: 2025 M10 | L78: 2025 M11 | M78: 2025 M12 | N78: 2026 M01 | O78: 2026 M02 | P78: 2026 M03 | Q78: 2026 M04 | R78: 2026 M05 | S78: 2026 M06 | T78: 2026 M07 | U78: 2026 M08 | V78: 2026 M09
A79: Model Score | B79: 137.05787 | C79: 136.93759 | D79: 137.22417 | E79: 138.08028 | F79: 138.66733 | G79: 138.78238 | H79: 139.00715 | I79: 138.72096 | J79: 139.01078 | K79: 139.10039 | L79: 139.26893 | M79: 140.62605 | N79: 141.27101 | O79: 141.19813 | P79: 141.33947 | Q79: 141.72857 | R79: 141.94244 | S79: 142.38058 | T79: 142.49063 | U79: 142.83455 | V79: 143.01822
A80: Expected Gross Loss Impact | B80: -0.0069233094 | C80: -0.19027371 | D80: -0.52744018 | E80: -0.033838797 | F80: 0.5164495 | G80: 0.86165941 | H80: 0.45155876 | I80: 0.62893697 | J80: 0.86953386 | K80: 0.84397996 | L80: 0.91060434 | M80: 1.3275793 | N80: 1.4978612 | O80: 1.3679525 | P80: 1.2242883 | Q80: 1.59501 | R80: 1.8294139 | S80: 1.8160045 | T80: 1.8886075 | U80: 1.9282554 | V80: 2.1027024
A81: Recovery Impact | B81: 2.5884686 | C81: 2.4453813 | D81: 1.9301013 | E81: 1.886972 | F81: 2.1108795 | G81: 2.5465466 | H81: 2.7219955 | I81: 2.4337441 | J81: 2.791272 | K81: 3.5770483 | L81: 3.48301 | M81: 3.8799872 | N81: 3.4133822 | O81: 2.5554738 | P81: 2.2708043 | Q81: 2.4687856 | R81: 3.0760491 | S81: 2.6732739 | T81: 2.5217016 | U81: 2.590997 | V81: 2.702563
A82: LTV Impact | B82: 3.6211588 | C82: 3.3354054 | D82: 3.7208983 | E82: 4.0320232 | F82: 4.5140257 | G82: 4.6203776 | H82: 4.2487006 | I82: 4.2169067 | J82: 4.24292 | K82: 4.382357 | L82: 4.0554906 | M82: 3.8440614 | N82: 3.5533925 | O82: 3.5053102 | P82: 3.6993521 | Q82: 3.819902 | R82: 4.2082529 | S82: 3.9175649 | T82: 3.8232623 | U82: 3.9355169 | V82: 4.0475153
A83: APR Impact | B83: -0.22918632 | C83: -0.32435407 | D83: -0.26051766 | E83: -0.13335758 | F83: -0.097864135 | G83: -0.088485632 | H83: -0.098478708 | I83: -0.14945239 | J83: -0.13765306 | K83: -0.13364166 | L83: -0.1312345 | M83: -0.12540679 | N83: 0.02807368 | O83: -0.088935787 | P83: 0.060710845 | Q83: 0.15361938 | R83: 0.33651897 | S83: 0.27667875 | T83: 0.38223838 | U83: 0.19253013 | V83: 0.27091553
A84: RAGU Score | B84: 143.03139 | C84: 142.20374 | D84: 142.08721 | E84: 143.83208 | F84: 145.71082 | G84: 146.72248 | H84: 146.33093 | I84: 145.8511 | J84: 146.77686 | K84: 147.77013 | L84: 147.5868 | M84: 149.55227 | N84: 149.76372 | O84: 148.53793 | P84: 148.59463 | Q84: 149.76589 | R84: 151.39268 | S84: 151.0641 | T84: 151.10644 | U84: 151.48185 | V84: 152.14192
A85: Amount Financed | B85: 1.3849823e+08 | C85: 1.411489e+08 | D85: 2.5296983e+08 | E85: 1.9657108e+08 | F85: 1.6895862e+08 | G85: 1.5470165e+08 | H85: 1.5946164e+08 | I85: 1.4198888e+08 | J85: 1.4046045e+08 | K85: 1.4055883e+08 | L85: 1.0448321e+08 | M85: 1.1524381e+08 | N85: 1.1255726e+08 | O85: 1.3695401e+08 | P85: 2.3036349e+08 | Q85: 1.7169677e+08 | R85: 1.5361697e+08 | S85: 1.4424972e+08 | T85: 1.4021956e+08 | U85: 1.1740079e+08 | V85: 1.024404e+08
A86: Weighted LTV | B86: 1.4515841 | C86: 1.4610622 | D86: 1.4392232 | E86: 1.4270309 | F86: 1.4083986 | G86: 1.3993801 | H86: 1.4223157 | I86: 1.4198779 | J86: 1.4028953 | K86: 1.3875878 | L86: 1.4086568 | M86: 1.4433251 | N86: 1.4591166 | O86: 1.4684554 | P86: 1.4615528 | Q86: 1.4716549 | R86: 1.4643493 | S86: 1.4863426 | T86: 1.4946563 | U86: 1.4923448 | V86: 1.4821925
A87: Weighted APR | B87: 0.24798704 | C87: 0.24897199 | D87: 0.24823552 | E87: 0.24673275 | F87: 0.2467098 | G87: 0.24645861 | H87: 0.24657228 | I87: 0.24712116 | J87: 0.24636378 | K87: 0.24607663 | L87: 0.24604124 | M87: 0.24669762 | N87: 0.24432913 | O87: 0.2462684 | P87: 0.24436504 | Q87: 0.24367606 | R87: 0.24180681 | S87: 0.24274964 | T87: 0.2412665 | U87: 0.24421669 | V87: 0.24297566
A89: POS | B89: 2025 M01 | C89: 2025 M02 | D89: 2025 M03 | E89: 2025 M04 | F89: 2025 M05 | G89: 2025 M06 | H89: 2025 M07 | I89: 2025 M08 | J89: 2025 M09 | K89: 2025 M10 | L89: 2025 M11 | M89: 2025 M12 | N89: 2026 M01 | O89: 2026 M02 | P89: 2026 M03 | Q89: 2026 M04 | R89: 2026 M05 | S89: 2026 M06 | T89: 2026 M07 | U89: 2026 M08 | V89: 2026 M09
A90: Model Score | B90: 138.27245 | C90: 138.25554 | D90: 138.32398 | E90: 138.79093 | F90: 139.16262 | G90: 139.30592 | H90: 139.4905 | I90: 139.19776 | J90: 139.42527 | K90: 139.60268 | L90: 140.0087 | M90: 141.24912 | N90: 141.52959 | O90: 141.6822 | P90: 141.92339 | Q90: 142.2951 | R90: 142.47071 | S90: 142.68458 | T90: 142.92617 | U90: 143.47388 | V90: 143.52866
A91: Expected Gross Loss Impact | B91: 0.3836396 | C91: 0.16286383 | D91: -0.11017834 | E91: 0.58239894 | F91: 1.1225903 | G91: 1.3427817 | H91: 1.0513051 | I91: 0.78236578 | J91: 0.9546699 | K91: 1.1745808 | L91: 1.1013777 | M91: 1.2337806 | N91: 1.097827 | O91: 0.77045168 | P91: 0.65827495 | Q91: 1.0317628 | R91: 1.0817282 | S91: 0.92515528 | T91: 1.0136157 | U91: 1.0411011 | V91: 1.1612052
A92: Recovery Impact | B92: 1.2821923 | C92: 0.9118956 | D92: 0.87211781 | E92: 0.98222904 | F92: 1.3156355 | G92: 1.656072 | H92: 1.793473 | I92: 1.6752571 | J92: 1.6988589 | K92: 2.2687794 | L92: 2.073376 | M92: 2.656799 | N92: 2.1030219 | O92: 1.5268717 | P92: 1.5010665 | Q92: 1.8453884 | R92: 2.0763854 | S92: 1.5441796 | T92: 1.5618786 | U92: 1.5722843 | V92: 1.4946021
A93: LTV Impact | B93: 1.5278442 | C93: 1.4137891 | D93: 1.8357379 | E93: 2.2879993 | F93: 2.3764026 | G93: 2.4785631 | H93: 2.3210364 | I93: 2.0401596 | J93: 1.7488173 | K93: 2.0548955 | L93: 1.7472269 | M93: 2.1900311 | N93: 1.8607993 | O93: 1.8825712 | P93: 1.9796609 | Q93: 2.2339458 | R93: 2.7098692 | S93: 2.5961908 | T93: 2.5852215 | U93: 2.2592461 | V93: 2.0402764
A94: APR Impact | B94: -0.23812743 | C94: -0.17619978 | D94: -0.16740911 | E94: -0.059364382 | F94: -0.089598609 | G94: -0.11258007 | H94: -0.097415587 | I94: -0.14305282 | J94: 0.076411951 | K94: 0.19934678 | L94: 0.26692839 | M94: 0.35696477 | N94: 0.15069795 | O94: 0.2107248 | P94: 0.34914807 | Q94: 0.39064879 | R94: 0.53054796 | S94: 0.51859699 | T94: 0.67427742 | U94: 0.7054343 | V94: 0.71730947
A95: RAGU Score | B95: 141.22799 | C95: 140.56789 | D95: 140.75425 | E95: 142.58419 | F95: 143.88765 | G95: 144.67076 | H95: 144.5589 | I95: 143.55249 | J95: 143.90403 | K95: 145.30029 | L95: 145.19761 | M95: 147.6867 | N95: 146.74193 | O95: 146.07282 | P95: 146.41154 | Q95: 147.79684 | R95: 148.86924 | S95: 148.26871 | T95: 148.76116 | U95: 149.05194 | V95: 148.94205
A96: Amount Financed | B96: 2.357652e+08 | C96: 2.8135875e+08 | D96: 4.5627945e+08 | E96: 3.3340067e+08 | F96: 2.9875096e+08 | G96: 2.7302847e+08 | H96: 2.7847504e+08 | I96: 2.653822e+08 | J96: 2.7666201e+08 | K96: 2.6076551e+08 | L96: 2.0849107e+08 | M96: 2.3219901e+08 | N96: 2.4666661e+08 | O96: 3.051792e+08 | P96: 4.8767523e+08 | Q96: 3.2916061e+08 | R96: 3.1226771e+08 | S96: 3.1233022e+08 | T96: 3.0486832e+08 | U96: 2.8197763e+08 | V96: 2.401543e+08
A97: Weighted LTV | B97: 1.5472704 | C97: 1.5414112 | D97: 1.5204934 | E97: 1.4993862 | F97: 1.4981951 | G97: 1.4905727 | H97: 1.5008499 | I97: 1.5123498 | J97: 1.5204482 | K97: 1.5000656 | L97: 1.5168439 | M97: 1.5004088 | N97: 1.5159666 | O97: 1.5170342 | P97: 1.5154428 | Q97: 1.5138705 | R97: 1.4910858 | S97: 1.4968219 | T97: 1.4986647 | U97: 1.5130809 | V97: 1.5253293
A98: Weighted APR | B98: 0.24977852 | C98: 0.24960946 | D98: 0.24923506 | E98: 0.24789478 | F98: 0.24845728 | G98: 0.24857323 | H98: 0.24841814 | I98: 0.24904556 | J98: 0.24679542 | K98: 0.24536523 | L98: 0.2449268 | M98: 0.24446835 | N98: 0.24613192 | O98: 0.24599805 | P98: 0.24436242 | Q98: 0.24381792 | R98: 0.24258015 | S98: 0.24302244 | T98: 0.24135448 | U98: 0.24178601 | V98: 0.24141604

Sheet Sheet2

Sheet Data Tables (M) cb_zip
A1: AN | B1: 2025 M01 | C1: 2025 M02 | D1: 2025 M03 | E1: 2025 M04 | F1: 2025 M05 | G1: 2025 M06 | H1: 2025 M07 | I1: 2025 M08 | J1: 2025 M09 | K1: 2025 M10 | L1: 2025 M11 | M1: 2025 M12 | N1: 2026 M01 | O1: 2026 M02 | P1: 2026 M03 | Q1: 2026 M04 | R1: 2026 M05 | S1: 2026 M06 | T1: 2026 M07 | U1: 2026 M08 | V1: 2026 M09
A2: Model Score | B2: 136.8238 | C2: 137.05184 | D2: 136.62074 | E2: 137.56525 | F2: 138.3001 | G2: 138.20068 | H2: 138.46662 | I2: 138.33462 | J2: 138.84728 | K2: 138.8122 | L2: 138.99432 | M2: 140.30637 | N2: 140.39662 | O2: 140.16702 | P2: 140.29641 | Q2: 140.73976 | R2: 140.87262 | S2: 141.15513 | T2: 140.93325 | U2: 141.9218 | V2: 141.95806
A3: Expected Gross Loss Impact | B3: 0.658651 | C3: 0.90990284 | D3: 0.4943183 | E3: 1.4204998 | F3: 1.7635856 | G3: 2.0577964 | H3: 1.8826712 | I3: 2.1242921 | J3: 2.0685196 | K3: 1.749286 | L3: 1.4429464 | M3: 2.297466 | N3: 2.456733 | O3: 1.9711656 | P3: 1.8026736 | Q3: 2.2639354 | R3: 2.3533041 | S3: 2.647665 | T3: 2.6668549 | U3: 2.561879 | V3: 2.9372639
A4: Recovery Impact | B4: 1.9553416 | C4: 0.41920464 | D4: 0.47307446 | E4: 1.1906296 | F4: 1.2908073 | G4: 1.9260857 | H4: 3.2155034 | I4: 2.4000032 | J4: 2.3476642 | K4: 3.4357149 | L4: 2.452209 | M4: 2.4194561 | N4: 3.6774583 | O4: 2.0041749 | P4: 1.3442249 | Q4: 2.4958212 | R4: 3.846999 | S4: 3.1803764 | T4: 3.4741022 | U4: 3.7037212 | V4: 2.9079624
A5: LTV Impact | B5: 3.5477644 | C5: 3.4476912 | D5: 3.4831935 | E5: 3.9622565 | F5: 4.3794468 | G5: 3.8948186 | H5: 3.6808772 | I5: 3.9114945 | J5: 4.276292 | K5: 4.7198108 | L5: 4.0870223 | M5: 3.8974914 | N5: 3.8620431 | O5: 4.2823007 | P5: 4.3673661 | Q5: 3.7309076 | R5: 4.5859825 | S5: 4.1143036 | T5: 4.3268183 | U5: 3.9855194 | V5: 4.0751839
A6: APR Impact | B6: 0.013529432 | C6: -0.27298122 | D6: -0.028373703 | E6: 0.27661665 | F6: 0.44710486 | G6: 0.43484576 | H6: 0.67828337 | I6: 0.56777665 | J6: 0.85284911 | K6: 0.62903513 | L6: 0.43625937 | M6: 0.55781854 | N6: 0.68336776 | O6: 0.42747144 | P6: 0.5893034 | Q6: 0.90291096 | R6: 1.4356481 | S6: 1.5235799 | T6: 1.6076206 | U6: 1.3028677 | V6: 1.2154045
A7: RAGU Score | B7: 142.99909 | C7: 141.55566 | D7: 141.04295 | E7: 144.41525 | F7: 146.18104 | G7: 146.51423 | H7: 147.92395 | I7: 147.33819 | J7: 148.3926 | K7: 149.34605 | L7: 147.41276 | M7: 149.4786 | N7: 151.07622 | O7: 148.85213 | P7: 148.39997 | Q7: 150.13334 | R7: 153.09455 | S7: 152.62105 | T7: 153.00865 | U7: 153.47579 | V7: 153.09387
A8: Amount Financed | B8: 13880285 | C8: 14774078 | D8: 26986686 | E8: 20849411 | F8: 20015885 | G8: 16944617 | H8: 17583715 | I8: 17009856 | J8: 16644481 | K8: 14256427 | L8: 11610681 | M8: 13454665 | N8: 13296244 | O8: 15280721 | P8: 24336516 | Q8: 20661230 | R8: 22261812 | S8: 23382324 | T8: 25967503 | U8: 19891359 | V8: 15694851
A9: Weighted LTV | B9: 1.6050408 | C9: 1.612896 | D9: 1.6101005 | E9: 1.5733039 | F9: 1.5426031 | G9: 1.5783817 | H9: 1.5947099 | I9: 1.577123 | J9: 1.5500821 | K9: 1.5184294 | L9: 1.5639951 | M9: 1.5781799 | N9: 1.5808615 | O9: 1.5496445 | P9: 1.5434752 | Q9: 1.5908614 | R9: 1.5278434 | S9: 1.5619743 | T9: 1.5464098 | U9: 1.5715599 | V9: 1.5648736
A10: Weighted APR | B10: 0.24980672 | C10: 0.25389973 | D10: 0.25040534 | E10: 0.24604833 | F10: 0.24361279 | G10: 0.24378792 | H10: 0.24031024 | I10: 0.24188891 | J10: 0.23781644 | K10: 0.24101378 | L10: 0.24376772 | M10: 0.24203116 | N10: 0.2402376 | O10: 0.24389327 | P10: 0.24158138 | Q10: 0.23710127 | R10: 0.22949074 | S10: 0.22823457 | T10: 0.22703399 | U10: 0.2313876 | V10: 0.23263708
A12: FRN | B12: 2025 M01 | C12: 2025 M02 | D12: 2025 M03 | E12: 2025 M04 | F12: 2025 M05 | G12: 2025 M06 | H12: 2025 M07 | I12: 2025 M08 | J12: 2025 M09 | K12: 2025 M10 | L12: 2025 M11 | M12: 2025 M12 | N12: 2026 M01 | O12: 2026 M02 | P12: 2026 M03 | Q12: 2026 M04 | R12: 2026 M05 | S12: 2026 M06 | T12: 2026 M07 | U12: 2026 M08 | V12: 2026 M09
A13: Model Score | B13: 139.70466 | C13: 140.03934 | D13: 139.75818 | E13: 140.29098 | F13: 140.83949 | G13: 140.68426 | H13: 140.85961 | I13: 140.67207 | J13: 141.28166 | K13: 141.57876 | L13: 141.49384 | M13: 142.15471 | N13: 142.79799 | O13: 142.81556 | P13: 142.76467 | Q13: 143.1151 | R13: 142.88262 | S13: 143.30723 | T13: 143.79752 | U13: 143.58337 | V13: 143.59839
A14: Expected Gross Loss Impact | B14: -0.14331716 | C14: -0.30252811 | D14: -0.32158879 | E14: -0.091754796 | F14: 0.5031251 | G14: 0.83071593 | H14: 0.23511702 | I14: 0.90991819 | J14: 1.5134824 | K14: 1.5939884 | L14: 1.4422035 | M14: 1.7310805 | N14: 1.7312207 | O14: 1.5239499 | P14: 1.7769345 | Q14: 1.9125454 | R14: 2.1818041 | S14: 2.0430917 | T14: 2.363278 | U14: 2.0804909 | V14: 2.3948986
A15: Recovery Impact | B15: 1.6340565 | C15: 1.1590094 | D15: 1.3427245 | E15: 1.4570796 | F15: 1.565423 | G15: 2.1604745 | H15: 2.158284 | I15: 2.390364 | J15: 2.681845 | K15: 3.7588136 | L15: 3.5282863 | M15: 4.1036883 | N15: 3.6229964 | O15: 2.6594225 | P15: 2.287928 | Q15: 2.5210568 | R15: 3.0904458 | S15: 2.699367 | T15: 2.5965452 | U15: 2.7844576 | V15: 3.210703
A16: LTV Impact | B16: 5.1363095 | C16: 4.8367189 | D16: 5.2638062 | E16: 5.7249215 | F16: 6.0771583 | G16: 6.3727286 | H16: 6.0218014 | I16: 6.0084558 | J16: 6.3884775 | K16: 6.3013327 | L16: 6.1758518 | M16: 5.6586498 | N16: 5.5458849 | O16: 4.7355345 | P16: 5.0156904 | Q16: 5.0782548 | R16: 5.0288466 | S16: 4.9238666 | T16: 4.7524702 | U16: 4.8406008 | V16: 5.00121
A17: APR Impact | B17: -0.46693652 | C17: -0.5772574 | D17: -0.45220041 | E17: -0.4388664 | F17: -0.38831229 | G17: -0.35601355 | H17: -0.35364494 | I17: -0.45726211 | J17: -0.65907718 | K17: -0.58621544 | L17: -0.50735242 | M17: -0.54536463 | N17: -0.44666112 | O17: -0.44745465 | P17: -0.31545524 | Q17: -0.29322249 | R17: -0.24132865 | S17: -0.49691876 | T17: -0.36244858 | U17: -0.51156446 | V17: -0.40678783
A18: RAGU Score | B18: 145.86478 | C18: 145.15528 | D18: 145.59092 | E18: 146.94236 | F18: 148.59688 | G18: 149.69217 | H18: 148.92117 | I18: 149.52354 | J18: 151.20639 | K18: 152.64668 | L18: 152.13283 | M18: 153.10277 | N18: 153.25143 | O18: 151.28701 | P18: 151.52977 | Q18: 152.33373 | R18: 152.94238 | S18: 152.47663 | T18: 153.14737 | U18: 152.77735 | V18: 153.79841
A19: Amount Financed | B19: 46583212 | C19: 44395004 | D19: 82514330 | E19: 64333408 | F19: 58631919 | G19: 54065072 | H19: 57213498 | I19: 48510745 | J19: 44347400 | K19: 42795868 | L19: 33173999 | M19: 39734134 | N19: 35860313 | O19: 45446165 | P19: 80134279 | Q19: 62030567 | R19: 57906818 | S19: 51136838 | T19: 43767001 | U19: 39670224 | V19: 35393746
A20: Weighted LTV | B20: 1.4898599 | C20: 1.5103002 | D20: 1.481328 | E20: 1.4512701 | F20: 1.4291188 | G20: 1.4110462 | H20: 1.4325551 | I20: 1.4333861 | J20: 1.4100961 | K20: 1.4153697 | L20: 1.4230329 | M20: 1.4555148 | N20: 1.4627947 | O20: 1.517331 | P20: 1.4980225 | Q20: 1.4937775 | R20: 1.4971279 | S20: 1.5042967 | T20: 1.5161496 | U20: 1.5100317 | V20: 1.4990085
A21: Weighted APR | B21: 0.25667052 | C21: 0.25824653 | D21: 0.25646001 | E21: 0.25626952 | F21: 0.25554732 | G21: 0.25508591 | H21: 0.25505207 | I21: 0.25653232 | J21: 0.25941539 | K21: 0.25837451 | L21: 0.25724789 | M21: 0.25779092 | N21: 0.25638087 | O21: 0.25639221 | P21: 0.2545065 | Q21: 0.25418889 | R21: 0.25344755 | S21: 0.25709884 | T21: 0.25517784 | U21: 0.25730806 | V21: 0.25581125
A23: STG | B23: 2025 M01 | C23: 2025 M02 | D23: 2025 M03 | E23: 2025 M04 | F23: 2025 M05 | G23: 2025 M06 | H23: 2025 M07 | I23: 2025 M08 | J23: 2025 M09 | K23: 2025 M10 | L23: 2025 M11 | M23: 2025 M12 | N23: 2026 M01 | O23: 2026 M02 | P23: 2026 M03 | Q23: 2026 M04 | R23: 2026 M05 | S23: 2026 M06 | T23: 2026 M07 | U23: 2026 M08 | V23: 2026 M09
A24: Model Score | B24: 136.76546 | C24: 136.49588 | D24: 136.63459 | E24: 137.44887 | F24: 137.91026 | G24: 138.37186 | H24: 138.44857 | I24: 138.18615 | J24: 138.96646 | K24: 139.13507 | L24: 139.52681 | M24: 141.36722 | N24: 141.59339 | O24: 140.87523 | P24: 140.75014 | Q24: 141.03059 | R24: 141.28067 | S24: 141.15557 | T24: 141.23072 | U24: 141.42943 | V24: 141.49211
A25: Expected Gross Loss Impact | B25: 1.5105245 | C25: 1.2335533 | D25: 0.82577112 | E25: 1.0419538 | F25: 1.2212377 | G25: 1.6225366 | H25: 1.2893164 | I25: 1.3265735 | J25: 1.6605623 | K25: 1.3501027 | L25: 1.6187045 | M25: 1.8588685 | N25: 2.0363339 | O25: 1.9841186 | P25: 1.7916331 | Q25: 2.0695903 | R25: 2.2308377 | S25: 2.0903225 | T25: 1.964131 | U25: 2.066768 | V25: 2.0668607
A26: Recovery Impact | B26: 2.1482292 | C26: 2.0306592 | D26: 1.7518695 | E26: 2.360589 | F26: 2.7958347 | G26: 2.9777878 | H26: 3.0701557 | I26: 2.3540325 | J26: 3.0970669 | K26: 3.872151 | L26: 3.9992586 | M26: 4.0969297 | N26: 4.1776028 | O26: 2.946834 | P26: 3.0895209 | Q26: 3.5228216 | R26: 4.6214207 | S26: 4.2786555 | T26: 3.984622 | U26: 3.9723604 | V26: 4.4959174
A27: LTV Impact | B27: 5.3015084 | C27: 4.8202722 | D27: 5.3288944 | E27: 5.5588189 | F27: 6.2148109 | G27: 6.5402373 | H27: 5.7277696 | I27: 6.001373 | J27: 6.2080411 | K27: 6.789336 | L27: 5.9907228 | M27: 5.7387811 | N27: 5.1065572 | O27: 5.348444 | P27: 5.2172521 | Q27: 5.3905287 | R27: 5.7781771 | S27: 5.1683993 | T27: 5.1585567 | U27: 5.0759836 | V27: 5.1743057
A28: APR Impact | B28: 0.069451917 | C28: -0.12280433 | D28: 0.032127973 | E28: 0.24756094 | F28: 0.29488002 | G28: 0.40626854 | H28: 0.30480541 | I28: 0.11650396 | J28: 0.33420422 | K28: 0.42436823 | L28: 0.33334888 | M28: 0.60775068 | N28: 0.84333886 | O28: 0.53073501 | P28: 0.77593181 | Q28: 0.77318014 | R28: 1.0975092 | S28: 0.94639933 | T28: 1.0247001 | U28: 0.84369476 | V28: 1.0249065
A29: RAGU Score | B29: 145.79517 | C29: 144.45756 | D29: 144.57325 | E29: 146.65779 | F29: 148.43702 | G29: 149.91869 | H29: 148.84062 | I29: 147.98463 | J29: 150.26633 | K29: 151.57103 | L29: 151.46885 | M29: 153.66955 | N29: 153.75722 | O29: 151.68537 | P29: 151.62448 | Q29: 152.78671 | R29: 155.00862 | S29: 153.63935 | T29: 153.36273 | U29: 153.38823 | V29: 154.2541
A30: Amount Financed | B30: 29218296 | C30: 28704211 | D30: 50946629 | E30: 43605841 | F30: 37502657 | G30: 34131041 | H30: 33269283 | I30: 29007288 | J30: 27004751 | K30: 28852206 | L30: 19064751 | M30: 22918901 | N30: 23856936 | O30: 30556521 | P30: 52672959 | Q30: 41738203 | R30: 38774211 | S30: 38016709 | T30: 39889591 | U30: 34101717 | V30: 29811199
A31: Weighted LTV | B31: 1.4788237 | C31: 1.5114385 | D31: 1.47701 | E31: 1.461956 | F31: 1.4206448 | G31: 1.4010054 | H31: 1.4510883 | I31: 1.4338274 | J31: 1.4210592 | K31: 1.3863355 | L31: 1.4344917 | M31: 1.4503856 | N31: 1.491865 | O31: 1.475718 | P31: 1.484432 | Q31: 1.4729442 | R31: 1.4478771 | S31: 1.4877033 | T31: 1.4883641 | U31: 1.4939312 | V31: 1.487307
A32: Weighted APR | B32: 0.24900783 | C32: 0.25175435 | D32: 0.24954103 | E32: 0.24646342 | F32: 0.24578743 | G32: 0.24419616 | H32: 0.24564564 | I32: 0.24833566 | J32: 0.24522565 | K32: 0.2439376 | L32: 0.24523787 | M32: 0.24131785 | N32: 0.2379523 | O32: 0.24241807 | P32: 0.23891526 | Q32: 0.23895457 | R32: 0.2343213 | S32: 0.23648001 | T32: 0.23536143 | U32: 0.23794722 | V32: 0.23535848
A34: FLD | B34: 2025 M01 | C34: 2025 M02 | D34: 2025 M03 | E34: 2025 M04 | F34: 2025 M05 | G34: 2025 M06 | H34: 2025 M07 | I34: 2025 M08 | J34: 2025 M09 | K34: 2025 M10 | L34: 2025 M11 | M34: 2025 M12 | N34: 2026 M01 | O34: 2026 M02 | P34: 2026 M03 | Q34: 2026 M04 | R34: 2026 M05 | S34: 2026 M06 | T34: 2026 M07 | U34: 2026 M08 | V34: 2026 M09
A35: Model Score | B35: 136.2976 | C35: 136.46221 | D35: 136.9609 | E35: 138.18726 | F35: 138.63591 | G35: 138.10457 | H35: 138.48578 | I35: 137.63944 | J35: 137.98696 | K35: 137.87612 | L35: 138.54181 | M35: 140.28364 | N35: 140.94091 | O35: 140.84271 | P35: 141.11749 | Q35: 141.54083 | R35: 141.70634 | S35: 142.3425 | T35: 142.27061 | U35: 142.64297 | V35: 143.71255
A36: Expected Gross Loss Impact | B36: 2.0847443 | C36: 2.1116203 | D36: 1.4157777 | E36: 1.0297012 | F36: 1.6709416 | G36: 1.9513403 | H36: 1.9125456 | I36: 2.1053961 | J36: 2.3644807 | K36: 0.95418483 | L36: 0.71267748 | M36: 1.2436687 | N36: 1.7385209 | O36: 1.5830092 | P36: 1.4378187 | Q36: 1.627549 | R36: 1.7586289 | S36: 2.0937938 | T36: 1.7144338 | U36: 2.4500581 | V36: 2.7812268
A37: Recovery Impact | B37: 3.2549507 | C37: 3.3120431 | D37: 1.4040832 | E37: 1.357365 | F37: 1.3768706 | G37: 2.3592978 | H37: 2.8156878 | I37: 1.7728815 | J37: 2.5445227 | K37: 2.6378386 | L37: 2.6483849 | M37: 3.0440845 | N37: 1.585203 | O37: 1.2541357 | P37: 0.82793514 | Q37: 0.54909113 | R37: 0.53073973 | S37: 0.10527716 | T37: -0.26808866 | U37: 0.32710926 | V37: 0.12658519
A38: LTV Impact | B38: 1.0735581 | C38: 0.7139736 | D38: 0.78916719 | E38: 0.28920705 | F38: 0.36002738 | G38: 0.54372532 | H38: 0.3541802 | I38: 0.36738063 | J38: 0.46839752 | K38: 0.59282752 | L38: 0.60689818 | M38: 0.11156115 | N38: -0.46516191 | O38: -0.0084071442 | P38: -0.23226849 | Q38: -0.49702664 | R38: -0.28875864 | S38: -0.27323098 | T38: -0.7888476 | U38: -0.49384743 | V38: -0.88216324
A39: APR Impact | B39: -0.46572002 | C39: -0.29866479 | D39: -0.51036508 | E39: -0.47089861 | F39: -0.51269778 | G39: -0.5698639 | H39: -0.65552913 | I39: -0.45399754 | J39: -0.46232864 | K39: -0.50882925 | L39: -0.39948753 | M39: -0.54869921 | N39: -0.57764165 | O39: -0.48232709 | P39: -0.2946618 | Q39: -0.17645223 | R39: -0.44047774 | S39: -0.29349784 | T39: -0.50199294 | U39: -0.64271541 | V39: -0.63535937
A40: RAGU Score | B40: 142.24514 | C40: 142.30118 | D40: 140.05957 | E40: 140.39263 | F40: 141.53105 | G40: 142.38907 | H40: 142.91267 | I40: 141.4311 | J40: 142.90203 | K40: 141.55215 | L40: 142.11028 | M40: 144.13426 | N40: 143.22183 | O40: 143.18912 | P40: 142.85631 | Q40: 143.044 | R40: 143.26647 | S40: 143.97484 | T40: 142.42612 | U40: 144.28357 | V40: 145.10284
A41: Amount Financed | B41: 10338839 | C41: 11583637 | D41: 21544150 | E41: 14690858 | F41: 13097760 | G41: 12138090 | H41: 12341721 | I41: 14023961 | J41: 16268242 | K41: 16171909 | L41: 13413464 | M41: 13425760 | N41: 12367358 | O41: 19125484 | P41: 30391574 | Q41: 20947460 | R41: 17281542 | S41: 14943408 | T41: 14633500 | U41: 9744764.8 | V41: 9028399.8
A42: Weighted LTV | B42: 1.3638709 | C42: 1.3915568 | D42: 1.3856748 | E42: 1.425745 | F42: 1.4199286 | G42: 1.4050608 | H42: 1.4204071 | I42: 1.4193274 | J42: 1.4111197 | K42: 1.4011392 | L42: 1.4000195 | M42: 1.4405465 | N42: 1.4907917 | O42: 1.4507174 | P42: 1.4700856 | Q42: 1.4936702 | R42: 1.475055 | S42: 1.4736857 | T42: 1.5205582 | U42: 1.4933825 | V42: 1.5293616
A43: Weighted APR | B43: 0.24165314 | C43: 0.23926664 | D43: 0.24229093 | E43: 0.24172712 | F43: 0.24232425 | G43: 0.24314091 | H43: 0.2443647 | I43: 0.24148568 | J43: 0.24160469 | K43: 0.24226899 | L43: 0.24070696 | M43: 0.24283856 | N43: 0.24325202 | O43: 0.24189039 | P43: 0.23920945 | Q43: 0.23752075 | R43: 0.24129254 | S43: 0.23919283 | T43: 0.24217133 | U43: 0.24418165 | V43: 0.24407656
A45: ENT | B45: 2025 M01 | C45: 2025 M02 | D45: 2025 M03 | E45: 2025 M04 | F45: 2025 M05 | G45: 2025 M06 | H45: 2025 M07 | I45: 2025 M08 | J45: 2025 M09 | K45: 2025 M10 | L45: 2025 M11 | M45: 2025 M12 | N45: 2026 M01 | O45: 2026 M02 | P45: 2026 M03 | Q45: 2026 M04 | R45: 2026 M05 | S45: 2026 M06 | T45: 2026 M07 | U45: 2026 M08 | V45: 2026 M09
A46: Model Score | B46: 134.36428 | C46: 134.03043 | D46: 135.01082 | E46: 136.09272 | F46: 136.3706 | G46: 136.89238 | H46: 137.17728 | I46: 137.0044 | J46: 136.79689 | K46: 136.93947 | L46: 136.8522 | M46: 137.94896 | N46: 139.55114 | O46: 139.65037 | P46: 140.14787 | Q46: 140.4933 | R46: 141.89147 | S46: 144.07453 | T46: 144.79108 | U46: 145.56698 | V46: 145.84196
A47: Expected Gross Loss Impact | B47: -1.2319746 | C47: -1.6041704 | D47: -2.0321431 | E47: -1.2489097 | F47: -0.71437865 | G47: -0.23129848 | H47: -0.67601324 | I47: -1.252091 | J47: -1.0636309 | K47: -0.55485318 | L47: -0.26054661 | M47: -0.13870296 | N47: 0.18919255 | O47: -0.111418 | P47: -0.68733598 | Q47: -0.55980815 | R47: -0.55507981 | S47: -0.48711416 | T47: -0.42715248 | U47: -0.25181854 | V47: -0.073373108
A48: Recovery Impact | B48: 4.139658 | C48: 4.5874226 | D48: 3.4656664 | E48: 2.446232 | F48: 2.9327104 | G48: 3.0618635 | H48: 3.0072395 | I48: 2.8696931 | J48: 3.0256798 | K48: 3.6057768 | L48: 3.920292 | M48: 4.5447673 | N48: 3.1707396 | O48: 3.1833619 | P48: 2.7886433 | Q48: 2.1797752 | R48: 1.1316785 | S48: 0.54614635 | T48: -0.32558064 | U48: -1.3334139 | V48: -1.4054075
A49: LTV Impact | B49: 1.2218517 | C49: 1.4029964 | D49: 1.7532831 | E49: 1.7897202 | F49: 2.0378066 | G49: 1.9885428 | H49: 1.8775046 | I49: 1.839564 | J49: 1.8291413 | K49: 1.9111548 | L49: 1.8018752 | M49: 1.2718203 | N49: 1.2385118 | O49: 1.3617837 | P49: 1.7799352 | Q49: 1.8690893 | R49: 1.9610776 | S49: 1.4735546 | T49: 1.3475161 | U49: 1.6037157 | V49: 2.1874965
A50: APR Impact | B50: -0.19212613 | C50: -0.2191598 | D50: -0.26016235 | E50: -0.14361916 | F50: -0.17779438 | G50: -0.23404375 | H50: -0.24190846 | I50: -0.17073501 | J50: -0.16039279 | K50: -0.17358391 | L50: -0.10811275 | M50: -0.26644132 | N50: -0.10613987 | O50: -0.20228815 | P50: -0.16327198 | Q50: -0.10127412 | R50: -0.070917937 | S50: -0.11307278 | T50: -0.36425745 | U50: -0.39499603 | V50: -0.13926908
A51: RAGU Score | B51: 138.30169 | C51: 138.19752 | D51: 137.93746 | E51: 138.93615 | F51: 140.44894 | G51: 141.47744 | H51: 141.1441 | I51: 140.29083 | J51: 140.42769 | K51: 141.72797 | L51: 142.20571 | M51: 143.3604 | N51: 144.04345 | O51: 143.88181 | P51: 143.86584 | Q51: 143.88108 | R51: 144.35823 | S51: 145.49404 | T51: 145.0216 | U51: 145.19046 | V51: 146.4114
A52: Amount Financed | B52: 38477597 | C52: 41691975 | D52: 70978039 | E52: 53091559 | F52: 39710399 | G52: 37422827 | H52: 39053427 | I52: 33437035 | J52: 36195579 | K52: 38482420 | L52: 27220312 | M52: 25710349 | N52: 27176409 | O52: 26545115 | P52: 42828166 | Q52: 26319310 | R52: 17392590 | S52: 16770444 | T52: 15961965 | U52: 13992729 | V52: 12512209
A53: Weighted LTV | B53: 1.3527714 | C53: 1.3394558 | D53: 1.3144365 | E53: 1.3118875 | F53: 1.294792 | G53: 1.2981512 | H53: 1.305787 | I53: 1.3084167 | J53: 1.309141 | K53: 1.3034635 | L53: 1.3110394 | M53: 1.3490719 | N53: 1.3515357 | O53: 1.3424622 | P53: 1.3125711 | Q53: 1.3063694 | R53: 1.3000316 | S53: 1.3343398 | T53: 1.3435061 | U53: 1.3250041 | V53: 1.2846908
A54: Weighted APR | B54: 0.23774466 | C54: 0.23813085 | D54: 0.2387166 | E54: 0.2370517 | F54: 0.23753992 | G54: 0.23834348 | H54: 0.23845584 | I54: 0.23743907 | J54: 0.23729133 | K54: 0.23747977 | L54: 0.23654447 | M54: 0.2388063 | N54: 0.23651628 | O54: 0.23788983 | P54: 0.23733246 | Q54: 0.23644677 | R54: 0.23601311 | S54: 0.23661533 | T54: 0.24020368 | U54: 0.2406428 | V54: 0.23698956
A56: KMX | B56: 2025 M01 | C56: 2025 M02 | D56: 2025 M03 | E56: 2025 M04 | F56: 2025 M05 | G56: 2025 M06 | H56: 2025 M07 | I56: 2025 M08 | J56: 2025 M09 | K56: 2025 M10 | L56: 2025 M11 | M56: 2025 M12 | N56: 2026 M01 | O56: 2026 M02 | P56: 2026 M03 | Q56: 2026 M04 | R56: 2026 M05 | S56: 2026 M06 | T56: 2026 M07 | U56: 2026 M08 | V56: 2026 M09
A57: Model Score | B57: 140.00187 | C57: 139.58231 | D57: 139.69243 | E57: 139.81186 | F57: 139.80737 | G57: 139.9904 | H57: 140.13812 | I57: 139.74642 | J57: 139.85273 | K57: 140.19002 | L57: 140.75185 | M57: 141.86308 | N57: 141.74661 | O57: 142.07629 | P57: 142.44616 | Q57: 142.91283 | R57: 142.98221 | S57: 142.94548 | T57: 143.29708 | U57: 143.92994 | V57: 143.90835
A58: Expected Gross Loss Impact | B58: 0.93976128 | C58: 0.51836653 | D58: 0.40900349 | E58: 1.4676936 | F58: 1.9116408 | G58: 1.9718056 | H58: 1.8548831 | I58: 0.95891655 | J58: 1.0424681 | K58: 1.5611555 | L58: 1.293023 | M58: 1.1413545 | N58: 0.76208033 | O58: 0.28401957 | P58: 0.1515401 | Q58: 0.41760444 | R58: 0.35776564 | S58: 0.16061237 | T58: 0.26844788 | U58: 0.40825004 | V58: 0.46085937
A59: Recovery Impact | B59: -0.5778116 | C59: -0.63186071 | D59: -0.44428777 | E59: -0.31753585 | F59: 0.28041783 | G59: 0.49185668 | H59: 0.54938004 | I59: 0.80246477 | J59: 0.57228721 | K59: 0.73900786 | L59: 0.65729963 | M59: 1.4515097 | N59: 1.0032435 | O59: 0.68947528 | P59: 0.81194331 | Q59: 1.1656433 | R59: 1.1084395 | S59: 0.57517055 | T59: 0.74446615 | U59: 0.84558621 | V59: 0.59604358
A60: LTV Impact | B60: -1.4528219 | C60: -0.52069733 | D60: -0.50989009 | E60: -0.21748691 | F60: -0.40627198 | G60: -0.3216659 | H60: -0.26176945 | I60: -0.4646267 | J60: -0.82327363 | K60: -0.66662769 | L60: -0.57158613 | M60: 0.56020399 | N60: 0.44021489 | O60: 0.56148115 | P60: 0.44007291 | Q60: 0.50463725 | R60: 1.259027 | S60: 1.4621637 | T60: 1.5308708 | U60: 1.0634793 | V60: 0.54716378
A61: APR Impact | B61: -0.25085867 | C61: -0.027053217 | D61: -0.051557951 | E61: 0.046935156 | F61: -0.078838869 | G61: -0.14408138 | H61: -0.09599115 | I61: -0.13568883 | J61: 0.29717057 | K61: 0.58871337 | L61: 0.66691099 | M61: 0.83227783 | N61: 0.25361585 | O61: 0.45468182 | P61: 0.60737728 | Q61: 0.64910294 | R61: 0.71842069 | S61: 0.72621559 | T61: 0.92298615 | U61: 1.0713142 | V61: 1.0493658
A62: RAGU Score | B62: 138.66014 | C62: 138.92107 | D62: 139.0957 | E62: 140.79146 | F62: 141.51432 | G62: 141.98831 | H62: 142.18463 | I62: 140.90748 | J62: 140.94138 | K62: 142.41227 | L62: 142.7975 | M62: 145.84842 | N62: 144.20576 | O62: 144.06595 | P62: 144.45709 | Q62: 145.64982 | R62: 146.42586 | S62: 145.86965 | T62: 146.76385 | U62: 147.31857 | V62: 146.56178
A63: Amount Financed | B63: 97266973 | C63: 1.4020984e+08 | D63: 2.0330962e+08 | E63: 1.3682959e+08 | F63: 1.2979234e+08 | G63: 1.1832683e+08 | H63: 1.190134e+08 | I63: 1.2339331e+08 | J63: 1.3620156e+08 | K63: 1.2020668e+08 | L63: 1.0400786e+08 | M63: 1.169552e+08 | N63: 1.3410935e+08 | O63: 1.6822519e+08 | P63: 2.5731174e+08 | Q63: 1.5746384e+08 | R63: 1.5865074e+08 | S63: 1.680805e+08 | T63: 1.6464876e+08 | U63: 1.6457684e+08 | V63: 1.377139e+08
A64: Weighted LTV | B64: 1.6835179 | C64: 1.6222984 | D64: 1.6216147 | E64: 1.6033328 | F64: 1.6150887 | G64: 1.6097989 | H64: 1.6060749 | I64: 1.6187575 | J64: 1.6416769 | K64: 1.631587 | L64: 1.6255255 | M64: 1.5566571 | N64: 1.5636805 | O64: 1.5565827 | P64: 1.5636889 | Q64: 1.5599018 | R64: 1.516974 | S64: 1.5058155 | T64: 1.5020784 | U64: 1.527873 | V64: 1.5574173
A65: Weighted APR | B65: 0.2523294 | C65: 0.25025121 | D65: 0.25047875 | E65: 0.24956417 | F65: 0.25073208 | G65: 0.2513379 | H65: 0.25089135 | I65: 0.25125997 | J65: 0.24724056 | K65: 0.24453338 | L65: 0.24380726 | M65: 0.24227171 | N65: 0.247645 | O65: 0.24577795 | P65: 0.24436007 | Q65: 0.24397262 | R65: 0.24332895 | S65: 0.24325657 | T65: 0.24142941 | U65: 0.24005208 | V65: 0.24025589
A67: Franchise Independent | B67: 2025 M01 | C67: 2025 M02 | D67: 2025 M03 | E67: 2025 M04 | F67: 2025 M05 | G67: 2025 M06 | H67: 2025 M07 | I67: 2025 M08 | J67: 2025 M09 | K67: 2025 M10 | L67: 2025 M11 | M67: 2025 M12 | N67: 2026 M01 | O67: 2026 M02 | P67: 2026 M03 | Q67: 2026 M04 | R67: 2026 M05 | S67: 2026 M06 | T67: 2026 M07 | U67: 2026 M08 | V67: 2026 M09
A68: Model Score | B68: 138.09409 | C68: 138.15625 | D68: 138.08739 | E68: 138.81573 | F68: 139.37298 | G68: 139.38547 | H68: 139.60066 | I68: 139.24972 | J68: 139.77934 | K68: 139.91505 | L68: 140.12036 | M68: 141.3948 | N68: 141.81844 | O68: 141.57025 | P68: 141.6116 | Q68: 141.95221 | R68: 141.94895 | S68: 142.15774 | T68: 142.19512 | U68: 142.46481 | V68: 142.62534
A69: Expected Gross Loss Impact | B69: 0.68140819 | C69: 0.60207625 | D69: 0.32625819 | E69: 0.58737409 | F69: 1.0250367 | G69: 1.3544278 | H69: 0.93893058 | I69: 1.3659924 | J69: 1.7729601 | K69: 1.4453792 | L69: 1.3592154 | M69: 1.775817 | N69: 1.9305152 | O69: 1.7234309 | P69: 1.7294467 | Q69: 1.9665082 | R69: 2.170103 | S69: 2.1740114 | T69: 2.2221716 | U69: 2.2033907 | V69: 2.4195968
A70: Recovery Impact | B70: 1.9963912 | C70: 1.5514411 | D70: 1.3355676 | E70: 1.682743 | F70: 1.8608036 | G70: 2.3850458 | H70: 2.6320113 | I70: 2.3023925 | J70: 2.7146145 | K70: 3.568128 | L70: 3.330034 | M70: 3.6899696 | N70: 3.4912716 | O70: 2.4048492 | P70: 2.154003 | Q70: 2.5209384 | R70: 3.3251242 | S70: 2.9544824 | T70: 2.8881826 | U70: 3.1214588 | V70: 3.2742834
A71: LTV Impact | B71: 4.5441641 | C71: 4.1454641 | D71: 4.4882817 | E71: 4.8617399 | F71: 5.2748226 | G71: 5.4601772 | H71: 5.0177788 | I71: 4.9491954 | J71: 5.080864 | K71: 5.3139909 | L71: 4.8494566 | M71: 4.5827039 | N71: 4.2902105 | O71: 4.0206687 | P71: 4.1376967 | Q71: 4.1730795 | R71: 4.4951633 | S71: 4.2390848 | T71: 4.1412934 | U71: 4.2510461 | V71: 4.3063101
A72: APR Impact | B72: -0.24344325 | C72: -0.36845111 | D72: -0.26065624 | E72: -0.1295605 | F72: -0.073306256 | G72: -0.042039085 | H72: -0.051958433 | I72: -0.14289675 | J72: -0.12975895 | K72: -0.11858358 | L72: -0.13938047 | M72: -0.084907435 | N72: 0.070793355 | O72: -0.061682987 | P72: 0.11186267 | Q72: 0.19976561 | R72: 0.3885389 | S72: 0.32795223 | T72: 0.47813224 | U72: 0.27203161 | V72: 0.3279868
A73: RAGU Score | B73: 145.07261 | C73: 144.08678 | D73: 143.97684 | E73: 145.81803 | F73: 147.46033 | G73: 148.54308 | H73: 148.13742 | I73: 147.7244 | J73: 149.21802 | K73: 150.12396 | L73: 149.51968 | M73: 151.35838 | N73: 151.60123 | O73: 149.65752 | P73: 149.74461 | Q73: 150.8125 | R73: 152.32788 | S73: 151.85327 | T73: 151.9249 | U73: 152.31274 | V73: 152.95352
A74: Amount Financed | B74: 1.0002063e+08 | C74: 99456930 | D74: 1.819918e+08 | E74: 1.4347952e+08 | F74: 1.2924822e+08 | G74: 1.1727882e+08 | H74: 1.2040822e+08 | I74: 1.0855185e+08 | J74: 1.0426487e+08 | K74: 1.0207641e+08 | L74: 77262894 | M74: 89533459 | N74: 85380852 | O74: 1.1040889e+08 | P74: 1.8753533e+08 | Q74: 1.4537746e+08 | R74: 1.3622438e+08 | S74: 1.2747928e+08 | T74: 1.242576e+08 | U74: 1.0340806e+08 | V74: 89928195
A75: Weighted LTV | B75: 1.489597 | C75: 1.5120392 | D75: 1.4878909 | E75: 1.4696373 | F75: 1.4433033 | G75: 1.4316815 | H75: 1.4601109 | I75: 1.4542111 | J75: 1.4354421 | K75: 1.4193023 | L75: 1.4430482 | M75: 1.4703908 | N75: 1.4933592 | O75: 1.4987474 | P75: 1.4955764 | Q75: 1.5015784 | R75: 1.4853287 | S75: 1.5063392 | T75: 1.5140728 | U75: 1.5149886 | V75: 1.509672
A76: Weighted APR | B76: 0.25192725 | C76: 0.25351655 | D76: 0.25194796 | E76: 0.25031502 | F76: 0.24952716 | G76: 0.24904809 | H76: 0.24920478 | I76: 0.25010351 | J76: 0.24951328 | K76: 0.24931761 | L76: 0.24938703 | M76: 0.24896368 | N76: 0.24681593 | O76: 0.24828282 | P76: 0.24597109 | Q76: 0.24498485 | R76: 0.24254653 | S76: 0.24355663 | T76: 0.24140303 | U76: 0.24470029 | V76: 0.24380854
A78: nonKMX | B78: 2025 M01 | C78: 2025 M02 | D78: 2025 M03 | E78: 2025 M04 | F78: 2025 M05 | G78: 2025 M06 | H78: 2025 M07 | I78: 2025 M08 | J78: 2025 M09 | K78: 2025 M10 | L78: 2025 M11 | M78: 2025 M12 | N78: 2026 M01 | O78: 2026 M02 | P78: 2026 M03 | Q78: 2026 M04 | R78: 2026 M05 | S78: 2026 M06 | T78: 2026 M07 | U78: 2026 M08 | V78: 2026 M09
A79: Model Score | B79: 137.05787 | C79: 136.93759 | D79: 137.22417 | E79: 138.08028 | F79: 138.66733 | G79: 138.78238 | H79: 139.00715 | I79: 138.72096 | J79: 139.01078 | K79: 139.10039 | L79: 139.26893 | M79: 140.62605 | N79: 141.27101 | O79: 141.19813 | P79: 141.33947 | Q79: 141.72857 | R79: 141.94244 | S79: 142.38058 | T79: 142.49063 | U79: 142.83455 | V79: 143.01822
A80: Expected Gross Loss Impact | B80: 0.14983192 | C80: -0.049595672 | D80: -0.33545983 | E80: 0.091415227 | F80: 0.61622133 | G80: 0.97083551 | H80: 0.54341797 | I80: 0.74945863 | J80: 1.0419924 | K80: 0.89775238 | L80: 0.93722964 | M80: 1.3486966 | N80: 1.5100813 | O80: 1.3677912 | P80: 1.2801291 | Q80: 1.5792504 | R80: 1.8615564 | S80: 1.8646295 | T80: 1.9205845 | U80: 1.91076 | V80: 2.1151021
A81: Recovery Impact | B81: 2.5918339 | C81: 2.4481966 | D81: 1.9332288 | E81: 1.8889525 | F81: 2.1127342 | G81: 2.5487702 | H81: 2.7239076 | I81: 2.4359864 | J81: 2.7947736 | K81: 3.5784355 | L81: 3.48381 | M81: 3.8806709 | N81: 3.4138807 | O81: 2.5557445 | P81: 2.2719926 | Q81: 2.4686417 | R81: 3.0767812 | S81: 2.6744897 | T81: 2.5223422 | U81: 2.5904929 | V81: 2.7026996
A82: LTV Impact | B82: 3.6211588 | C82: 3.3354054 | D82: 3.7208983 | E82: 4.0320232 | F82: 4.5140257 | G82: 4.6203776 | H82: 4.2487006 | I82: 4.2169067 | J82: 4.24292 | K82: 4.382357 | L82: 4.0554906 | M82: 3.8440614 | N82: 3.5533925 | O82: 3.5053102 | P82: 3.6993521 | Q82: 3.819902 | R82: 4.2082529 | S82: 3.9175649 | T82: 3.8232623 | U82: 3.9355169 | V82: 4.0475153
A83: APR Impact | B83: -0.22918632 | C83: -0.32435407 | D83: -0.26051766 | E83: -0.13335758 | F83: -0.097864135 | G83: -0.088485632 | H83: -0.098478708 | I83: -0.14945239 | J83: -0.13765306 | K83: -0.13364166 | L83: -0.1312345 | M83: -0.12540679 | N83: 0.02807368 | O83: -0.088935787 | P83: 0.060710845 | Q83: 0.15361938 | R83: 0.33651897 | S83: 0.27667875 | T83: 0.38223838 | U83: 0.19253013 | V83: 0.27091553
A84: RAGU Score | B84: 143.19151 | C84: 142.34724 | D84: 142.28232 | E84: 143.95931 | F84: 145.81244 | G84: 146.83388 | H84: 146.4247 | I84: 145.97386 | J84: 146.95282 | K84: 147.82529 | L84: 147.61422 | M84: 149.57407 | N84: 149.77644 | O84: 148.53804 | P84: 148.65166 | Q84: 149.74999 | R84: 151.42555 | S84: 151.11395 | T84: 151.13906 | U84: 151.46385 | V84: 152.15445
A85: Amount Financed | B85: 1.3849823e+08 | C85: 1.411489e+08 | D85: 2.5296983e+08 | E85: 1.9657108e+08 | F85: 1.6895862e+08 | G85: 1.5470165e+08 | H85: 1.5946164e+08 | I85: 1.4198888e+08 | J85: 1.4046045e+08 | K85: 1.4055883e+08 | L85: 1.0448321e+08 | M85: 1.1524381e+08 | N85: 1.1255726e+08 | O85: 1.3695401e+08 | P85: 2.3036349e+08 | Q85: 1.7169677e+08 | R85: 1.5361697e+08 | S85: 1.4424972e+08 | T85: 1.4021956e+08 | U85: 1.1740079e+08 | V85: 1.024404e+08
A86: Weighted LTV | B86: 1.4515841 | C86: 1.4610622 | D86: 1.4392232 | E86: 1.4270309 | F86: 1.4083986 | G86: 1.3993801 | H86: 1.4223157 | I86: 1.4198779 | J86: 1.4028953 | K86: 1.3875878 | L86: 1.4086568 | M86: 1.4433251 | N86: 1.4591166 | O86: 1.4684554 | P86: 1.4615528 | Q86: 1.4716549 | R86: 1.4643493 | S86: 1.4863426 | T86: 1.4946563 | U86: 1.4923448 | V86: 1.4821925
A87: Weighted APR | B87: 0.24798704 | C87: 0.24897199 | D87: 0.24823552 | E87: 0.24673275 | F87: 0.2467098 | G87: 0.24645861 | H87: 0.24657228 | I87: 0.24712116 | J87: 0.24636378 | K87: 0.24607663 | L87: 0.24604124 | M87: 0.24669762 | N87: 0.24432913 | O87: 0.2462684 | P87: 0.24436504 | Q87: 0.24367606 | R87: 0.24180681 | S87: 0.24274964 | T87: 0.2412665 | U87: 0.24421669 | V87: 0.24297566
A89: POS | B89: 2025 M01 | C89: 2025 M02 | D89: 2025 M03 | E89: 2025 M04 | F89: 2025 M05 | G89: 2025 M06 | H89: 2025 M07 | I89: 2025 M08 | J89: 2025 M09 | K89: 2025 M10 | L89: 2025 M11 | M89: 2025 M12 | N89: 2026 M01 | O89: 2026 M02 | P89: 2026 M03 | Q89: 2026 M04 | R89: 2026 M05 | S89: 2026 M06 | T89: 2026 M07 | U89: 2026 M08 | V89: 2026 M09
A90: Model Score | B90: 138.27245 | C90: 138.25554 | D90: 138.32398 | E90: 138.79093 | F90: 139.16262 | G90: 139.30592 | H90: 139.4905 | I90: 139.19776 | J90: 139.42527 | K90: 139.60268 | L90: 140.0087 | M90: 141.24912 | N90: 141.52959 | O90: 141.6822 | P90: 141.92339 | Q90: 142.2951 | R90: 142.47071 | S90: 142.68458 | T90: 142.92617 | U90: 143.47388 | V90: 143.52866
A91: Expected Gross Loss Impact | B91: 0.47572411 | C91: 0.23343761 | D91: -0.0037408552 | E91: 0.65624798 | F91: 1.1790163 | G91: 1.4046423 | H91: 1.103906 | I91: 0.84684914 | J91: 1.0422266 | K91: 1.2035654 | L91: 1.1147207 | M91: 1.2442615 | N91: 1.1034031 | O91: 0.77037929 | P91: 0.68465247 | Q91: 1.0235423 | R91: 1.0975405 | S91: 0.94761273 | T91: 1.028323 | U91: 1.0338169 | V91: 1.1664944
A92: Recovery Impact | B92: 1.2841692 | C92: 0.91330796 | D92: 0.87385173 | E92: 0.98339669 | F92: 1.3166845 | G92: 1.6573319 | H92: 1.7945679 | I92: 1.6764568 | J92: 1.7006367 | K92: 2.2695271 | L92: 2.0737769 | M92: 2.6571384 | N92: 2.1032494 | O92: 1.5269932 | P92: 1.5016278 | Q92: 1.8453134 | R92: 2.0767455 | S92: 1.5447412 | T92: 1.5621733 | U92: 1.5720744 | V92: 1.4946604
A93: LTV Impact | B93: 1.5278442 | C93: 1.4137891 | D93: 1.8357379 | E93: 2.2879993 | F93: 2.3764026 | G93: 2.4785631 | H93: 2.3210364 | I93: 2.0401596 | J93: 1.7488173 | K93: 2.0548955 | L93: 1.7472269 | M93: 2.1900311 | N93: 1.8607993 | O93: 1.8825712 | P93: 1.9796609 | Q93: 2.2339458 | R93: 2.7098692 | S93: 2.5961908 | T93: 2.5852215 | U93: 2.2592461 | V93: 2.0402764
A94: APR Impact | B94: -0.23812743 | C94: -0.17619978 | D94: -0.16740911 | E94: -0.059364382 | F94: -0.089598609 | G94: -0.11258007 | H94: -0.097415587 | I94: -0.14305282 | J94: 0.076411951 | K94: 0.19934678 | L94: 0.26692839 | M94: 0.35696477 | N94: 0.15069795 | O94: 0.2107248 | P94: 0.34914807 | Q94: 0.39064879 | R94: 0.53054796 | S94: 0.51859699 | T94: 0.67427742 | U94: 0.7054343 | V94: 0.71730947
A95: RAGU Score | B95: 141.32206 | C95: 140.63987 | D95: 140.86242 | E95: 142.65921 | F95: 143.94512 | G95: 144.73388 | H95: 144.6126 | I95: 143.61818 | J95: 143.99337 | K95: 145.33002 | L95: 145.21135 | M95: 147.69752 | N95: 146.74774 | O95: 146.07287 | P95: 146.43848 | Q95: 147.78855 | R95: 148.88541 | S95: 148.29173 | T95: 148.77616 | U95: 149.04445 | V95: 148.9474
A96: Amount Financed | B96: 2.357652e+08 | C96: 2.8135875e+08 | D96: 4.5627945e+08 | E96: 3.3340067e+08 | F96: 2.9875096e+08 | G96: 2.7302847e+08 | H96: 2.7847504e+08 | I96: 2.653822e+08 | J96: 2.7666201e+08 | K96: 2.6076551e+08 | L96: 2.0849107e+08 | M96: 2.3219901e+08 | N96: 2.4666661e+08 | O96: 3.051792e+08 | P96: 4.8767523e+08 | Q96: 3.2916061e+08 | R96: 3.1226771e+08 | S96: 3.1233022e+08 | T96: 3.0486832e+08 | U96: 2.8197763e+08 | V96: 2.401543e+08
A97: Weighted LTV | B97: 1.5472704 | C97: 1.5414112 | D97: 1.5204934 | E97: 1.4993862 | F97: 1.4981951 | G97: 1.4905727 | H97: 1.5008499 | I97: 1.5123498 | J97: 1.5204482 | K97: 1.5000656 | L97: 1.5168439 | M97: 1.5004088 | N97: 1.5159666 | O97: 1.5170342 | P97: 1.5154428 | Q97: 1.5138705 | R97: 1.4910858 | S97: 1.4968219 | T97: 1.4986647 | U97: 1.5130809 | V97: 1.5253293
A98: Weighted APR | B98: 0.24977852 | C98: 0.24960946 | D98: 0.24923506 | E98: 0.24789478 | F98: 0.24845728 | G98: 0.24857323 | H98: 0.24841814 | I98: 0.24904556 | J98: 0.24679542 | K98: 0.24536523 | L98: 0.2449268 | M98: 0.24446835 | N98: 0.24613192 | O98: 0.24599805 | P98: 0.24436242 | Q98: 0.24381792 | R98: 0.24258015 | S98: 0.24302244 | T98: 0.24135448 | U98: 0.24178601 | V98: 0.24141604

Sheet Data Tables (M)
A1: AN | B1: 2025 M01 | C1: 2025 M02 | D1: 2025 M03 | E1: 2025 M04 | F1: 2025 M05 | G1: 2025 M06 | H1: 2025 M07 | I1: 2025 M08 | J1: 2025 M09 | K1: 2025 M10 | L1: 2025 M11 | M1: 2025 M12 | N1: 2026 M01 | O1: 2026 M02 | P1: 2026 M03 | Q1: 2026 M04 | R1: 2026 M05 | S1: 2026 M06 | T1: 2026 M07 | U1: 2026 M08 | V1: 2026 M09
A2: Model Score | B2: 136.8238 | C2: 137.05184 | D2: 136.62074 | E2: 137.56525 | F2: 138.3001 | G2: 138.20068 | H2: 138.46662 | I2: 138.33462 | J2: 138.84728 | K2: 138.8122 | L2: 138.99432 | M2: 140.30637 | N2: 140.39662 | O2: 140.16702 | P2: 140.29641 | Q2: 140.73976 | R2: 140.87262 | S2: 141.15513 | T2: 140.93325 | U2: 141.9218 | V2: 141.92009
A3: Expected Gross Loss Impact | B3: 0.65857303 | C3: 0.90503912 | D3: 0.48805493 | E3: 1.4296355 | F3: 1.7635856 | G3: 2.0577964 | H3: 1.8826712 | I3: 2.1242921 | J3: 2.0685196 | K3: 1.749286 | L3: 1.4429464 | M3: 2.297466 | N3: 2.456733 | O3: 1.9711656 | P3: 1.8026736 | Q3: 2.2531594 | R3: 2.3533041 | S3: 2.647665 | T3: 2.6668549 | U3: 2.561879 | V3: 2.912388
A4: Recovery Impact | B4: 1.9746689 | C4: 0.43116201 | D4: 0.48902895 | E4: 1.1957043 | F4: 1.2908073 | G4: 1.9260857 | H4: 3.2155034 | I4: 2.4000032 | J4: 2.3476642 | K4: 3.4357149 | L4: 2.452209 | M4: 2.4194561 | N4: 3.6774583 | O4: 2.0041749 | P4: 1.3442249 | Q4: 2.4762026 | R4: 3.846999 | S4: 3.1803764 | T4: 3.4741022 | U4: 3.7037212 | V4: 2.9033879
A5: LTV Impact | B5: 3.5360655 | C5: 3.4404769 | D5: 3.4756953 | E5: 3.9608328 | F5: 4.3794468 | G5: 3.8948186 | H5: 3.6808772 | I5: 3.9114945 | J5: 4.276292 | K5: 4.7198108 | L5: 4.0870223 | M5: 3.8974914 | N5: 3.8620431 | O5: 4.2823007 | P5: 4.3673661 | Q5: 3.7221668 | R5: 4.5859825 | S5: 4.1143036 | T5: 4.3268183 | U5: 3.9855194 | V5: 4.0102852
A6: APR Impact | B6: 0.0073273183 | C6: -0.2741314 | D6: -0.03308957 | E6: 0.27780104 | F6: 0.44710486 | G6: 0.43484576 | H6: 0.67828337 | I6: 0.56777665 | J6: 0.85284911 | K6: 0.62903513 | L6: 0.43625937 | M6: 0.55781854 | N6: 0.68336776 | O6: 0.42747144 | P6: 0.5893034 | Q6: 0.89468483 | R6: 1.4356481 | S6: 1.5235799 | T6: 1.6076206 | U6: 1.3028677 | V6: 1.2279752
A7: RAGU Score | B7: 143.00044 | C7: 141.55439 | D7: 141.04043 | E7: 144.42922 | F7: 146.18104 | G7: 146.51423 | H7: 147.92395 | I7: 147.33819 | J7: 148.3926 | K7: 149.34605 | L7: 147.41276 | M7: 149.4786 | N7: 151.07622 | O7: 148.85213 | P7: 148.39997 | Q7: 150.08597 | R7: 153.09455 | S7: 152.62105 | T7: 153.00865 | U7: 153.47579 | V7: 152.97413
A8: Amount Financed | B8: 13864427 | C8: 14750081 | D8: 26969070 | E8: 20832746 | F8: 20015885 | G8: 16944617 | H8: 17583715 | I8: 17009856 | J8: 16644481 | K8: 14256427 | L8: 11610681 | M8: 13454665 | N8: 13296244 | O8: 15280721 | P8: 24336516 | Q8: 20618796 | R8: 22261812 | S8: 23382324 | T8: 25967503 | U8: 19891359 | V8: 16878056
A9: Weighted LTV | B9: 1.6059551 | C9: 1.6134653 | D9: 1.6106901 | E9: 1.5734108 | F9: 1.5426031 | G9: 1.5783817 | H9: 1.5947099 | I9: 1.577123 | J9: 1.5500821 | K9: 1.5184294 | L9: 1.5639951 | M9: 1.5781799 | N9: 1.5808615 | O9: 1.5496445 | P9: 1.5434752 | Q9: 1.5915324 | R9: 1.5278434 | S9: 1.5619743 | T9: 1.5464098 | U9: 1.5715599 | V9: 1.5697074
A10: Weighted APR | B10: 0.24989532 | C10: 0.25391616 | D10: 0.25047271 | E10: 0.24603141 | F10: 0.24361279 | G10: 0.24378792 | H10: 0.24031024 | I10: 0.24188891 | J10: 0.23781644 | K10: 0.24101378 | L10: 0.24376772 | M10: 0.24203116 | N10: 0.2402376 | O10: 0.24389327 | P10: 0.24158138 | Q10: 0.23721879 | R10: 0.22949074 | S10: 0.22823457 | T10: 0.22703399 | U10: 0.2313876 | V10: 0.2324575
A12: FRN | B12: 2025 M01 | C12: 2025 M02 | D12: 2025 M03 | E12: 2025 M04 | F12: 2025 M05 | G12: 2025 M06 | H12: 2025 M07 | I12: 2025 M08 | J12: 2025 M09 | K12: 2025 M10 | L12: 2025 M11 | M12: 2025 M12 | N12: 2026 M01 | O12: 2026 M02 | P12: 2026 M03 | Q12: 2026 M04 | R12: 2026 M05 | S12: 2026 M06 | T12: 2026 M07 | U12: 2026 M08 | V12: 2026 M09
A13: Model Score | B13: 139.70466 | C13: 140.03934 | D13: 139.75818 | E13: 140.29098 | F13: 140.83949 | G13: 140.68426 | H13: 140.85961 | I13: 140.67207 | J13: 141.28166 | K13: 141.57876 | L13: 141.49384 | M13: 142.15471 | N13: 142.79799 | O13: 142.81556 | P13: 142.76467 | Q13: 143.1151 | R13: 142.88262 | S13: 143.30723 | T13: 143.79752 | U13: 143.58337 | V13: 143.57358
A14: Expected Gross Loss Impact | B14: -0.1483152 | C14: -0.30252811 | D14: -0.32311339 | E14: -0.091534276 | F14: 0.50220742 | G14: 0.83070769 | H14: 0.23542067 | I14: 0.90991819 | J14: 1.5134824 | K14: 1.5939884 | L14: 1.4396478 | M14: 1.7310805 | N14: 1.7312207 | O14: 1.5239499 | P14: 1.7769345 | Q14: 1.9125454 | R14: 2.1818041 | S14: 2.0430917 | T14: 2.363278 | U14: 2.0804909 | V14: 2.3543462
A15: Recovery Impact | B15: 1.6409623 | C15: 1.1590094 | D15: 1.3441761 | E15: 1.4567602 | F15: 1.5565722 | G15: 2.1682424 | H15: 2.1580407 | I15: 2.390364 | J15: 2.681845 | K15: 3.7588136 | L15: 3.5257819 | M15: 4.1036883 | N15: 3.6229964 | O15: 2.6594225 | P15: 2.287928 | Q15: 2.5210568 | R15: 3.0901668 | S15: 2.699367 | T15: 2.5965452 | U15: 2.7780806 | V15: 3.1547556
A16: LTV Impact | B16: 5.1359331 | C16: 4.8367189 | D16: 5.2615285 | E16: 5.7215807 | F16: 6.0772589 | G16: 6.3721426 | H16: 6.0246689 | I16: 6.0084558 | J16: 6.3884775 | K16: 6.3013327 | L16: 6.1736283 | M16: 5.6586498 | N16: 5.5458849 | O16: 4.7408599 | P16: 5.0156904 | Q16: 5.0782548 | R16: 5.0288466 | S16: 4.9238666 | T16: 4.7524702 | U16: 4.8406008 | V16: 5.0188232
A17: APR Impact | B17: -0.46855032 | C17: -0.5772574 | D17: -0.45199749 | E17: -0.43881648 | F17: -0.38905562 | G17: -0.35788947 | H17: -0.35305074 | I17: -0.45726211 | J17: -0.65907718 | K17: -0.58621544 | L17: -0.50619865 | M17: -0.54536463 | N17: -0.44666112 | O17: -0.44745465 | P17: -0.31545524 | Q17: -0.29322249 | R17: -0.24132865 | S17: -0.49691876 | T17: -0.36244858 | U17: -0.51156446 | V17: -0.42994997
A18: RAGU Score | B18: 145.86469 | C18: 145.15528 | D18: 145.58878 | E18: 146.93897 | F18: 148.58647 | G18: 149.69747 | H18: 148.92469 | I18: 149.52354 | J18: 151.20639 | K18: 152.64668 | L18: 152.1267 | M18: 153.10277 | N18: 153.25143 | O18: 151.29234 | P18: 151.52977 | Q18: 152.33373 | R18: 152.9421 | S18: 152.47663 | T18: 153.14737 | U18: 152.77097 | V18: 153.67155
A19: Amount Financed | B19: 46629489 | C19: 44395004 | D19: 82482577 | E19: 64340727 | F19: 58591900 | G19: 54123525 | H19: 57224280 | I19: 48510745 | J19: 44347400 | K19: 42795868 | L19: 33149878 | M19: 39734134 | N19: 35860313 | O19: 45446165 | P19: 80134279 | Q19: 62030567 | R19: 57906818 | S19: 51136838 | T19: 43767001 | U19: 39670224 | V19: 37342616
A20: Weighted LTV | B20: 1.4898852 | C20: 1.5103002 | D20: 1.4814796 | E20: 1.4514835 | F20: 1.4291125 | G20: 1.4110816 | H20: 1.4323767 | I20: 1.4333861 | J20: 1.4100961 | K20: 1.4153697 | L20: 1.4231695 | M20: 1.4555148 | N20: 1.4627947 | O20: 1.5169593 | P20: 1.4980225 | Q20: 1.4937775 | R20: 1.4971279 | S20: 1.5042967 | T20: 1.5161496 | U20: 1.5100317 | V20: 1.4978094
A21: Weighted APR | B21: 0.25669358 | C21: 0.25824653 | D21: 0.25645711 | E21: 0.25626881 | F21: 0.25555794 | G21: 0.25511271 | H21: 0.25504358 | I21: 0.25653232 | J21: 0.25941539 | K21: 0.25837451 | L21: 0.25723141 | M21: 0.25779092 | N21: 0.25638087 | O21: 0.25639221 | P21: 0.2545065 | Q21: 0.25418889 | R21: 0.25344755 | S21: 0.25709884 | T21: 0.25517784 | U21: 0.25730806 | V21: 0.25614214
A23: STG | B23: 2025 M01 | C23: 2025 M02 | D23: 2025 M03 | E23: 2025 M04 | F23: 2025 M05 | G23: 2025 M06 | H23: 2025 M07 | I23: 2025 M08 | J23: 2025 M09 | K23: 2025 M10 | L23: 2025 M11 | M23: 2025 M12 | N23: 2026 M01 | O23: 2026 M02 | P23: 2026 M03 | Q23: 2026 M04 | R23: 2026 M05 | S23: 2026 M06 | T23: 2026 M07 | U23: 2026 M08 | V23: 2026 M09
A24: Model Score | B24: 136.76546 | C24: 136.49588 | D24: 136.63459 | E24: 137.44887 | F24: 137.91026 | G24: 138.37186 | H24: 138.44857 | I24: 138.18615 | J24: 138.96646 | K24: 139.13507 | L24: 139.52681 | M24: 141.36722 | N24: 141.59339 | O24: 140.87523 | P24: 140.75014 | Q24: 141.03059 | R24: 141.28067 | S24: 141.15557 | T24: 141.23072 | U24: 141.42943 | V24: 141.47931
A25: Expected Gross Loss Impact | B25: 1.5115474 | C25: 1.2335533 | D25: 0.82123203 | E25: 1.0431505 | F25: 1.224939 | G25: 1.6302081 | H25: 1.2893164 | I25: 1.3265735 | J25: 1.6605623 | K25: 1.3501027 | L25: 1.6187045 | M25: 1.8588685 | N25: 2.0363339 | O25: 1.9841186 | P25: 1.7916331 | Q25: 2.0695903 | R25: 2.2308377 | S25: 2.0903225 | T25: 1.964131 | U25: 2.066768 | V25: 2.0848639
A26: Recovery Impact | B26: 2.1482451 | C26: 2.0306592 | D26: 1.7614246 | E26: 2.3620674 | F26: 2.7760481 | G26: 3.0224931 | H26: 3.0701557 | I26: 2.3540325 | J26: 3.0970669 | K26: 3.872151 | L26: 3.9992586 | M26: 4.0969297 | N26: 4.1776028 | O26: 2.946834 | P26: 3.0822068 | Q26: 3.5228216 | R26: 4.6214207 | S26: 4.2786555 | T26: 3.984622 | U26: 3.9723604 | V26: 4.5593917
A27: LTV Impact | B27: 5.2936374 | C27: 4.8202722 | D27: 5.3425885 | E27: 5.5661707 | F27: 6.2202053 | G27: 6.5428405 | H27: 5.7277696 | I27: 6.001373 | J27: 6.2080411 | K27: 6.789336 | L27: 5.9907228 | M27: 5.7387811 | N27: 5.1065572 | O27: 5.348444 | P27: 5.2172521 | Q27: 5.3905287 | R27: 5.7781771 | S27: 5.1683993 | T27: 5.1585567 | U27: 5.0759836 | V27: 5.0770865
A28: APR Impact | B28: 0.068654282 | C28: -0.12280433 | D28: 0.034857358 | E28: 0.24803634 | F28: 0.29062065 | G28: 0.41398896 | H28: 0.30480541 | I28: 0.11650396 | J28: 0.33420422 | K28: 0.42436823 | L28: 0.33334888 | M28: 0.60775068 | N28: 0.84333886 | O28: 0.53073501 | P28: 0.77593181 | Q28: 0.77318014 | R28: 1.0975092 | S28: 0.94639933 | T28: 1.0247001 | U28: 0.84369476 | V28: 0.99746613
A29: RAGU Score | B29: 145.78754 | C29: 144.45756 | D29: 144.59469 | E29: 146.6683 | F29: 148.42207 | G29: 149.98139 | H29: 148.84062 | I29: 147.98463 | J29: 150.26633 | K29: 151.57103 | L29: 151.46885 | M29: 153.66955 | N29: 153.75722 | O29: 151.68537 | P29: 151.61716 | Q29: 152.78671 | R29: 155.00862 | S29: 153.63935 | T29: 153.36273 | U29: 153.38823 | V29: 154.19812
A30: Amount Financed | B30: 29229078 | C30: 28704211 | D30: 50928689 | E30: 43617937 | F30: 37509619 | G30: 34174059 | H30: 33269283 | I30: 29007288 | J30: 27004751 | K30: 28852206 | L30: 19064751 | M30: 22918901 | N30: 23856936 | O30: 30556521 | P30: 52672959 | Q30: 41738203 | R30: 38774211 | S30: 38016709 | T30: 39889591 | U30: 34101717 | V30: 31569890
A31: Weighted LTV | B31: 1.4793459 | C31: 1.5114385 | D31: 1.4761047 | E31: 1.4614797 | F31: 1.4203147 | G31: 1.4008505 | H31: 1.4510883 | I31: 1.4338274 | J31: 1.4210592 | K31: 1.3863355 | L31: 1.4344917 | M31: 1.4503856 | N31: 1.491865 | O31: 1.475718 | P31: 1.484432 | Q31: 1.4729442 | R31: 1.4478771 | S31: 1.4877033 | T31: 1.4883641 | U31: 1.4939312 | V31: 1.4938565
A32: Weighted APR | B32: 0.24901922 | C32: 0.25175435 | D32: 0.24950204 | E32: 0.24645662 | F32: 0.24584828 | G32: 0.24408587 | H32: 0.24564564 | I32: 0.24833566 | J32: 0.24522565 | K32: 0.2439376 | L32: 0.24523787 | M32: 0.24131785 | N32: 0.2379523 | O32: 0.24241807 | P32: 0.23891526 | Q32: 0.23895457 | R32: 0.2343213 | S32: 0.23648001 | T32: 0.23536143 | U32: 0.23794722 | V32: 0.23575048
A34: FLD | B34: 2025 M01 | C34: 2025 M02 | D34: 2025 M03 | E34: 2025 M04 | F34: 2025 M05 | G34: 2025 M06 | H34: 2025 M07 | I34: 2025 M08 | J34: 2025 M09 | K34: 2025 M10 | L34: 2025 M11 | M34: 2025 M12 | N34: 2026 M01 | O34: 2026 M02 | P34: 2026 M03 | Q34: 2026 M04 | R34: 2026 M05 | S34: 2026 M06 | T34: 2026 M07 | U34: 2026 M08 | V34: 2026 M09
A35: Model Score | B35: 136.2976 | C35: 136.46221 | D35: 136.9609 | E35: 138.18726 | F35: 138.63591 | G35: 138.10457 | H35: 138.48578 | I35: 137.63944 | J35: 137.98696 | K35: 137.87612 | L35: 138.54181 | M35: 140.28364 | N35: 140.94091 | O35: 140.84271 | P35: 141.11749 | Q35: 141.54083 | R35: 141.70634 | S35: 142.3425 | T35: 142.27061 | U35: 142.64297 | V35: 143.80178
A36: Expected Gross Loss Impact | B36: 2.0847443 | C36: 2.1217135 | D36: 1.4157777 | E36: 1.0297012 | F36: 1.6709416 | G36: 1.9513403 | H36: 1.9125456 | I36: 2.1053961 | J36: 2.3644807 | K36: 0.95418483 | L36: 0.71267748 | M36: 1.2436687 | N36: 1.7385209 | O36: 1.5830092 | P36: 1.4378187 | Q36: 1.627549 | R36: 1.7586289 | S36: 2.0937938 | T36: 1.7144338 | U36: 2.4500581 | V36: 2.8526386
A37: Recovery Impact | B37: 3.2549507 | C37: 3.3344209 | D37: 1.4040832 | E37: 1.357365 | F37: 1.3768706 | G37: 2.3592978 | H37: 2.8156878 | I37: 1.7728815 | J37: 2.5445227 | K37: 2.6378386 | L37: 2.6483849 | M37: 3.0440845 | N37: 1.585203 | O37: 1.2541357 | P37: 0.82793514 | Q37: 0.54909113 | R37: 0.53073973 | S37: 0.10527716 | T37: -0.26808866 | U37: 0.32710926 | V37: 0.15423639
A38: LTV Impact | B38: 1.0735581 | C38: 0.71061916 | D38: 0.78916719 | E38: 0.28920705 | F38: 0.36002738 | G38: 0.54372532 | H38: 0.3541802 | I38: 0.36738063 | J38: 0.46839752 | K38: 0.59282752 | L38: 0.60689818 | M38: 0.11156115 | N38: -0.4650022 | O38: -0.0084071442 | P38: -0.23224056 | Q38: -0.49702664 | R38: -0.28875864 | S38: -0.27323098 | T38: -0.7888476 | U38: -0.49384743 | V38: -0.87627211
A39: APR Impact | B39: -0.46572002 | C39: -0.30141679 | D39: -0.51036508 | E39: -0.47089861 | F39: -0.51269778 | G39: -0.5698639 | H39: -0.65552913 | I39: -0.45399754 | J39: -0.46232864 | K39: -0.50882925 | L39: -0.39948753 | M39: -0.54869921 | N39: -0.57764165 | O39: -0.48232709 | P39: -0.2946618 | Q39: -0.17645223 | R39: -0.44047774 | S39: -0.29349784 | T39: -0.50199294 | U39: -0.64271541 | V39: -0.60236491
A40: RAGU Score | B40: 142.24514 | C40: 142.32755 | D40: 140.05957 | E40: 140.39263 | F40: 141.53105 | G40: 142.38907 | H40: 142.91267 | I40: 141.4311 | J40: 142.90203 | K40: 141.55215 | L40: 142.11028 | M40: 144.13426 | N40: 143.22199 | O40: 143.18912 | P40: 142.85634 | Q40: 143.044 | R40: 143.26647 | S40: 143.97484 | T40: 142.42612 | U40: 144.28357 | V40: 145.33002
A41: Amount Financed | B41: 10338839 | C41: 11568098 | D41: 21544150 | E41: 14690858 | F41: 13097760 | G41: 12138090 | H41: 12341721 | I41: 14023961 | J41: 16268242 | K41: 16171909 | L41: 13413464 | M41: 13425760 | N41: 12367358 | O41: 19125484 | P41: 30391574 | Q41: 20947460 | R41: 17281542 | S41: 14943408 | T41: 14633500 | U41: 9744764.8 | V41: 9440069.2
A42: Weighted LTV | B42: 1.3638709 | C42: 1.3918203 | D42: 1.3856748 | E42: 1.425745 | F42: 1.4199286 | G42: 1.4050608 | H42: 1.4204071 | I42: 1.4193274 | J42: 1.4111197 | K42: 1.4011392 | L42: 1.4000195 | M42: 1.4405465 | N42: 1.4907773 | O42: 1.4507174 | P42: 1.4700831 | Q42: 1.4936702 | R42: 1.475055 | S42: 1.4736857 | T42: 1.5205582 | U42: 1.4933825 | V42: 1.5288028
A43: Weighted APR | B43: 0.24165314 | C43: 0.23930595 | D43: 0.24229093 | E43: 0.24172712 | F43: 0.24232425 | G43: 0.24314091 | H43: 0.2443647 | I43: 0.24148568 | J43: 0.24160469 | K43: 0.24226899 | L43: 0.24070696 | M43: 0.24283856 | N43: 0.24325202 | O43: 0.24189039 | P43: 0.23920945 | Q43: 0.23752075 | R43: 0.24129254 | S43: 0.23919283 | T43: 0.24217133 | U43: 0.24418165 | V43: 0.24360521
A45: ENT | B45: 2025 M01 | C45: 2025 M02 | D45: 2025 M03 | E45: 2025 M04 | F45: 2025 M05 | G45: 2025 M06 | H45: 2025 M07 | I45: 2025 M08 | J45: 2025 M09 | K45: 2025 M10 | L45: 2025 M11 | M45: 2025 M12 | N45: 2026 M01 | O45: 2026 M02 | P45: 2026 M03 | Q45: 2026 M04 | R45: 2026 M05 | S45: 2026 M06 | T45: 2026 M07 | U45: 2026 M08 | V45: 2026 M09
A46: Model Score | B46: 134.36428 | C46: 134.03043 | D46: 135.01082 | E46: 136.09272 | F46: 136.3706 | G46: 136.89238 | H46: 137.17728 | I46: 137.0044 | J46: 136.79689 | K46: 136.93947 | L46: 136.8522 | M46: 137.94896 | N46: 139.55114 | O46: 139.65037 | P46: 140.14787 | Q46: 140.4933 | R46: 141.89147 | S46: 144.07453 | T46: 144.79108 | U46: 145.56698 | V46: 145.86112
A47: Expected Gross Loss Impact | B47: -1.2283595 | C47: -1.6041704 | D47: -2.0321431 | E47: -1.2503013 | F47: -0.71435494 | G47: -0.23129848 | H47: -0.67601324 | I47: -1.252091 | J47: -1.0636309 | K47: -0.55485318 | L47: -0.26054661 | M47: -0.13870296 | N47: 0.18919255 | O47: -0.111418 | P47: -0.68733598 | Q47: -0.55980815 | R47: -0.55507981 | S47: -0.48711416 | T47: -0.42715248 | U47: -0.25181854 | V47: -0.069416909
A48: Recovery Impact | B48: 4.1496094 | C48: 4.5874226 | D48: 3.4656664 | E48: 2.4434272 | F48: 2.9273733 | G48: 3.0618635 | H48: 3.0072395 | I48: 2.8696931 | J48: 3.0256798 | K48: 3.6057768 | L48: 3.920292 | M48: 4.5447673 | N48: 3.1707396 | O48: 3.1833619 | P48: 2.7886433 | Q48: 2.1797752 | R48: 1.1316785 | S48: 0.54614635 | T48: -0.32558064 | U48: -1.3334139 | V48: -1.3090376
A49: LTV Impact | B49: 1.2207782 | C49: 1.4029964 | D49: 1.7532831 | E49: 1.7895293 | F49: 2.0353909 | G49: 1.9885428 | H49: 1.8775046 | I49: 1.839564 | J49: 1.8291413 | K49: 1.9129628 | L49: 1.8018752 | M49: 1.2715313 | N49: 1.2385118 | O49: 1.3617837 | P49: 1.7799352 | Q49: 1.8690893 | R49: 1.9610776 | S49: 1.4735546 | T49: 1.3475161 | U49: 1.6037157 | V49: 2.198656
A50: APR Impact | B50: -0.19157209 | C50: -0.2191598 | D50: -0.26016235 | E50: -0.14328729 | F50: -0.17703764 | G50: -0.23404375 | H50: -0.24190846 | I50: -0.17073501 | J50: -0.16039279 | K50: -0.17358391 | L50: -0.10811275 | M50: -0.26644132 | N50: -0.10613987 | O50: -0.20228815 | P50: -0.16327198 | Q50: -0.10127412 | R50: -0.070917937 | S50: -0.11307278 | T50: -0.36425745 | U50: -0.39499603 | V50: -0.10637081
A51: RAGU Score | B51: 138.31474 | C51: 138.19752 | D51: 137.93746 | E51: 138.93209 | F51: 140.44197 | G51: 141.47744 | H51: 141.1441 | I51: 140.29083 | J51: 140.42769 | K51: 141.72978 | L51: 142.20571 | M51: 143.36011 | N51: 144.04345 | O51: 143.88181 | P51: 143.86584 | Q51: 143.88108 | R51: 144.35823 | S51: 145.49404 | T51: 145.0216 | U51: 145.19046 | V51: 146.57495
A52: Amount Financed | B52: 38452559 | C52: 41691975 | D52: 70978039 | E52: 53071976 | F52: 39675697 | G52: 37422827 | H52: 39053427 | I52: 33437035 | J52: 36195579 | K52: 38482420 | L52: 27220312 | M52: 25710349 | N52: 27176409 | O52: 26545115 | P52: 42828166 | Q52: 26319310 | R52: 17392590 | S52: 16770444 | T52: 15961965 | U52: 13992729 | V52: 13147779
A53: Weighted LTV | B53: 1.3528511 | C53: 1.3394558 | D53: 1.3144365 | E53: 1.3119009 | F53: 1.2949563 | G53: 1.2981512 | H53: 1.305787 | I53: 1.3084167 | J53: 1.309141 | K53: 1.3033389 | L53: 1.3110394 | M53: 1.3490933 | N53: 1.3515357 | O53: 1.3424622 | P53: 1.3125711 | Q53: 1.3063694 | R53: 1.3000316 | S53: 1.3343398 | T53: 1.3435061 | U53: 1.3250041 | V53: 1.283944
A54: Weighted APR | B54: 0.23773674 | C54: 0.23813085 | D54: 0.2387166 | E54: 0.23704696 | F54: 0.23752911 | G54: 0.23834348 | H54: 0.23845584 | I54: 0.23743907 | J54: 0.23729133 | K54: 0.23747977 | L54: 0.23654447 | M54: 0.2388063 | N54: 0.23651628 | O54: 0.23788983 | P54: 0.23733246 | Q54: 0.23644677 | R54: 0.23601311 | S54: 0.23661533 | T54: 0.24020368 | U54: 0.2406428 | V54: 0.23651958
A56: KMX | B56: 2025 M01 | C56: 2025 M02 | D56: 2025 M03 | E56: 2025 M04 | F56: 2025 M05 | G56: 2025 M06 | H56: 2025 M07 | I56: 2025 M08 | J56: 2025 M09 | K56: 2025 M10 | L56: 2025 M11 | M56: 2025 M12 | N56: 2026 M01 | O56: 2026 M02 | P56: 2026 M03 | Q56: 2026 M04 | R56: 2026 M05 | S56: 2026 M06 | T56: 2026 M07 | U56: 2026 M08 | V56: 2026 M09
A57: Model Score | B57: 140.00187 | C57: 139.58231 | D57: 139.69243 | E57: 139.81186 | F57: 139.80737 | G57: 139.9904 | H57: 140.13812 | I57: 139.74642 | J57: 139.85273 | K57: 140.19002 | L57: 140.75185 | M57: 141.86308 | N57: 141.74661 | O57: 142.07629 | P57: 142.44616 | Q57: 142.91283 | R57: 142.98221 | S57: 142.94548 | T57: 143.29708 | U57: 143.92994 | V57: 143.93744
A58: Expected Gross Loss Impact | B58: 0.93976128 | C58: 0.51836653 | D58: 0.40900349 | E58: 1.4676936 | F58: 1.9116408 | G58: 1.9718056 | H58: 1.8548831 | I58: 0.95891655 | J58: 1.0424681 | K58: 1.5611555 | L58: 1.293023 | M58: 1.1413545 | N58: 0.76208033 | O58: 0.28401957 | P58: 0.1515401 | Q58: 0.41760444 | R58: 0.35776564 | S58: 0.16061237 | T58: 0.26844788 | U58: 0.33205766 | V58: 0.20572085
A59: Recovery Impact | B59: -0.5778116 | C59: -0.63186071 | D59: -0.44428777 | E59: -0.31753585 | F59: 0.28041783 | G59: 0.49185668 | H59: 0.54938004 | I59: 0.80246477 | J59: 0.57228721 | K59: 0.73900786 | L59: 0.65729963 | M59: 1.4515097 | N59: 1.0032435 | O59: 0.68947528 | P59: 0.81194331 | Q59: 1.1656433 | R59: 1.1084395 | S59: 0.57517055 | T59: 0.74446615 | U59: 0.84513985 | V59: 0.57767435
A60: LTV Impact | B60: -1.4528219 | C60: -0.52069733 | D60: -0.50989009 | E60: -0.21748691 | F60: -0.40627198 | G60: -0.3216659 | H60: -0.26176945 | I60: -0.4646267 | J60: -0.82327363 | K60: -0.66662769 | L60: -0.57158613 | M60: 0.56020399 | N60: 0.44021489 | O60: 0.56148115 | P60: 0.44007291 | Q60: 0.50463725 | R60: 1.259027 | S60: 1.4621637 | T60: 1.5308708 | U60: 1.0634793 | V60: 0.52924072
A61: APR Impact | B61: -0.25085867 | C61: -0.027053217 | D61: -0.051557951 | E61: 0.046935156 | F61: -0.078838869 | G61: -0.14408138 | H61: -0.09599115 | I61: -0.13568883 | J61: 0.29717057 | K61: 0.58871337 | L61: 0.66691099 | M61: 0.83227783 | N61: 0.25361585 | O61: 0.45468182 | P61: 0.60737728 | Q61: 0.64910294 | R61: 0.71842069 | S61: 0.72621559 | T61: 0.92298615 | U61: 1.0713142 | V61: 1.0433033
A62: RAGU Score | B62: 138.66014 | C62: 138.92107 | D62: 139.0957 | E62: 140.79146 | F62: 141.51432 | G62: 141.98831 | H62: 142.18463 | I62: 140.90748 | J62: 140.94138 | K62: 142.41227 | L62: 142.7975 | M62: 145.84842 | N62: 144.20576 | O62: 144.06595 | P62: 144.45709 | Q62: 145.64982 | R62: 146.42586 | S62: 145.86965 | T62: 146.76385 | U62: 147.24194 | V62: 146.29338
A63: Amount Financed | B63: 97266973 | C63: 1.4020984e+08 | D63: 2.0330962e+08 | E63: 1.3682959e+08 | F63: 1.2979234e+08 | G63: 1.1832683e+08 | H63: 1.190134e+08 | I63: 1.2339331e+08 | J63: 1.3620156e+08 | K63: 1.2020668e+08 | L63: 1.0400786e+08 | M63: 1.169552e+08 | N63: 1.3410935e+08 | O63: 1.6822519e+08 | P63: 2.5731174e+08 | Q63: 1.5746384e+08 | R63: 1.5865074e+08 | S63: 1.680805e+08 | T63: 1.6464876e+08 | U63: 1.6457684e+08 | V63: 1.426512e+08
A64: Weighted LTV | B64: 1.6835179 | C64: 1.6222984 | D64: 1.6216147 | E64: 1.6033328 | F64: 1.6150887 | G64: 1.6097989 | H64: 1.6060749 | I64: 1.6187575 | J64: 1.6416769 | K64: 1.631587 | L64: 1.6255255 | M64: 1.5566571 | N64: 1.5636805 | O64: 1.5565827 | P64: 1.5636889 | Q64: 1.5599018 | R64: 1.516974 | S64: 1.5058155 | T64: 1.5020784 | U64: 1.527873 | V64: 1.5584634
A65: Weighted APR | B65: 0.2523294 | C65: 0.25025121 | D65: 0.25047875 | E65: 0.24956417 | F65: 0.25073208 | G65: 0.2513379 | H65: 0.25089135 | I65: 0.25125997 | J65: 0.24724056 | K65: 0.24453338 | L65: 0.24380726 | M65: 0.24227171 | N65: 0.247645 | O65: 0.24577795 | P65: 0.24436007 | Q65: 0.24397262 | R65: 0.24332895 | S65: 0.24325657 | T65: 0.24142941 | U65: 0.24005208 | V65: 0.24031218
A67: Franchise Independent | B67: 2025 M01 | C67: 2025 M02 | D67: 2025 M03 | E67: 2025 M04 | F67: 2025 M05 | G67: 2025 M06 | H67: 2025 M07 | I67: 2025 M08 | J67: 2025 M09 | K67: 2025 M10 | L67: 2025 M11 | M67: 2025 M12 | N67: 2026 M01 | O67: 2026 M02 | P67: 2026 M03 | Q67: 2026 M04 | R67: 2026 M05 | S67: 2026 M06 | T67: 2026 M07 | U67: 2026 M08 | V67: 2026 M09
A68: Model Score | B68: 138.09489 | C68: 138.15678 | D68: 138.08738 | E68: 138.81584 | F68: 139.37244 | G68: 139.38575 | H68: 139.60077 | I68: 139.24972 | J68: 139.77934 | K68: 139.91505 | L68: 140.11993 | M68: 141.3948 | N68: 141.81844 | O68: 141.57025 | P68: 141.6116 | Q68: 141.95256 | R68: 141.94895 | S68: 142.15774 | T68: 142.19512 | U68: 142.46481 | V68: 142.60887
A69: Expected Gross Loss Impact | B69: 0.6790786 | C69: 0.60221883 | D69: 0.3234153 | E69: 0.58907013 | F69: 1.0258672 | G69: 1.356495 | H69: 0.93901186 | I69: 1.3659924 | J69: 1.7729601 | K69: 1.4453792 | L69: 1.3580927 | M69: 1.775817 | N69: 1.9305152 | O69: 1.7234309 | P69: 1.7294467 | Q69: 1.9648925 | R69: 2.170103 | S69: 2.1740114 | T69: 2.2221716 | U69: 2.2033907 | V69: 2.4133088
A70: Recovery Impact | B70: 2.0021472 | C70: 1.5558171 | D70: 1.341307 | E70: 1.6838888 | F70: 1.8511883 | G70: 2.4017484 | H70: 2.6318532 | I70: 2.3023925 | J70: 2.7146145 | K70: 3.568128 | L70: 3.3288972 | M70: 3.6899696 | N70: 3.4912716 | O70: 2.4048492 | P70: 2.1519487 | Q70: 2.5181624 | R70: 3.3250056 | S70: 2.9544824 | T70: 2.8881826 | U70: 3.1190125 | V70: 3.2784186
A71: LTV Impact | B71: 4.5405818 | C71: 4.1447082 | D71: 4.48985 | E71: 4.8624773 | F71: 5.2762363 | G71: 5.4615151 | H71: 5.0192313 | I71: 4.9491954 | J71: 5.080864 | K71: 5.3139909 | L71: 4.8480881 | M71: 4.5827039 | N71: 4.2902336 | O71: 4.0228608 | P71: 4.1377012 | Q71: 4.1719686 | R71: 4.4951633 | S71: 4.2390848 | T71: 4.1412934 | U71: 4.2510461 | V71: 4.2750195
A72: APR Impact | B72: -0.24539802 | C72: -0.36897593 | D72: -0.26051718 | E72: -0.12925279 | F72: -0.07476236 | G72: -0.040648397 | H72: -0.051703076 | I72: -0.14289675 | J72: -0.12975895 | K72: -0.11858358 | L72: -0.13877037 | M72: -0.084907435 | N72: 0.070793355 | O72: -0.061682987 | P72: 0.11186267 | Q72: 0.19839326 | R72: 0.3885389 | S72: 0.32795223 | T72: 0.47813224 | U72: 0.27203161 | V72: 0.3200011
A73: RAGU Score | B73: 145.0713 | C73: 144.09055 | D73: 143.98144 | E73: 145.82202 | F73: 147.45097 | G73: 148.56486 | H73: 148.13916 | I73: 147.7244 | J73: 149.21802 | K73: 150.12396 | L73: 149.51624 | M73: 151.35838 | N73: 151.60126 | O73: 149.65971 | P73: 149.74256 | Q73: 150.80598 | R73: 152.32776 | S73: 151.85327 | T73: 151.9249 | U73: 152.31029 | V73: 152.89562
A74: Amount Financed | B74: 1.0006183e+08 | C74: 99417393 | D74: 1.8192449e+08 | E74: 1.4348227e+08 | F74: 1.2921516e+08 | G74: 1.1738029e+08 | H74: 1.20419e+08 | I74: 1.0855185e+08 | J74: 1.0426487e+08 | K74: 1.0207641e+08 | L74: 77238773 | M74: 89533459 | N74: 85380852 | O74: 1.1040889e+08 | P74: 1.8753533e+08 | Q74: 1.4533503e+08 | R74: 1.3622438e+08 | S74: 1.2747928e+08 | T74: 1.242576e+08 | U74: 1.0340806e+08 | V74: 95230631
A75: Weighted LTV | B75: 1.4898687 | C75: 1.5121488 | D75: 1.487784 | E75: 1.4695901 | F75: 1.4432078 | G75: 1.4316312 | H75: 1.4600236 | I75: 1.4542111 | J75: 1.4354421 | K75: 1.4193023 | L75: 1.443113 | M75: 1.4703908 | N75: 1.4933571 | O75: 1.4985944 | P75: 1.495576 | Q75: 1.5016476 | R75: 1.4853287 | S75: 1.5063392 | T75: 1.5140728 | U75: 1.5149886 | V75: 1.512314
A76: Weighted APR | B76: 0.25195582 | C76: 0.2535257 | D76: 0.25194532 | E76: 0.25031065 | F76: 0.24954757 | G76: 0.24902957 | H76: 0.24920127 | I76: 0.25010351 | J76: 0.24951328 | K76: 0.24931761 | L76: 0.2493775 | M76: 0.24896368 | N76: 0.24681593 | O76: 0.24828282 | P76: 0.24597109 | Q76: 0.24500383 | R76: 0.24254653 | S76: 0.24355663 | T76: 0.24140303 | U76: 0.24470029 | V76: 0.24394163
A78: nonKMX | B78: 2025 M01 | C78: 2025 M02 | D78: 2025 M03 | E78: 2025 M04 | F78: 2025 M05 | G78: 2025 M06 | H78: 2025 M07 | I78: 2025 M08 | J78: 2025 M09 | K78: 2025 M10 | L78: 2025 M11 | M78: 2025 M12 | N78: 2026 M01 | O78: 2026 M02 | P78: 2026 M03 | Q78: 2026 M04 | R78: 2026 M05 | S78: 2026 M06 | T78: 2026 M07 | U78: 2026 M08 | V78: 2026 M09
A79: Model Score | B79: 137.05925 | C79: 136.93762 | D79: 137.22393 | E79: 138.08056 | F79: 138.66725 | G79: 138.78299 | H79: 139.00728 | I79: 138.72096 | J79: 139.01078 | K79: 139.10039 | L79: 139.26841 | M79: 140.62605 | N79: 141.27101 | O79: 141.19813 | P79: 141.33947 | Q79: 141.72882 | R79: 141.94244 | S79: 142.38058 | T79: 142.49063 | U79: 142.83455 | V79: 143.00342
A80: Expected Gross Loss Impact | B80: 0.14956052 | C80: -0.049677809 | D80: -0.33768096 | E80: 0.092418031 | F80: 0.6170557 | G80: 0.97265437 | H80: 0.54350609 | I80: 0.74945863 | J80: 1.0419924 | K80: 0.89775238 | L80: 0.936302 | M80: 1.3486966 | N80: 1.5100813 | O80: 1.3677912 | P80: 1.2801291 | Q80: 1.5777868 | R80: 1.8615564 | S80: 1.8646295 | T80: 1.9205845 | U80: 1.91076 | V80: 2.1121203
A81: Recovery Impact | B81: 2.5982977 | C81: 2.451531 | D81: 1.9375164 | E81: 1.8889731 | F81: 2.1040048 | G81: 2.5613277 | H81: 2.7237821 | I81: 2.4359864 | J81: 2.7947736 | K81: 3.5784355 | L81: 3.483005 | M81: 3.8806709 | N81: 3.4138807 | O81: 2.5557445 | P81: 2.2703202 | Q81: 2.4662784 | R81: 3.076676 | S81: 2.6744897 | T81: 2.5223422 | U81: 2.5883381 | V81: 2.7218976
A82: LTV Impact | B82: 3.6189812 | C82: 3.3346459 | D82: 3.7218223 | E82: 4.0327449 | F82: 4.5148996 | G82: 4.6219426 | H82: 4.2498494 | I82: 4.2169067 | J82: 4.24292 | K82: 4.382852 | L82: 4.0542953 | M82: 3.8439969 | N82: 3.55341 | O82: 3.5070774 | P82: 3.6993558 | Q82: 3.8188741 | R82: 4.2082529 | S82: 3.9175649 | T82: 3.8232623 | U82: 3.9355169 | V82: 4.0231282
A83: APR Impact | B83: -0.23045557 | C83: -0.32471147 | D83: -0.2604176 | E83: -0.13304227 | F83: -0.098788781 | G83: -0.087400691 | H83: -0.098282741 | I83: -0.14945239 | J83: -0.13765306 | K83: -0.13364166 | L83: -0.1307815 | M83: -0.12540679 | N83: 0.02807368 | O83: -0.088935787 | P83: 0.060710845 | Q83: 0.15244605 | R83: 0.33651897 | S83: 0.27667875 | T83: 0.38223838 | U83: 0.19253013 | V83: 0.26827637
A84: RAGU Score | B84: 143.19563 | C84: 142.34941 | D84: 142.28517 | E84: 143.96166 | F84: 145.80442 | G84: 146.85151 | H84: 146.42613 | I84: 145.97386 | J84: 146.95282 | K84: 147.82579 | L84: 147.61124 | M84: 149.574 | N84: 149.77646 | O84: 148.53981 | P84: 148.64999 | Q84: 149.7442 | R84: 151.42545 | S84: 151.11395 | T84: 151.13906 | U84: 151.46169 | V84: 152.12884
A85: Amount Financed | B85: 1.3851439e+08 | C85: 1.4110937e+08 | D85: 2.5290253e+08 | E85: 1.9655424e+08 | F85: 1.6889086e+08 | G85: 1.5480312e+08 | H85: 1.5947243e+08 | I85: 1.4198888e+08 | J85: 1.4046045e+08 | K85: 1.4055883e+08 | L85: 1.0445909e+08 | M85: 1.1524381e+08 | N85: 1.1255726e+08 | O85: 1.3695401e+08 | P85: 2.3036349e+08 | Q85: 1.7165434e+08 | R85: 1.5361697e+08 | S85: 1.4424972e+08 | T85: 1.4021956e+08 | U85: 1.1740079e+08 | V85: 1.0837841e+08
A86: Weighted LTV | B86: 1.4518317 | C86: 1.4611251 | D86: 1.4391333 | E86: 1.4270121 | F86: 1.4083807 | G86: 1.3993631 | H86: 1.4222524 | I86: 1.4198779 | J86: 1.4028953 | K86: 1.3875537 | L86: 1.4086968 | M86: 1.4433299 | N86: 1.459115 | O86: 1.4683321 | P86: 1.4615525 | Q86: 1.4717061 | R86: 1.4643493 | S86: 1.4863426 | T86: 1.4946563 | U86: 1.4923448 | V86: 1.4846096
A87: Weighted APR | B87: 0.2480085 | C87: 0.24897716 | D87: 0.24823263 | E87: 0.2467293 | F87: 0.24672421 | G87: 0.24644626 | H87: 0.2465698 | I87: 0.24712116 | J87: 0.24636378 | K87: 0.24607663 | L87: 0.24603342 | M87: 0.24669762 | N87: 0.24432913 | O87: 0.2462684 | P87: 0.24436504 | Q87: 0.2436918 | R87: 0.24180681 | S87: 0.24274964 | T87: 0.2412665 | U87: 0.24421669 | V87: 0.24304123
A89: POS | B89: 2025 M01 | C89: 2025 M02 | D89: 2025 M03 | E89: 2025 M04 | F89: 2025 M05 | G89: 2025 M06 | H89: 2025 M07 | I89: 2025 M08 | J89: 2025 M09 | K89: 2025 M10 | L89: 2025 M11 | M89: 2025 M12 | N89: 2026 M01 | O89: 2026 M02 | P89: 2026 M03 | Q89: 2026 M04 | R89: 2026 M05 | S89: 2026 M06 | T89: 2026 M07 | U89: 2026 M08 | V89: 2026 M09
A90: Model Score | B90: 138.27317 | C90: 138.25574 | D90: 138.32401 | E90: 138.79113 | F90: 139.16269 | G90: 139.30607 | H90: 139.49055 | I90: 139.19776 | J90: 139.42527 | K90: 139.60268 | L90: 140.00853 | M90: 141.24912 | N90: 141.52959 | O90: 141.6822 | P90: 141.92339 | Q90: 142.2953 | R90: 142.47071 | S90: 142.68458 | T90: 142.92617 | U90: 143.47388 | V90: 143.53419
A91: Expected Gross Loss Impact | B91: 0.47554233 | C91: 0.23343619 | D91: -0.0049232066 | E91: 0.65686772 | F91: 1.1796157 | G91: 1.405512 | H91: 1.1039347 | I91: 0.84684914 | J91: 1.0422266 | K91: 1.2035654 | L91: 1.1142765 | M91: 1.2442615 | N91: 1.1034031 | O91: 0.77037929 | P91: 0.68465247 | Q91: 1.0227072 | R91: 1.0975405 | S91: 0.94761273 | T91: 1.028323 | U91: 0.98934707 | V91: 1.0287813
A92: Recovery Impact | B92: 1.2880561 | C92: 0.91476475 | D92: 0.87607231 | E92: 0.98336316 | F92: 1.3115678 | G92: 1.6647803 | H92: 1.794532 | I92: 1.6764568 | J92: 1.7006367 | K92: 2.2695271 | L92: 2.0732104 | M92: 2.6571384 | N92: 2.1032494 | O92: 1.5269932 | P92: 1.5008378 | Q92: 1.8440004 | R92: 2.0766938 | S92: 1.5447412 | T92: 1.5621733 | U92: 1.5709168 | V92: 1.5034118
A93: LTV Impact | B93: 1.5267084 | C93: 1.4131381 | D93: 1.835972 | E93: 2.2883367 | F93: 2.3764119 | G93: 2.4802458 | H93: 2.3217689 | I93: 2.0401596 | J93: 1.7488173 | K93: 2.0551623 | L93: 1.7463609 | M93: 2.1899991 | N93: 1.8608073 | O93: 1.8833642 | P93: 1.9796627 | Q93: 2.2332052 | R93: 2.7098692 | S93: 2.5961908 | T93: 2.5852215 | U93: 2.2592461 | V93: 2.0376762
A94: APR Impact | B94: -0.23887247 | C94: -0.17635823 | D94: -0.1673399 | E94: -0.05917475 | F94: -0.090119577 | G94: -0.1119562 | H94: -0.097303409 | I94: -0.14305282 | J94: 0.076411951 | K94: 0.19934678 | L94: 0.26720145 | M94: 0.35696477 | N94: 0.15069795 | O94: 0.2107248 | P94: 0.34914807 | Q94: 0.39006738 | R94: 0.53054796 | S94: 0.51859699 | T94: 0.67427742 | U94: 0.7054343 | V94: 0.70869659
A95: RAGU Score | B95: 141.32461 | C95: 140.64072 | D95: 140.8638 | E95: 142.66053 | F95: 143.94016 | G95: 144.74465 | H95: 144.61349 | I95: 143.61818 | J95: 143.99337 | K95: 145.33029 | L95: 145.20958 | M95: 147.69748 | N95: 146.74775 | O95: 146.07366 | P95: 146.43769 | Q95: 147.78528 | R95: 148.88536 | S95: 148.29173 | T95: 148.77616 | U95: 148.99882 | V95: 148.81275
A96: Amount Financed | B96: 2.3578137e+08 | C96: 2.8131921e+08 | D96: 4.5621214e+08 | E96: 3.3338384e+08 | F96: 2.986832e+08 | G96: 2.7312994e+08 | H96: 2.7848582e+08 | I96: 2.653822e+08 | J96: 2.7666201e+08 | K96: 2.6076551e+08 | L96: 2.0846695e+08 | M96: 2.3219901e+08 | N96: 2.4666661e+08 | O96: 3.051792e+08 | P96: 4.8767523e+08 | Q96: 3.2911817e+08 | R96: 3.1226771e+08 | S96: 3.1233022e+08 | T96: 3.0486832e+08 | U96: 2.8197763e+08 | V96: 2.5102961e+08
A97: Weighted LTV | B97: 1.5474093 | C97: 1.5414541 | D97: 1.5204556 | E97: 1.4993788 | F97: 1.4982053 | G97: 1.4905292 | H97: 1.5008106 | I97: 1.5123498 | J97: 1.5204482 | K97: 1.5000472 | L97: 1.5168765 | M97: 1.5004111 | N97: 1.5159659 | O97: 1.5169788 | P97: 1.5154426 | Q97: 1.5139026 | R97: 1.4910858 | S97: 1.4968219 | T97: 1.4986647 | U97: 1.5130809 | V97: 1.5265781
A98: Weighted APR | B98: 0.24979101 | C98: 0.24961215 | D98: 0.24923361 | E98: 0.24789281 | F98: 0.24846582 | G98: 0.24856544 | H98: 0.24841665 | I98: 0.24904556 | J98: 0.24679542 | K98: 0.24536523 | L98: 0.24492275 | M98: 0.24446835 | N98: 0.24613192 | O98: 0.24599805 | P98: 0.24436242 | Q98: 0.24382615 | R98: 0.24258015 | S98: 0.24302244 | T98: 0.24135448 | U98: 0.24178601 | V98: 0.24149041

Sheet Sheet3
A1: ='Data Tables (M) no_cb_zip'!A1 -> AN | B1: ='Data Tables (M) no_cb_zip'!B1 -> 2025 M01 | C1: ='Data Tables (M) no_cb_zip'!C1 -> 2025 M02 | D1: ='Data Tables (M) no_cb_zip'!D1 -> 2025 M03 | E1: ='Data Tables (M) no_cb_zip'!E1 -> 2025 M04 | F1: ='Data Tables (M) no_cb_zip'!F1 -> 2025 M05 | G1: ='Data Tables (M) no_cb_zip'!G1 -> 2025 M06 | H1: ='Data Tables (M) no_cb_zip'!H1 -> 2025 M07 | ... V1: ='Data Tables (M) no_cb_zip'!V1 -> 2026 M09
A2: ='Data Tables (M) no_cb_zip'!A2 -> Model Score | B2: ='Data Tables (M)'!B2-'Data Tables (M) cb_zip'!B2 -> 0 | C2: ='Data Tables (M)'!C2-'Data Tables (M) cb_zip'!C2 -> 0 | D2: ='Data Tables (M)'!D2-'Data Tables (M) cb_zip'!D2 -> 0 | E2: ='Data Tables (M)'!E2-'Data Tables (M) cb_zip'!E2 -> 0 | F2: ='Data Tables (M)'!F2-'Data Tables (M) cb_zip'!F2 -> 0 | G2: ='Data Tables (M)'!G2-'Data Tables (M) cb_zip'!G2 -> 0 | H2: ='Data Tables (M)'!H2-'Data Tables (M) cb_zip'!H2 -> 0 | I2: ='Data Tables (M)'!I2-'Data Tables (M) cb_zip'!I2 -> 0 | ... V2: ='Data Tables (M)'!V2-'Data Tables (M) cb_zip'!V2 -> -0.037967867
A3: ='Data Tables (M) no_cb_zip'!A3 -> Expected Gross Loss Impact | B3: ='Data Tables (M)'!B3-'Data Tables (M) cb_zip'!B3 -> -7.797226e-05 | C3: ='Data Tables (M)'!C3-'Data Tables (M) cb_zip'!C3 -> -0.0048637146 | D3: ='Data Tables (M)'!D3-'Data Tables (M) cb_zip'!D3 -> -0.0062633705 | E3: ='Data Tables (M)'!E3-'Data Tables (M) cb_zip'!E3 -> 0.0091356394 | F3: ='Data Tables (M)'!F3-'Data Tables (M) cb_zip'!F3 -> 0 | G3: ='Data Tables (M)'!G3-'Data Tables (M) cb_zip'!G3 -> 0 | H3: ='Data Tables (M)'!H3-'Data Tables (M) cb_zip'!H3 -> 0 | I3: ='Data Tables (M)'!I3-'Data Tables (M) cb_zip'!I3 -> 0 | ... V3: ='Data Tables (M)'!V3-'Data Tables (M) cb_zip'!V3 -> -0.024875864
A4: ='Data Tables (M) no_cb_zip'!A4 -> Recovery Impact | B4: ='Data Tables (M)'!B4-'Data Tables (M) cb_zip'!B4 -> 0.019327287 | C4: ='Data Tables (M)'!C4-'Data Tables (M) cb_zip'!C4 -> 0.01195737 | D4: ='Data Tables (M)'!D4-'Data Tables (M) cb_zip'!D4 -> 0.015954484 | E4: ='Data Tables (M)'!E4-'Data Tables (M) cb_zip'!E4 -> 0.005074766 | F4: ='Data Tables (M)'!F4-'Data Tables (M) cb_zip'!F4 -> 0 | G4: ='Data Tables (M)'!G4-'Data Tables (M) cb_zip'!G4 -> 9.9920072e-15 | H4: ='Data Tables (M)'!H4-'Data Tables (M) cb_zip'!H4 -> 1.1990409e-14 | I4: ='Data Tables (M)'!I4-'Data Tables (M) cb_zip'!I4 -> 0 | ... V4: ='Data Tables (M)'!V4-'Data Tables (M) cb_zip'!V4 -> -0.0045745456
A5: ='Data Tables (M) no_cb_zip'!A5 -> LTV Impact | B5: ='Data Tables (M)'!B5-'Data Tables (M) cb_zip'!B5 -> -0.011698896 | C5: ='Data Tables (M)'!C5-'Data Tables (M) cb_zip'!C5 -> -0.0072142931 | D5: ='Data Tables (M)'!D5-'Data Tables (M) cb_zip'!D5 -> -0.0074982004 | E5: ='Data Tables (M)'!E5-'Data Tables (M) cb_zip'!E5 -> -0.0014236052 | F5: ='Data Tables (M)'!F5-'Data Tables (M) cb_zip'!F5 -> 0 | G5: ='Data Tables (M)'!G5-'Data Tables (M) cb_zip'!G5 -> -3.9968029e-15 | H5: ='Data Tables (M)'!H5-'Data Tables (M) cb_zip'!H5 -> 0 | I5: ='Data Tables (M)'!I5-'Data Tables (M) cb_zip'!I5 -> -7.1054274e-15 | ... V5: ='Data Tables (M)'!V5-'Data Tables (M) cb_zip'!V5 -> -0.064898769
A6: ='Data Tables (M) no_cb_zip'!A6 -> APR Impact | B6: ='Data Tables (M)'!B6-'Data Tables (M) cb_zip'!B6 -> -0.0062021138 | C6: ='Data Tables (M)'!C6-'Data Tables (M) cb_zip'!C6 -> -0.0011501846 | D6: ='Data Tables (M)'!D6-'Data Tables (M) cb_zip'!D6 -> -0.0047158673 | E6: ='Data Tables (M)'!E6-'Data Tables (M) cb_zip'!E6 -> 0.0011843947 | F6: ='Data Tables (M)'!F6-'Data Tables (M) cb_zip'!F6 -> 0 | G6: ='Data Tables (M)'!G6-'Data Tables (M) cb_zip'!G6 -> -1.8873791e-15 | H6: ='Data Tables (M)'!H6-'Data Tables (M) cb_zip'!H6 -> 0 | I6: ='Data Tables (M)'!I6-'Data Tables (M) cb_zip'!I6 -> -3.8857806e-15 | ... V6: ='Data Tables (M)'!V6-'Data Tables (M) cb_zip'!V6 -> 0.012570726
A7: ='Data Tables (M) no_cb_zip'!A7 -> RAGU Score | B7: ='Data Tables (M)'!B7-'Data Tables (M) cb_zip'!B7 -> 0.0013483046 | C7: ='Data Tables (M)'!C7-'Data Tables (M) cb_zip'!C7 -> -0.0012708225 | D7: ='Data Tables (M)'!D7-'Data Tables (M) cb_zip'!D7 -> -0.0025229547 | E7: ='Data Tables (M)'!E7-'Data Tables (M) cb_zip'!E7 -> 0.013971195 | F7: ='Data Tables (M)'!F7-'Data Tables (M) cb_zip'!F7 -> 0 | G7: ='Data Tables (M)'!G7-'Data Tables (M) cb_zip'!G7 -> 0 | H7: ='Data Tables (M)'!H7-'Data Tables (M) cb_zip'!H7 -> 0 | I7: ='Data Tables (M)'!I7-'Data Tables (M) cb_zip'!I7 -> 0 | ... V7: ='Data Tables (M)'!V7-'Data Tables (M) cb_zip'!V7 -> -0.11974632
A8: ='Data Tables (M) no_cb_zip'!A8 -> Amount Financed | B8: ='Data Tables (M)'!B8-'Data Tables (M) cb_zip'!B8 -> -15858.12 | C8: ='Data Tables (M)'!C8-'Data Tables (M) cb_zip'!C8 -> -23996.84 | D8: ='Data Tables (M)'!D8-'Data Tables (M) cb_zip'!D8 -> -17615.78 | E8: ='Data Tables (M)'!E8-'Data Tables (M) cb_zip'!E8 -> -16664.81 | F8: ='Data Tables (M)'!F8-'Data Tables (M) cb_zip'!F8 -> 0 | G8: ='Data Tables (M)'!G8-'Data Tables (M) cb_zip'!G8 -> 0 | H8: ='Data Tables (M)'!H8-'Data Tables (M) cb_zip'!H8 -> 0 | I8: ='Data Tables (M)'!I8-'Data Tables (M) cb_zip'!I8 -> 0 | ... V8: ='Data Tables (M)'!V8-'Data Tables (M) cb_zip'!V8 -> 1183205
A9: ='Data Tables (M) no_cb_zip'!A9 -> Weighted LTV | B9: ='Data Tables (M)'!B9-'Data Tables (M) cb_zip'!B9 -> 0.00091435261 | C9: ='Data Tables (M)'!C9-'Data Tables (M) cb_zip'!C9 -> 0.00056925798 | D9: ='Data Tables (M)'!D9-'Data Tables (M) cb_zip'!D9 -> 0.00058961886 | E9: ='Data Tables (M)'!E9-'Data Tables (M) cb_zip'!E9 -> 0.00010685471 | F9: ='Data Tables (M)'!F9-'Data Tables (M) cb_zip'!F9 -> 0 | G9: ='Data Tables (M)'!G9-'Data Tables (M) cb_zip'!G9 -> 0 | H9: ='Data Tables (M)'!H9-'Data Tables (M) cb_zip'!H9 -> 0 | I9: ='Data Tables (M)'!I9-'Data Tables (M) cb_zip'!I9 -> 0 | ... V9: ='Data Tables (M)'!V9-'Data Tables (M) cb_zip'!V9 -> 0.0048337456
A10: ='Data Tables (M) no_cb_zip'!A10 -> Weighted APR | B10: ='Data Tables (M)'!B10-'Data Tables (M) cb_zip'!B10 -> 8.8601625e-05 | C10: ='Data Tables (M)'!C10-'Data Tables (M) cb_zip'!C10 -> 1.6431208e-05 | D10: ='Data Tables (M)'!D10-'Data Tables (M) cb_zip'!D10 -> 6.7369533e-05 | E10: ='Data Tables (M)'!E10-'Data Tables (M) cb_zip'!E10 -> -1.6919925e-05 | F10: ='Data Tables (M)'!F10-'Data Tables (M) cb_zip'!F10 -> 0 | G10: ='Data Tables (M)'!G10-'Data Tables (M) cb_zip'!G10 -> 0 | H10: ='Data Tables (M)'!H10-'Data Tables (M) cb_zip'!H10 -> 0 | I10: ='Data Tables (M)'!I10-'Data Tables (M) cb_zip'!I10 -> 0 | ... V10: ='Data Tables (M)'!V10-'Data Tables (M) cb_zip'!V10 -> -0.0001795818
A11: ='Data Tables (M) no_cb_zip'!A11 -> 0 | B11: ='Data Tables (M)'!B11-'Data Tables (M) cb_zip'!B11 -> 0 | C11: ='Data Tables (M)'!C11-'Data Tables (M) cb_zip'!C11 -> 0 | D11: ='Data Tables (M)'!D11-'Data Tables (M) cb_zip'!D11 -> 0 | E11: ='Data Tables (M)'!E11-'Data Tables (M) cb_zip'!E11 -> 0 | F11: ='Data Tables (M)'!F11-'Data Tables (M) cb_zip'!F11 -> 0 | G11: ='Data Tables (M)'!G11-'Data Tables (M) cb_zip'!G11 -> 0 | H11: ='Data Tables (M)'!H11-'Data Tables (M) cb_zip'!H11 -> 0 | I11: ='Data Tables (M)'!I11-'Data Tables (M) cb_zip'!I11 -> 0 | ... V11: ='Data Tables (M)'!V11-'Data Tables (M) cb_zip'!V11 -> 0
A12: ='Data Tables (M) no_cb_zip'!A12 -> FRN | B12: ='Data Tables (M)'!B12-'Data Tables (M) cb_zip'!B12 -> #VALUE! | C12: ='Data Tables (M)'!C12-'Data Tables (M) cb_zip'!C12 -> #VALUE! | D12: ='Data Tables (M)'!D12-'Data Tables (M) cb_zip'!D12 -> #VALUE! | E12: ='Data Tables (M)'!E12-'Data Tables (M) cb_zip'!E12 -> #VALUE! | F12: ='Data Tables (M)'!F12-'Data Tables (M) cb_zip'!F12 -> #VALUE! | G12: ='Data Tables (M)'!G12-'Data Tables (M) cb_zip'!G12 -> #VALUE! | H12: ='Data Tables (M)'!H12-'Data Tables (M) cb_zip'!H12 -> #VALUE! | I12: ='Data Tables (M)'!I12-'Data Tables (M) cb_zip'!I12 -> #VALUE! | ... V12: ='Data Tables (M)'!V12-'Data Tables (M) cb_zip'!V12 -> #VALUE!
A13: ='Data Tables (M) no_cb_zip'!A13 -> Model Score | B13: ='Data Tables (M)'!B13-'Data Tables (M) cb_zip'!B13 -> 0 | C13: ='Data Tables (M)'!C13-'Data Tables (M) cb_zip'!C13 -> 0 | D13: ='Data Tables (M)'!D13-'Data Tables (M) cb_zip'!D13 -> 0 | E13: ='Data Tables (M)'!E13-'Data Tables (M) cb_zip'!E13 -> 0 | F13: ='Data Tables (M)'!F13-'Data Tables (M) cb_zip'!F13 -> 0 | G13: ='Data Tables (M)'!G13-'Data Tables (M) cb_zip'!G13 -> 0 | H13: ='Data Tables (M)'!H13-'Data Tables (M) cb_zip'!H13 -> 0 | I13: ='Data Tables (M)'!I13-'Data Tables (M) cb_zip'!I13 -> 0 | ... V13: ='Data Tables (M)'!V13-'Data Tables (M) cb_zip'!V13 -> -0.024813063
... A98: ='Data Tables (M) no_cb_zip'!A98 -> Weighted APR | B98: ='Data Tables (M)'!B98-'Data Tables (M) cb_zip'!B98 -> 1.2484566e-05 | C98: ='Data Tables (M)'!C98-'Data Tables (M) cb_zip'!C98 -> 2.6835112e-06 | D98: ='Data Tables (M)'!D98-'Data Tables (M) cb_zip'!D98 -> -1.4543834e-06 | E98: ='Data Tables (M)'!E98-'Data Tables (M) cb_zip'!E98 -> -1.9770416e-06 | F98: ='Data Tables (M)'!F98-'Data Tables (M) cb_zip'!F98 -> 8.5447909e-06 | G98: ='Data Tables (M)'!G98-'Data Tables (M) cb_zip'!G98 -> -7.784855e-06 | H98: ='Data Tables (M)'!H98-'Data Tables (M) cb_zip'!H98 -> -1.4874165e-06 | I98: ='Data Tables (M)'!I98-'Data Tables (M) cb_zip'!I98 -> 0 | ... V98: ='Data Tables (M)'!V98-'Data Tables (M) cb_zip'!V98 -> 7.4375052e-05

Sheet Data Tables (W) FRN
A1: AN | B1: 2026-05-31/2026-06-06 | C1: 2026-06-07/2026-06-13 | D1: 2026-06-14/2026-06-20 | E1: 2026-06-21/2026-06-27 | F1: 2026-06-28/2026-07-04 | G1: 2026-07-05/2026-07-11 | H1: 2026-07-12/2026-07-18 | I1: 2026-07-19/2026-07-25 | J1: 2026-07-26/2026-08-01 | K1: 2026-08-02/2026-08-08 | L1: 2026-08-09/2026-08-15 | M1: 2026-08-16/2026-08-22 | N1: 2026-08-23/2026-08-29 | O1: 2026-08-30/2026-09-05 | P1: 2026-09-06/2026-09-12 | Q1: 2026-09-13/2026-09-19 | R1: 2026-09-20/2026-09-26 | S1: 2026-09-27/2026-10-03
A2: Model Score | B2: 140.81056 | C2: 141.05537 | D2: 142.1857 | E2: 141.3821 | F2: 141.13145 | G2: 141.15729 | H2: 140.75021 | I2: 140.63682 | J2: 140.97697 | K2: 142.68917 | L2: 142.47694 | M2: 141.44568 | N2: 141.60527 | O2: 141.61843 | P2: 141.56647 | Q2: 143.40585 | R2: 141.40551 | S2: 144.22289
A3: Expected Gross Loss Impact | B3: 2.9882161 | C3: 3.0035057 | D3: 2.8261245 | E3: 2.3225239 | F3: 3.2392934 | G3: 2.8252109 | H3: 2.2042861 | I3: 2.3496224 | J3: 2.1967441 | K3: 2.5141234 | L3: 2.7669669 | M3: 2.8196028 | N3: 2.3500393 | O3: 2.8940088 | P3: 2.7829301 | Q3: 3.3491685 | R3: 2.6214805 | S3: 2.7694399
A4: Recovery Impact | B4: 2.5353149 | C4: 4.2870718 | D4: 2.5855347 | E4: 2.3487812 | F4: 3.6668322 | G4: 4.8154046 | H4: 2.4759135 | I4: 2.7231617 | J4: 4.2038466 | K4: 2.7466809 | L4: 2.7791065 | M4: 4.0483542 | N4: 4.1136169 | O4: 5.1083934 | P4: 2.8290092 | Q4: 1.8093018 | R4: 3.3654693 | S4: 0.24993333
A5: LTV Impact | B5: 4.9520215 | C5: 4.0103006 | D5: 4.0124223 | E5: 4.1772022 | F5: 4.3764111 | G5: 4.6046256 | H5: 4.0742078 | I5: 4.0929157 | J5: 3.456103 | K5: 4.1062915 | L5: 3.7168351 | M5: 3.9905785 | N5: 4.6330041 | O5: 4.4006663 | P5: 4.0570824 | Q5: 3.8395369 | R5: 3.3106869 | S5: 3.200091
A6: APR Impact | B6: 1.4627528 | C6: 1.8012695 | D6: 1.9431574 | E6: 1.7028213 | F6: 1.7625627 | G6: 1.9586811 | H6: 1.2840725 | I6: 1.3924947 | J6: 1.1778799 | K6: 1.2952109 | L6: 0.76031 | M6: 1.4793788 | N6: 1.2611233 | O6: 1.4982069 | P6: 0.71015471 | Q6: 1.4204687 | R6: 1.3996924 | S6: 1.0546109
A7: RAGU Score | B7: 152.74886 | C7: 154.15752 | D7: 153.55294 | E7: 151.93343 | F7: 154.17655 | G7: 155.36122 | H7: 150.78869 | I7: 151.19501 | J7: 152.01155 | K7: 153.35147 | L7: 152.50016 | M7: 153.78359 | N7: 153.96305 | O7: 155.51971 | P7: 151.94565 | Q7: 153.82432 | R7: 152.10284 | S7: 151.49696
A8: Amount Financed | B8: 4958280.5 | C8: 5247689.4 | D8: 5299439.5 | E8: 4975160.9 | F8: 5642143.4 | G8: 5845718.2 | H8: 6315728.2 | I8: 5719500.2 | J8: 5370998 | K8: 4318566.4 | L8: 4334952 | M8: 4321109.9 | N8: 3904104 | O8: 3502109.6 | P8: 3331132 | Q8: 3143399.7 | R8: 3769209.3 | S8: 826279.47
A9: Weighted LTV | B9: 1.5023673 | C9: 1.5697062 | D9: 1.5695477 | E9: 1.5573351 | F9: 1.5428221 | G9: 1.526525 | H9: 1.5649461 | I9: 1.5635581 | J9: 1.6122328 | K9: 1.5625673 | L9: 1.591942 | M9: 1.5711811 | N9: 1.5245224 | O9: 1.5410735 | P9: 1.5662189 | Q9: 1.5825688 | R9: 1.6237757 | S9: 1.6326659
A10: Weighted APR | B10: 0.22910353 | C10: 0.22426758 | D10: 0.22224061 | E10: 0.22567398 | F10: 0.22482053 | G10: 0.22201884 | H10: 0.23165611 | I10: 0.23010722 | J10: 0.23317314 | K10: 0.23149699 | L10: 0.23913843 | M10: 0.22886602 | N10: 0.23198395 | O10: 0.22859704 | P10: 0.23985493 | Q10: 0.22970759 | R10: 0.23000439 | S10: 0.23493413
A12: FRN | B12: 2026-05-31/2026-06-06 | C12: 2026-06-07/2026-06-13 | D12: 2026-06-14/2026-06-20 | E12: 2026-06-21/2026-06-27 | F12: 2026-06-28/2026-07-04 | G12: 2026-07-05/2026-07-11 | H12: 2026-07-12/2026-07-18 | I12: 2026-07-19/2026-07-25 | J12: 2026-07-26/2026-08-01 | K12: 2026-08-02/2026-08-08 | L12: 2026-08-09/2026-08-15 | M12: 2026-08-16/2026-08-22 | N12: 2026-08-23/2026-08-29 | O12: 2026-08-30/2026-09-05 | P12: 2026-09-06/2026-09-12 | Q12: 2026-09-13/2026-09-19 | R12: 2026-09-20/2026-09-26 | S12: 2026-09-27/2026-10-03
A13: Model Score
A14: Expected Gross Loss Impact
A15: Recovery Impact
A16: LTV Impact
A17: APR Impact
A18: RAGU Score
A19: Amount Financed
A20: Weighted LTV
A21: Weighted APR
A23: STG | B23: 2026-05-31/2026-06-06 | C23: 2026-06-07/2026-06-13 | D23: 2026-06-14/2026-06-20 | E23: 2026-06-21/2026-06-27 | F23: 2026-06-28/2026-07-04 | G23: 2026-07-05/2026-07-11 | H23: 2026-07-12/2026-07-18 | I23: 2026-07-19/2026-07-25 | J23: 2026-07-26/2026-08-01 | K23: 2026-08-02/2026-08-08 | L23: 2026-08-09/2026-08-15 | M23: 2026-08-16/2026-08-22 | N23: 2026-08-23/2026-08-29 | O23: 2026-08-30/2026-09-05 | P23: 2026-09-06/2026-09-12 | Q23: 2026-09-13/2026-09-19 | R23: 2026-09-20/2026-09-26 | S23: 2026-09-27/2026-10-03
A24: Model Score | B24: 141.58569 | C24: 141.55486 | D24: 140.63279 | E24: 141.29539 | F24: 141.73603 | G24: 140.58361 | H24: 141.53579 | I24: 141.46101 | J24: 141.00679 | K24: 141.46975 | L24: 141.54758 | M24: 141.56537 | N24: 141.89197 | O24: 141.58694 | P24: 141.174 | Q24: 141.12243 | R24: 141.91032 | S24: 141.38311
A25: Expected Gross Loss Impact | B25: 1.808147 | C25: 2.3037182 | D25: 1.9182225 | E25: 2.198835 | F25: 2.2083583 | G25: 1.8933176 | H25: 1.9275003 | I25: 2.20055 | J25: 1.8239653 | K25: 1.5142528 | L25: 2.5150931 | M25: 2.1243746 | N25: 2.1880549 | O25: 2.1242049 | P25: 1.8932178 | Q25: 1.9000191 | R25: 2.6490807 | S25: 1.4321212
A26: Recovery Impact | B26: 3.8345268 | C26: 4.7065718 | D26: 4.7221213 | E26: 3.3802228 | F26: 4.0522065 | G26: 4.4313824 | H26: 4.397884 | I26: 4.2780627 | J26: 3.4000411 | K26: 3.2450906 | L26: 4.7450402 | M26: 3.5790182 | N26: 4.6340861 | O26: 5.1256432 | P26: 3.0223676 | Q26: 4.6190526 | R26: 3.8925974 | S26: 5.2122712
A27: LTV Impact | B27: 5.2731832 | C27: 5.3491705 | D27: 4.8466141 | E27: 4.7198144 | F27: 5.4186291 | G27: 5.2158839 | H27: 5.2593957 | I27: 5.1264892 | J27: 5.0840799 | K27: 4.8713146 | L27: 5.2543874 | M27: 5.2415181 | N27: 4.5680145 | O27: 5.3870049 | P27: 4.7405557 | Q27: 4.9939468 | R27: 5.6078609 | S27: 4.481231
A28: APR Impact | B28: 1.0180817 | C28: 1.2265005 | D28: 0.82243564 | E28: 0.98040314 | F28: 1.0708619 | G28: 0.98776464 | H28: 0.91829589 | I28: 1.0691532 | J28: 1.0635962 | K28: 0.60314826 | L28: 0.78429026 | M28: 0.74773395 | N28: 0.75873845 | O28: 1.0568632 | P28: 0.86188399 | Q28: 1.1644296 | R28: 1.1990016 | S28: 0.64406832
A29: RAGU Score | B29: 153.51963 | C29: 155.14082 | D29: 152.94219 | E29: 152.57467 | F29: 154.48609 | G29: 153.11196 | H29: 154.03887 | I29: 154.13526 | J29: 152.37847 | K29: 151.70356 | L29: 154.84639 | M29: 153.25802 | N29: 154.04087 | O29: 155.28066 | P29: 151.69202 | Q29: 153.79987 | R29: 155.25886 | S29: 153.15281
A30: Amount Financed | B30: 8560512.3 | C30: 8917287.9 | D30: 8263841.3 | E30: 9118608.5 | F30: 8884209.9 | G30: 8646568.7 | H30: 8972399.5 | I30: 8849992.8 | J30: 8830943.4 | K30: 7392162.5 | L30: 7814462.7 | M30: 7737314.6 | N30: 7074662.5 | O30: 7155462 | P30: 6658204.5 | Q30: 5446329.6 | R30: 4844446.4 | S30: 2311312.1
A31: Weighted LTV | B31: 1.4807044 | C31: 1.47567 | D31: 1.5096161 | E31: 1.5184292 | F31: 1.471098 | G31: 1.4845234 | H31: 1.4816215 | I31: 1.4905211 | J31: 1.4933835 | K31: 1.5079112 | L31: 1.481955 | M31: 1.4828125 | N31: 1.5291162 | O31: 1.4731761 | P31: 1.5169805 | Q31: 1.4995035 | R31: 1.4587846 | S31: 1.5352938
A32: Weighted APR | B32: 0.23545598 | C32: 0.23247856 | D32: 0.23825092 | E32: 0.23599424 | F32: 0.23470197 | G32: 0.23588908 | H32: 0.23688149 | I32: 0.23472638 | J32: 0.23480577 | K32: 0.2413836 | L32: 0.23879585 | M32: 0.23931809 | N32: 0.23916088 | O32: 0.23490195 | P32: 0.23768737 | Q32: 0.23336529 | R32: 0.23287141 | S32: 0.24079902
A34: FLD | B34: 2026-05-31/2026-06-06 | C34: 2026-06-07/2026-06-13 | D34: 2026-06-14/2026-06-20 | E34: 2026-06-21/2026-06-27 | F34: 2026-06-28/2026-07-04 | G34: 2026-07-05/2026-07-11 | H34: 2026-07-12/2026-07-18 | I34: 2026-07-19/2026-07-25 | J34: 2026-07-26/2026-08-01 | K34: 2026-08-02/2026-08-08 | L34: 2026-08-09/2026-08-15 | M34: 2026-08-16/2026-08-22 | N34: 2026-08-23/2026-08-29 | O34: 2026-08-30/2026-09-05 | P34: 2026-09-06/2026-09-12 | Q34: 2026-09-13/2026-09-19 | R34: 2026-09-20/2026-09-26 | S34: 2026-09-27/2026-10-03
A35: Model Score | B35: 142.36344 | C35: 142.09601 | D35: 142.91137 | E35: 141.94351 | F35: 142.98549 | G35: 141.55385 | H35: 141.26404 | I35: 142.37761 | J35: 143.06881 | K35: 143.20404 | L35: 142.58914 | M35: 142.856 | N35: 143.19847 | O35: 143.16979 | P35: 143.28776 | Q35: 144.30187 | R35: 145.04017 | S35: 143.3039
A36: Expected Gross Loss Impact | B36: 1.809161 | C36: 2.4560619 | D36: 1.8739391 | E36: 2.1844701 | F36: 1.6103176 | G36: 2.1919812 | H36: 1.4279114 | I36: 1.7370231 | J36: 2.5822027 | K36: 3.3435524 | L36: 0.99837707 | M36: 2.6065595 | N36: 2.9482424 | O36: 2.9277953 | P36: 2.7608925 | Q36: 3.0640216 | R36: 2.5655468 | S36: 1.4325377
A37: Recovery Impact | B37: 0.16321923 | C37: -0.32447171 | D37: -0.23993459 | E37: -0.28103949 | F37: -1.6233776 | G37: 0.27733758 | H37: -0.2795909 | I37: 1.3086184 | J37: -0.040910882 | K37: 0.62204716 | L37: -0.5897069 | M37: 0.88368876 | N37: -1.9717456 | O37: 1.6664242 | P37: -1.8241565 | Q37: 1.7443924 | R37: -0.51641503 | S37: -1.23367
A38: LTV Impact | B38: 0.053421838 | C38: -0.51182565 | D38: -1.1085901 | E38: 0.0014440717 | F38: -0.70378869 | G38: -0.23052362 | H38: -1.6461374 | I38: -1.0224333 | J38: 0.077271021 | K38: -0.9869877 | L38: -0.26102304 | M38: -0.81155071 | N38: -1.3828055 | O38: 0.1024076 | P38: -1.982956 | Q38: -0.22995443 | R38: -0.048054842 | S38: -0.47842301
A39: APR Impact | B39: -0.4312695 | C39: -0.13779383 | D39: -0.23534779 | E39: -0.51724065 | F39: -0.41898763 | G39: -0.49025323 | H39: -0.88530604 | I39: -0.25526289 | J39: -0.46139233 | K39: -0.50474848 | L39: -1.1226736 | M39: -0.7750812 | N39: -0.64481394 | O39: -0.94133739 | P39: -0.93574457 | Q39: -0.34549938 | R39: 0.1280021 | S39: -0.5327118
A40: RAGU Score | B40: 143.95797 | C40: 143.57798 | D40: 143.20144 | E40: 143.33115 | F40: 141.84965 | G40: 143.30239 | H40: 139.88092 | I40: 144.14556 | J40: 145.22598 | K40: 145.6779 | L40: 141.61412 | M40: 144.75962 | N40: 142.14734 | O40: 146.92508 | P40: 141.3058 | Q40: 148.53483 | R40: 147.16925 | S40: 142.49163
A41: Amount Financed | B41: 3119614.9 | C41: 3082216.1 | D41: 3255072.1 | E41: 3754735.6 | F41: 3090961.3 | G41: 3235010.3 | H41: 2773875.4 | I41: 3684093.6 | J41: 2493803 | K41: 2005785.1 | L41: 2182549.8 | M41: 1860084.6 | N41: 2347864.3 | O41: 2279845.6 | P41: 1896498.6 | Q41: 2205624.4 | R41: 1443190.3 | S41: 605859.69
A42: Weighted LTV | B42: 1.4454577 | C42: 1.4950109 | D42: 1.5511525 | E42: 1.4498768 | F42: 1.5126215 | G42: 1.4699326 | H42: 1.6054592 | I42: 1.5427881 | J42: 1.4434391 | K42: 1.5393731 | L42: 1.4726109 | M42: 1.5226906 | N42: 1.5783885 | O42: 1.4413175 | P42: 1.6414682 | Q42: 1.4698827 | R42: 1.4541104 | S42: 1.4919883
A43: Weighted APR | B43: 0.24116099 | C43: 0.23696848 | D43: 0.23836211 | E43: 0.24238915 | F43: 0.24098554 | G43: 0.24200362 | H43: 0.24764723 | I43: 0.23864661 | J43: 0.24159132 | K43: 0.24221069 | L43: 0.25103819 | M43: 0.24607259 | N43: 0.24421163 | O43: 0.24844768 | P43: 0.24836778 | Q43: 0.23993571 | R43: 0.2331714 | S43: 0.24261017
A45: ENT | B45: 2026-05-31/2026-06-06 | C45: 2026-06-07/2026-06-13 | D45: 2026-06-14/2026-06-20 | E45: 2026-06-21/2026-06-27 | F45: 2026-06-28/2026-07-04 | G45: 2026-07-05/2026-07-11 | H45: 2026-07-12/2026-07-18 | I45: 2026-07-19/2026-07-25 | J45: 2026-07-26/2026-08-01 | K45: 2026-08-02/2026-08-08 | L45: 2026-08-09/2026-08-15 | M45: 2026-08-16/2026-08-22 | N45: 2026-08-23/2026-08-29 | O45: 2026-08-30/2026-09-05 | P45: 2026-09-06/2026-09-12 | Q45: 2026-09-13/2026-09-19 | R45: 2026-09-20/2026-09-26 | S45: 2026-09-27/2026-10-03
A46: Model Score | B46: 143.67618 | C46: 143.41471 | D46: 144.37063 | E46: 144.17677 | F46: 144.95709 | G46: 145.31828 | H46: 144.93362 | I46: 145.10982 | J46: 145.38399 | K46: 145.29986 | L46: 145.97946 | M46: 145.73217 | N46: 145.57118 | O46: 145.49932 | P46: 146.0447 | Q46: 146.17372 | R46: 146.54993 | S46: 146.50793
A47: Expected Gross Loss Impact | B47: -0.67375177 | C47: -0.67703219 | D47: -0.81671206 | E47: -0.65642001 | F47: -0.23868901 | G47: -0.30158357 | H47: -0.017340569 | I47: -0.84040231 | J47: -0.4719164 | K47: -0.39847326 | L47: -0.22702181 | M47: -0.42519944 | N47: -0.52653796 | O47: 0.40475817 | P47: -0.71176482 | Q47: 0.65469001 | R47: -0.17674931 | S47: 0.068077508
A48: Recovery Impact | B48: 0.24427916 | C48: 0.38983161 | D48: 0.32564153 | E48: 0.25026179 | F48: 0.46495111 | G48: -1.3430123 | H48: -0.66322416 | I48: -0.048888058 | J48: -0.88562026 | K48: -1.6117517 | L48: -1.850748 | M48: -1.3239999 | N48: -0.77848424 | O48: -1.9546511 | P48: -1.4886276 | Q48: -0.61786379 | R48: -0.54338793 | S48: 0.58505435
A49: LTV Impact | B49: 1.307794 | C49: 1.3189299 | D49: 1.1263841 | E49: 1.3224896 | F49: 1.3965767 | G49: 1.3040286 | H49: 1.3426147 | I49: 1.5369367 | J49: 1.4337818 | K49: 1.8487479 | L49: 1.6396263 | M49: 1.7990695 | N49: 1.9400575 | O49: 2.1857293 | P49: 2.0691241 | Q49: 2.1411092 | R49: 2.8366661 | S49: 2.9895778
A50: APR Impact | B50: -0.22339582 | C50: -0.35619662 | D50: -0.14629725 | E50: -0.4661019 | F50: -0.19486023 | G50: -0.43996717 | H50: -0.46041752 | I50: -0.38413928 | J50: -0.28917009 | K50: -0.45780299 | L50: -0.31350427 | M50: -0.37663609 | N50: -0.26432617 | O50: -0.21073472 | P50: -0.45427329 | Q50: 0.24790592 | R50: 0.51064366 | S50: -0.33566781
A51: RAGU Score | B51: 144.33111 | C51: 144.09024 | D51: 144.85965 | E51: 144.627 | F51: 146.38507 | G51: 144.53774 | H51: 145.13525 | I51: 145.37333 | J51: 145.17107 | K51: 144.68058 | L51: 145.22781 | M51: 145.4054 | N51: 145.94189 | O51: 145.92442 | P51: 145.45916 | Q51: 148.59957 | R51: 149.1771 | S51: 149.81498
A52: Amount Financed | B52: 3243960.6 | C52: 3727649.5 | D52: 4023499.5 | E52: 3853838.1 | F52: 3792944.8 | G52: 3260649.6 | H52: 3267858.2 | I52: 3406842.1 | J52: 3046532.3 | K52: 2816339.5 | L52: 3755384.1 | M52: 3178644.8 | N52: 3265360.9 | O52: 3229338.9 | P52: 2816582.1 | Q52: 2417608.2 | R52: 2335112.1 | S52: 819834.95
A53: Weighted LTV | B53: 1.3464211 | C53: 1.3456026 | D53: 1.3598961 | E53: 1.3453412 | F53: 1.3399232 | G53: 1.3466981 | H53: 1.3438651 | I53: 1.3297774 | J53: 1.3372188 | K53: 1.3077792 | L53: 1.3224514 | M53: 1.3112351 | N53: 1.3014744 | O53: 1.2848091 | P53: 1.2926656 | Q53: 1.2878042 | R53: 1.2426483 | S53: 1.2331426
A54: Weighted APR | B54: 0.23819137 | C54: 0.24008852 | D54: 0.23708996 | E54: 0.2416586 | F54: 0.23778372 | G54: 0.24128525 | H54: 0.24157739 | I54: 0.2404877 | J54: 0.239131 | K54: 0.24154004 | L54: 0.23947863 | M54: 0.24038052 | N54: 0.23877609 | O54: 0.2380105 | P54: 0.24148962 | Q54: 0.23145849 | R54: 0.22770509 | S54: 0.23979525
A56: KMX | B56: 2026-05-31/2026-06-06 | C56: 2026-06-07/2026-06-13 | D56: 2026-06-14/2026-06-20 | E56: 2026-06-21/2026-06-27 | F56: 2026-06-28/2026-07-04 | G56: 2026-07-05/2026-07-11 | H56: 2026-07-12/2026-07-18 | I56: 2026-07-19/2026-07-25 | J56: 2026-07-26/2026-08-01 | K56: 2026-08-02/2026-08-08 | L56: 2026-08-09/2026-08-15 | M56: 2026-08-16/2026-08-22 | N56: 2026-08-23/2026-08-29 | O56: 2026-08-30/2026-09-05 | P56: 2026-09-06/2026-09-12 | Q56: 2026-09-13/2026-09-19 | R56: 2026-09-20/2026-09-26 | S56: 2026-09-27/2026-10-03
A57: Model Score | B57: 143.29397 | C57: 142.98318 | D57: 142.78622 | E57: 142.72941 | F57: 142.59631 | G57: 143.01325 | H57: 143.67644 | I57: 143.66838 | J57: 143.85034 | K57: 144.4028 | L57: 143.58908 | M57: 143.85123 | N57: 144.08891 | O57: 144.12414 | P57: 143.94177 | Q57: 143.7038 | R57: 143.65127 | S57: 144.01754
A58: Expected Gross Loss Impact | B58: 0.27077028 | C58: 0.29282498 | D58: 0.17465669 | E58: 0.032678114 | F58: 0.19547702 | G58: 0.35421109 | H58: 0.053942324 | I58: 0.3385515 | J58: 0.40789806 | K58: 0.30510085 | L58: 0.47167915 | M58: 0.38631112 | N58: 0.16143354 | O58: 0.33659547 | P58: 0.16937365 | Q58: -0.13856705 | R58: 0.46842922 | S58: 2.4308143
A59: Recovery Impact | B59: 0.56817915 | C59: 0.62174109 | D59: 0.50057593 | E59: 0.52405004 | F59: 0.45199156 | G59: 0.95154689 | H59: 0.69278167 | I59: 0.75241061 | J59: 1.1251661 | K59: 0.60687545 | L59: 1.0986837 | M59: 0.87289933 | N59: 0.7209419 | O59: 0.70448614 | P59: 0.41685211 | Q59: 0.54949719 | R59: 0.72173145 | S59: 1.5941333
A60: LTV Impact | B60: 1.3459069 | C60: 1.3782934 | D60: 1.3732959 | E60: 2.1322545 | F60: 1.712439 | G60: 1.5064158 | H60: 1.2760716 | I60: 1.7239438 | J60: 1.0888024 | K60: 0.45131273 | L60: 1.557361 | M60: 1.183729 | N60: 0.99600458 | O60: 0.66852164 | P60: 0.63214917 | Q60: 0.54816104 | R60: 0.051324174 | S60: 0.057896707
A61: APR Impact | B61: 0.86328541 | C61: 0.75309512 | D61: 0.67897307 | E61: 0.64414779 | F61: 0.70132713 | G61: 0.92401025 | H61: 1.0360884 | I61: 1.0052932 | J61: 0.9984627 | K61: 1.0532047 | L61: 1.1642633 | M61: 1.1403742 | N61: 0.96592407 | O61: 0.99970951 | P61: 0.90717951 | Q61: 1.1241034 | R61: 1.1260616 | S61: 0.76557822
A62: RAGU Score | B62: 146.34211 | C62: 146.02914 | D62: 145.51373 | E62: 146.06254 | F62: 145.65755 | G62: 146.74943 | H62: 146.73533 | I62: 147.48858 | J62: 147.47067 | K62: 146.8193 | L62: 147.88107 | M62: 147.43454 | N62: 146.93321 | O62: 146.83345 | P62: 146.06733 | Q62: 145.787 | R62: 146.01882 | S62: 148.86596
A63: Amount Financed | B63: 35548297 | C63: 38274707 | D63: 40258178 | E63: 38057733 | F63: 38605527 | G63: 36904430 | H63: 36386864 | I63: 36238429 | J63: 36478836 | K63: 36026639 | L63: 38409078 | M63: 36985482 | N63: 37293225 | O63: 34969003 | P63: 34894131 | Q63: 34432219 | R63: 31407511 | S63: 20451377
A64: Weighted LTV | B64: 1.5121814 | C64: 1.5104026 | D64: 1.5106768 | E64: 1.4701431 | F64: 1.4922913 | G64: 1.5034064 | H64: 1.5160314 | I64: 1.4916755 | J64: 1.5264527 | K64: 1.5630283 | L64: 1.5006425 | M64: 1.5211523 | N64: 1.5316701 | O64: 1.5503708 | P64: 1.552476 | Q64: 1.5573592 | R64: 1.5868859 | S64: 1.586488
A65: Weighted APR | B65: 0.24198378 | C65: 0.24300697 | D65: 0.24369525 | E65: 0.24401863 | F65: 0.24348768 | G65: 0.2414199 | H65: 0.24037918 | I65: 0.24066513 | J65: 0.24072856 | K65: 0.24022024 | L65: 0.23918898 | M65: 0.23941081 | N65: 0.24103071 | O65: 0.24071698 | P65: 0.24157619 | Q65: 0.2395619 | R65: 0.23954371 | S65: 0.24289106
A67: Franchise Independent | B67: 2026-05-31/2026-06-06 | C67: 2026-06-07/2026-06-13 | D67: 2026-06-14/2026-06-20 | E67: 2026-06-21/2026-06-27 | F67: 2026-06-28/2026-07-04 | G67: 2026-07-05/2026-07-11 | H67: 2026-07-12/2026-07-18 | I67: 2026-07-19/2026-07-25 | J67: 2026-07-26/2026-08-01 | K67: 2026-08-02/2026-08-08 | L67: 2026-08-09/2026-08-15 | M67: 2026-08-16/2026-08-22 | N67: 2026-08-23/2026-08-29 | O67: 2026-08-30/2026-09-05 | P67: 2026-09-06/2026-09-12 | Q67: 2026-09-13/2026-09-19 | R67: 2026-09-20/2026-09-26 | S67: 2026-09-27/2026-10-03
A68: Model Score | B68: 141.50052 | C68: 141.49959 | D68: 141.56312 | E68: 141.4559 | F68: 141.76163 | G68: 140.94984 | H68: 141.21936 | I68: 141.38776 | J68: 141.3052 | K68: 142.10729 | L68: 141.98729 | M68: 141.70069 | N68: 142.03816 | O68: 141.8744 | P68: 141.62126 | Q68: 142.43691 | R68: 142.17027 | S68: 142.3208
A69: Expected Gross Loss Impact | B69: 2.1600002 | C69: 2.543863 | D69: 2.1957304 | E69: 2.2302906 | F69: 2.4336005 | G69: 2.2551192 | H69: 1.9475594 | I69: 2.1537068 | J69: 2.0571438 | K69: 2.0965574 | L69: 2.3603029 | M69: 2.4046533 | N69: 2.3694376 | O69: 2.4741975 | P69: 2.281015 | Q69: 2.5598037 | R69: 2.626749 | S69: 1.7273705
A70: Recovery Impact | B70: 2.7590079 | C70: 3.6798442 | D70: 3.0885154 | E70: 2.3225062 | F70: 2.9330037 | G70: 3.7999555 | H70: 3.0074858 | I70: 3.1915383 | J70: 3.1446575 | K70: 2.7045978 | L70: 3.3380049 | M70: 3.3645205 | N70: 3.3178072 | O70: 4.5113864 | P70: 2.1948676 | Q70: 3.2135784 | R70: 3.0623271 | S70: 3.0737062
A71: LTV Impact | B71: 4.1987983 | C71: 3.8943929 | D71: 3.4311742 | E71: 3.5759754 | F71: 4.0106676 | G71: 4.0204152 | H71: 3.7844533 | I71: 3.561606 | J71: 3.8125071 | K71: 3.7737837 | L71: 3.9494111 | M71: 4.0442155 | N71: 3.5386476 | O71: 4.1887494 | P71: 3.4762045 | Q71: 3.5904971 | R71: 3.9352598 | S71: 3.395753
A72: APR Impact | B72: 0.87884884 | C72: 1.157571 | D72: 0.97084707 | E72: 0.86671801 | F72: 1.0309925 | G72: 1.0382123 | H72: 0.76920826 | I72: 0.90316276 | J72: 0.87257724 | K72: 0.65903095 | L72: 0.48663415 | M72: 0.77136814 | N72: 0.65863903 | O72: 0.82420816 | P72: 0.53253143 | Q72: 0.93048608 | R72: 1.1205267 | S72: 0.54422978
A73: RAGU Score | B73: 151.49718 | C73: 152.77526 | D73: 151.24938 | E73: 150.45139 | F73: 152.16989 | G73: 152.06354 | H73: 150.72807 | I73: 151.19777 | J73: 151.19208 | K73: 151.34126 | L73: 152.12165 | M73: 152.28545 | N73: 151.92269 | O73: 153.87294 | P73: 150.10588 | Q73: 152.73128 | R73: 152.91513 | S73: 151.06186
A74: Amount Financed | B74: 16638408 | C74: 17247193 | D74: 16818353 | E74: 17848505 | F74: 17617315 | G74: 17727297 | H74: 18062003 | I74: 18253587 | J74: 16695744 | K74: 13716514 | L74: 14331965 | M74: 13918509 | N74: 13326631 | O74: 12937417 | P74: 11885835 | Q74: 10795354 | R74: 10056846 | S74: 3743451.3
A75: Weighted LTV | B75: 1.4805514 | C75: 1.5077382 | D75: 1.5365395 | E75: 1.5148528 | F75: 1.5013538 | G75: 1.4957111 | H75: 1.529776 | I75: 1.5239552 | J75: 1.5241571 | K75: 1.5297201 | L75: 1.5137995 | M75: 1.5155765 | N75: 1.5364511 | O75: 1.4859415 | P75: 1.5506433 | Q75: 1.5176386 | R75: 1.5199509 | S75: 1.5497776
A76: Weighted APR | B76: 0.23463259 | C76: 0.23078265 | D76: 0.23322761 | E76: 0.23446281 | F76: 0.23263978 | G76: 0.23243108 | H76: 0.23670768 | I76: 0.23407025 | J76: 0.2352941 | K76: 0.2383918 | L76: 0.2407638 | M76: 0.23697584 | N76: 0.2379482 | O76: 0.23558228 | P76: 0.23999901 | Q76: 0.23364266 | R76: 0.23183993 | S76: 0.23979761
A78: nonKMX | B78: 2026-05-31/2026-06-06 | C78: 2026-06-07/2026-06-13 | D78: 2026-06-14/2026-06-20 | E78: 2026-06-21/2026-06-27 | F78: 2026-06-28/2026-07-04 | G78: 2026-07-05/2026-07-11 | H78: 2026-07-12/2026-07-18 | I78: 2026-07-19/2026-07-25 | J78: 2026-07-26/2026-08-01 | K78: 2026-08-02/2026-08-08 | L78: 2026-08-09/2026-08-15 | M78: 2026-08-16/2026-08-22 | N78: 2026-08-23/2026-08-29 | O78: 2026-08-30/2026-09-05 | P78: 2026-09-06/2026-09-12 | Q78: 2026-09-13/2026-09-19 | R78: 2026-09-20/2026-09-26 | S78: 2026-09-27/2026-10-03
A79: Model Score | B79: 141.8555 | C79: 141.83995 | D79: 142.1051 | E79: 141.93907 | F79: 142.32772 | G79: 141.62851 | H79: 141.78841 | I79: 141.97318 | J79: 141.93462 | K79: 142.65114 | L79: 142.81617 | M79: 142.45021 | N79: 142.73347 | O79: 142.59848 | P79: 142.46867 | Q79: 143.12065 | R79: 142.99556 | S79: 143.07305
A80: Expected Gross Loss Impact | B80: 1.6976519 | C80: 1.9714454 | D80: 1.6141813 | E80: 1.717677 | F80: 1.9601898 | G80: 1.8579145 | H80: 1.6465253 | I80: 1.6827809 | J80: 1.6668715 | K80: 1.6715338 | L80: 1.8231099 | M80: 1.8785367 | N80: 1.7994997 | O80: 2.0608232 | P80: 1.70768 | Q80: 2.2112204 | R80: 2.0984642 | S80: 1.4292638
A81: Recovery Impact | B81: 2.3487106 | C81: 3.0951431 | D81: 2.5551452 | E81: 1.9545232 | F81: 2.4957746 | G81: 3.0009533 | H81: 2.4451118 | I81: 2.6818706 | J81: 2.5227246 | K81: 1.969316 | L81: 2.2606906 | M81: 2.4928467 | N81: 2.511643 | O81: 3.2197837 | P81: 1.4892104 | Q81: 2.51253 | R81: 2.3828745 | S81: 2.6265978
A82: LTV Impact | B82: 3.7271088 | C82: 3.4366816 | D82: 2.9862367 | E82: 3.175808 | F82: 3.5475671 | G82: 3.5984023 | H82: 3.4103495 | I82: 3.2431576 | J82: 3.4454337 | K82: 3.4458575 | L82: 3.4698423 | M82: 3.6268055 | N82: 3.2240396 | O82: 3.7886425 | P82: 3.2066463 | Q82: 3.325299 | R82: 3.7282433 | S82: 3.32278
A83: APR Impact | B83: 0.69900919 | C83: 0.88854415 | D83: 0.75518344 | E83: 0.63003977 | F83: 0.81382597 | G83: 0.80856502 | H83: 0.58082247 | I83: 0.70069056 | J83: 0.69330203 | K83: 0.46878046 | L83: 0.32050548 | M83: 0.55793509 | N83: 0.47699631 | O83: 0.61747644 | P83: 0.34348656 | Q83: 0.8055927 | R83: 1.0056017 | S83: 0.38614835
A84: RAGU Score | B84: 150.32798 | C84: 151.23176 | D84: 150.01585 | E84: 149.41711 | F84: 151.14508 | G84: 150.89435 | H84: 149.87122 | I84: 150.28168 | J84: 150.26295 | K84: 150.20662 | L84: 150.69032 | M84: 151.00634 | N84: 150.74565 | O84: 152.28521 | P84: 149.2157 | Q84: 151.97529 | R84: 152.21074 | S84: 150.83784
A85: Amount Financed | B85: 19882368 | C85: 20974843 | D85: 20841852 | E85: 21702343 | F85: 21410259 | G85: 20987947 | H85: 21329861 | I85: 21660429 | J85: 19742277 | K85: 16532854 | L85: 18087349 | M85: 17097154 | N85: 16591992 | O85: 16166756 | P85: 14702417 | Q85: 13212962 | R85: 12391958 | S85: 4563286.2
A86: Weighted LTV | B86: 1.458667 | C86: 1.4789234 | D86: 1.5024387 | E86: 1.4847514 | F86: 1.4727555 | G86: 1.4725607 | H86: 1.5012934 | I86: 1.4934141 | J86: 1.4953097 | K86: 1.4919129 | L86: 1.4740709 | M86: 1.4775861 | N86: 1.4902069 | O86: 1.4457649 | P86: 1.5012218 | Q86: 1.4755852 | R86: 1.4676967 | S86: 1.4928913
A87: Weighted APR | B87: 0.23521324 | C87: 0.23243649 | D87: 0.23397324 | E87: 0.23574062 | F87: 0.23355106 | G87: 0.23380665 | H87: 0.23745375 | I87: 0.23507961 | J87: 0.23588619 | K87: 0.2389281 | L87: 0.24049697 | M87: 0.23760882 | N87: 0.23811113 | O87: 0.23606732 | P87: 0.24028457 | Q87: 0.23324301 | R87: 0.23106077 | S87: 0.23979719
A89: POS | B89: 2026-05-31/2026-06-06 | C89: 2026-06-07/2026-06-13 | D89: 2026-06-14/2026-06-20 | E89: 2026-06-21/2026-06-27 | F89: 2026-06-28/2026-07-04 | G89: 2026-07-05/2026-07-11 | H89: 2026-07-12/2026-07-18 | I89: 2026-07-19/2026-07-25 | J89: 2026-07-26/2026-08-01 | K89: 2026-08-02/2026-08-08 | L89: 2026-08-09/2026-08-15 | M89: 2026-08-16/2026-08-22 | N89: 2026-08-23/2026-08-29 | O89: 2026-08-30/2026-09-05 | P89: 2026-09-06/2026-09-12 | Q89: 2026-09-13/2026-09-19 | R89: 2026-09-20/2026-09-26 | S89: 2026-09-27/2026-10-03
A90: Model Score | B90: 142.778 | C90: 142.57847 | D90: 142.55389 | E90: 142.44239 | F90: 142.50049 | G90: 142.51124 | H90: 142.9787 | I90: 143.03419 | J90: 143.17763 | K90: 143.85181 | L90: 143.34163 | M90: 143.40832 | N90: 143.67155 | O90: 143.6418 | P90: 143.50509 | Q90: 143.54208 | R90: 143.46575 | S90: 143.84524
A91: Expected Gross Loss Impact | B91: 0.78257697 | C91: 0.88707085 | D91: 0.66569342 | E91: 0.64459876 | F91: 0.82502735 | G91: 0.89935449 | H91: 0.64249919 | I91: 0.84143853 | J91: 0.8499918 | K91: 0.73491923 | L91: 0.90434011 | M91: 0.85804868 | N91: 0.66581641 | O91: 0.88171633 | P91: 0.62538969 | Q91: 0.51307601 | R91: 0.92960663 | S91: 2.248107
A92: Recovery Impact | B92: 1.2068361 | C92: 1.4973464 | D92: 1.2014108 | E92: 1.0435376 | F92: 1.1810985 | G92: 1.6945261 | H92: 1.3403749 | I92: 1.4742371 | J92: 1.6159246 | K92: 1.035438 | L92: 1.4707006 | M92: 1.3850136 | N92: 1.2723231 | O92: 1.4997066 | P92: 0.73474236 | Q92: 1.0938855 | R92: 1.1917101 | S92: 1.7824801
A93: LTV Impact | B93: 2.2000178 | C93: 2.1069802 | D93: 1.9234867 | E93: 2.5112292 | F93: 2.3671095 | G93: 2.2648317 | H93: 2.0648179 | I93: 2.2922939 | J93: 1.9163433 | K93: 1.3932619 | L93: 2.1696425 | M93: 1.9560592 | N93: 1.6820469 | O93: 1.6549592 | P93: 1.3953339 | Q93: 1.318317 | R93: 1.0916159 | S93: 0.65349126
A94: APR Impact | B94: 0.80436134 | C94: 0.80104523 | D94: 0.70496922 | E94: 0.63902435 | F94: 0.7414604 | G94: 0.88215745 | H94: 0.8678398 | I94: 0.89133893 | J94: 0.89130427 | K94: 0.86937114 | L94: 0.894134 | M94: 0.95624763 | N94: 0.81537656 | O94: 0.87886513 | P94: 0.74007819 | Q94: 1.035774 | R94: 1.0919805 | S94: 0.69636094
A95: RAGU Score | B95: 147.7718 | C95: 147.87091 | D95: 147.04945 | E95: 147.28078 | F95: 147.61519 | G95: 148.25211 | H95: 147.89423 | I95: 148.5335 | J95: 148.45119 | K95: 147.8848 | L95: 148.78045 | M95: 148.56369 | N95: 148.10711 | O95: 148.55705 | P95: 147.00063 | Q95: 147.50313 | R95: 147.77067 | S95: 149.22568
A96: Amount Financed | B96: 55430666 | C96: 59249550 | D96: 61100030 | E96: 59760076 | F96: 60015786 | G96: 57892377 | H96: 57716725 | I96: 57898858 | J96: 56221112 | K96: 52559492 | L96: 56496426 | M96: 54082636 | N96: 53885217 | O96: 51135760 | P96: 49596548 | Q96: 47645181 | R96: 43799469 | S96: 25014663
A97: Weighted LTV | B97: 1.4929864 | C97: 1.4992587 | D97: 1.5078667 | E97: 1.4754482 | F97: 1.485322 | G97: 1.4922238 | H97: 1.5105848 | I97: 1.4923259 | J97: 1.5155167 | K97: 1.5406586 | L97: 1.4921356 | M97: 1.5073797 | N97: 1.518903 | O97: 1.5172993 | P97: 1.5372822 | Q97: 1.5346816 | R97: 1.5531643 | S97: 1.5694137
A98: Weighted APR | B98: 0.23955526 | C98: 0.23926493 | D98: 0.24037897 | E98: 0.2410124 | F98: 0.23994285 | G98: 0.23865984 | H98: 0.23929805 | I98: 0.23857555 | J98: 0.23902814 | K98: 0.23981379 | L98: 0.23960774 | M98: 0.23884115 | N98: 0.24013173 | O98: 0.23924698 | P98: 0.2411933 | Q98: 0.23780954 | R98: 0.23714368 | S98: 0.24232666

Sheet Data Tables (W)
A1: AN | B1: 2026-05-31/2026-06-06 | C1: 2026-06-07/2026-06-13 | D1: 2026-06-14/2026-06-20 | E1: 2026-06-21/2026-06-27 | F1: 2026-06-28/2026-07-04 | G1: 2026-07-05/2026-07-11 | H1: 2026-07-12/2026-07-18 | I1: 2026-07-19/2026-07-25 | J1: 2026-07-26/2026-08-01 | K1: 2026-08-02/2026-08-08 | L1: 2026-08-09/2026-08-15 | M1: 2026-08-16/2026-08-22 | N1: 2026-08-23/2026-08-29 | O1: 2026-08-30/2026-09-05 | P1: 2026-09-06/2026-09-12 | Q1: 2026-09-13/2026-09-19 | R1: 2026-09-20/2026-09-26 | S1: 2026-09-27/2026-10-03 | T1: 2026-10-04/2026-10-10
A2: Model Score | B2: 140.81056 | C2: 141.05537 | D2: 142.1857 | E2: 141.3821 | F2: 141.13145 | G2: 141.15729 | H2: 140.75021 | I2: 140.63682 | J2: 140.96144 | K2: 142.68917 | L2: 142.47694 | M2: 141.44568 | N2: 141.60527 | O2: 141.61444 | P2: 141.65533 | Q2: 143.48458 | R2: 141.29949 | S2: 142.54013 | T2: 143.06768
A3: Expected Gross Loss Impact | B3: 2.9882161 | C3: 3.0035057 | D3: 2.8261245 | E3: 2.3225239 | F3: 3.2507099 | G3: 2.8252109 | H3: 2.2042861 | I3: 2.3449441 | J3: 2.2250955 | K3: 2.5141234 | L3: 2.7669669 | M3: 2.8468875 | N3: 2.3500393 | O3: 2.9054175 | P3: 2.8739294 | Q3: 3.2087317 | R3: 2.6515212 | S3: 2.7751967 | T3: 0.77285968
A4: Recovery Impact | B4: 2.5353149 | C4: 4.2870718 | D4: 2.5855347 | E4: 2.3487812 | F4: 3.6671222 | G4: 4.8154046 | H4: 2.4759135 | I4: 2.7230726 | J4: 4.2198853 | K4: 2.7589058 | L4: 2.7791065 | M4: 4.0893664 | N4: 4.1136169 | O4: 5.1086558 | P4: 2.537046 | Q4: 2.1078191 | R4: 3.826898 | S4: 0.85543746 | T4: -0.29006762
A5: LTV Impact | B5: 4.9520215 | C5: 4.0103006 | D5: 4.0124223 | E5: 4.1772022 | F5: 4.3764111 | G5: 4.6046256 | H5: 4.0742078 | I5: 4.0929157 | J5: 3.5114001 | K5: 4.1062915 | L5: 3.7168351 | M5: 3.9905785 | N5: 4.6330041 | O5: 4.31232 | P5: 4.0668434 | Q5: 3.9541125 | R5: 3.219751 | S5: 2.8426183 | T5: 3.0415168
A6: APR Impact | B6: 1.4627528 | C6: 1.8012695 | D6: 1.9431574 | E6: 1.7028213 | F6: 1.7625627 | G6: 1.9586811 | H6: 1.2840725 | I6: 1.3924947 | J6: 1.2079545 | K6: 1.2952109 | L6: 0.76031 | M6: 1.4793788 | N6: 1.2611233 | O6: 1.4926096 | P6: 0.83751951 | Q6: 1.3941749 | R6: 1.4192825 | S6: 0.82166652 | T6: 1.3287524
A7: RAGU Score | B7: 152.74886 | C7: 154.15752 | D7: 153.55294 | E7: 151.93343 | F7: 154.18825 | G7: 155.36122 | H7: 150.78869 | I7: 151.19024 | J7: 152.12578 | K7: 153.3637 | L7: 152.50016 | M7: 153.85189 | N7: 153.96305 | O7: 155.43345 | P7: 151.97067 | Q7: 154.14942 | R7: 152.41694 | S7: 149.83505 | T7: 147.92074
A8: Amount Financed | B8: 4958280.5 | C8: 5247689.4 | D8: 5299439.5 | E8: 4975160.9 | F8: 5642143.4 | G8: 5845718.2 | H8: 6315728.2 | I8: 5719500.2 | J8: 5414749.1 | K8: 4318566.4 | L8: 4334952 | M8: 4321109.9 | N8: 3904104 | O8: 3524834 | P8: 3440777.1 | Q8: 3348260.2 | R8: 3978399.6 | S8: 1698860.7 | T8: 463070.28
A9: Weighted LTV | B9: 1.5023673 | C9: 1.5697062 | D9: 1.5695477 | E9: 1.5573351 | F9: 1.5428221 | G9: 1.526525 | H9: 1.5649461 | I9: 1.5635581 | J9: 1.6078863 | K9: 1.5625673 | L9: 1.591942 | M9: 1.5711811 | N9: 1.5245224 | O9: 1.5474617 | P9: 1.5654932 | Q9: 1.5739154 | R9: 1.6310784 | S9: 1.662079 | T9: 1.645584
A10: Weighted APR | B10: 0.22910353 | C10: 0.22426758 | D10: 0.22224061 | E10: 0.22567398 | F10: 0.22482053 | G10: 0.22201884 | H10: 0.23165611 | I10: 0.23010722 | J10: 0.23274351 | K10: 0.23149699 | L10: 0.23913843 | M10: 0.22886602 | N10: 0.23198395 | O10: 0.22867701 | P10: 0.23803544 | Q10: 0.23008322 | R10: 0.22972454 | S10: 0.23826191 | T10: 0.23101782
A12: FRA | B12: 2026-05-31/2026-06-06 | C12: 2026-06-07/2026-06-13 | D12: 2026-06-14/2026-06-20 | E12: 2026-06-21/2026-06-27 | F12: 2026-06-28/2026-07-04 | G12: 2026-07-05/2026-07-11 | H12: 2026-07-12/2026-07-18 | I12: 2026-07-19/2026-07-25 | J12: 2026-07-26/2026-08-01 | K12: 2026-08-02/2026-08-08 | L12: 2026-08-09/2026-08-15 | M12: 2026-08-16/2026-08-22 | N12: 2026-08-23/2026-08-29 | O12: 2026-08-30/2026-09-05 | P12: 2026-09-06/2026-09-12 | Q12: 2026-09-13/2026-09-19 | R12: 2026-09-20/2026-09-26 | S12: 2026-09-27/2026-10-03 | T12: 2026-10-04/2026-10-10
A13: Model Score | B13: 143.3006 | C13: 143.69943 | D13: 143.30519 | E13: 142.73926 | F13: 143.44983 | G13: 143.40248 | H13: 143.3898 | I13: 143.87039 | J13: 143.31836 | K13: 142.61794 | L13: 143.20157 | M13: 142.81407 | N13: 143.46937 | O13: 143.13515 | P13: 142.73942 | Q13: 143.23497 | R13: 143.39352 | S13: 143.522 | T13: 145.01068
A14: Expected Gross Loss Impact | B14: 2.0043779 | C14: 2.1999021 | D14: 2.1179516 | E14: 2.2487568 | F14: 2.0795023 | G14: 2.1593752 | H14: 1.7339038 | I14: 2.0887998 | J14: 1.6160065 | K14: 1.6669389 | L14: 1.6583662 | M14: 1.9544632 | N14: 1.5240644 | O14: 1.9723206 | P14: 2.0274303 | Q14: 1.5414761 | R14: 2.4438844 | S14: 1.7967 | T14: 1.8141666
A15: Recovery Impact | B15: 2.6325948 | C15: 2.7609374 | D15: 3.1065988 | E15: 2.5511727 | F15: 2.8859825 | G15: 2.7982138 | H15: 3.4822615 | I15: 2.6302379 | J15: 2.9431182 | K15: 4.1323197 | L15: 2.622562 | M15: 3.0084977 | N15: 3.7999408 | O15: 3.8727935 | P15: 4.9697988 | Q15: 3.2085969 | R15: 2.2596075 | S15: 2.2961126 | T15: 3.4897137
A16: LTV Impact | B16: 5.52618 | C16: 4.8146338 | D16: 5.7183007 | E16: 5.3149914 | F16: 5.2767895 | G16: 5.0543953 | H16: 5.0197437 | I16: 5.5135669 | J16: 5.2575823 | K16: 5.0681106 | L16: 4.5736505 | M16: 5.7882609 | N16: 5.4766074 | O16: 5.4071154 | P16: 5.1923498 | Q16: 4.9306958 | R16: 5.6424646 | S16: 5.5538212 | T16: 5.3644155
A17: APR Impact | B17: -0.47191586 | C17: -0.19967667 | D17: -0.39855572 | E17: -0.5472134 | F17: -0.46602532 | G17: -0.19845163 | H17: -0.45330943 | I17: -0.17384565 | J17: -0.51539491 | K17: -0.59047411 | L17: -0.46877946 | M17: -0.31378741 | N17: -0.56606435 | O17: -0.15443564 | P17: -0.51251588 | Q17: -0.087646272 | R17: -0.51653844 | S17: -0.32612109 | T17: -0.1950651
A18: RAGU Score | B18: 152.99184 | C18: 153.27522 | D18: 153.84948 | E18: 152.30697 | F18: 153.22608 | G18: 153.21601 | H18: 153.1724 | I18: 153.92915 | J18: 152.61968 | K18: 152.89484 | L18: 151.58737 | M18: 153.25151 | N18: 153.70392 | O18: 154.23294 | P18: 154.41648 | Q18: 152.8281 | R18: 153.22294 | S18: 152.84251 | T18: 155.48391
A19: Amount Financed | B19: 8105600.2 | C19: 7425299.4 | D19: 8455603.3 | E19: 7643685.7 | F19: 8190678.6 | G19: 8202329.1 | H19: 7149715.7 | I19: 7560132 | J19: 8001581.1 | K19: 8456833.1 | L19: 6738421.9 | M19: 7354612.8 | N19: 7762973.8 | O19: 6954947.9 | P19: 6003006.3 | Q19: 6171283.6 | R19: 5946827.3 | S19: 4507336.8 | T19: 526826.37
A20: Weighted LTV | B20: 1.4640742 | C20: 1.5118292 | D20: 1.4516931 | E20: 1.4779302 | F20: 1.4804647 | G20: 1.4953935 | H20: 1.4977468 | I20: 1.4648945 | J20: 1.4817422 | K20: 1.4944641 | L20: 1.5287167 | M20: 1.4472364 | N20: 1.4673033 | O20: 1.4718539 | P20: 1.4860977 | Q20: 1.5038283 | R20: 1.4565552 | S20: 1.4622799 | T20: 1.4746641
A21: Weighted APR | B21: 0.25674166 | C21: 0.25285252 | D21: 0.25569365 | E21: 0.25781733 | F21: 0.2566575 | G21: 0.25283502 | H21: 0.25647585 | I21: 0.25248351 | J21: 0.25736278 | K21: 0.25843534 | L21: 0.25669685 | M21: 0.25448268 | N21: 0.25808663 | O21: 0.25220622 | P21: 0.25732166 | Q21: 0.25125209 | R21: 0.25737912 | S21: 0.25465887 | T21: 0.25278664
A23: IND | B23: 2026-05-31/2026-06-06 | C23: 2026-06-07/2026-06-13 | D23: 2026-06-14/2026-06-20 | E23: 2026-06-21/2026-06-27 | F23: 2026-06-28/2026-07-04 | G23: 2026-07-05/2026-07-11 | H23: 2026-07-12/2026-07-18 | I23: 2026-07-19/2026-07-25 | J23: 2026-07-26/2026-08-01 | K23: 2026-08-02/2026-08-08 | L23: 2026-08-09/2026-08-15 | M23: 2026-08-16/2026-08-22 | N23: 2026-08-23/2026-08-29 | O23: 2026-08-30/2026-09-05 | P23: 2026-09-06/2026-09-12 | Q23: 2026-09-13/2026-09-19 | R23: 2026-09-20/2026-09-26 | S23: 2026-09-27/2026-10-03 | T23: 2026-10-04/2026-10-10
A24: Model Score | B24: 144.97542 | C24: 144.91635 | D24: 144.52298 | E24: 143.97647 | F24: 145.1653 | G24: 145.61597 | H24: 145.85365 | I24: 144.40741 | J24: 145.22102 | K24: 146.0228 | L24: 145.35217 | M24: 145.36017 | N24: 145.13741 | O24: 146.75568 | P24: 144.91018 | Q24: 145.12409 | R24: 146.82426 | S24: 146.76753 | T24: 156.22408
A25: Expected Gross Loss Impact | B25: -0.69738073 | C25: -0.87383442 | D25: 0.081590609 | E25: 0.45372852 | F25: 0.12297597 | G25: 0.57041672 | H25: -0.55145348 | I25: 0.53595359 | J25: -0.25480443 | K25: 0.6932383 | L25: -0.003185122 | M25: -1.3641185 | N25: 0.78345965 | O25: 0.84628795 | P25: 0.73231872 | Q25: 1.1009484 | R25: 0.22294064 | S25: 0.76273937 | T25: 0.66721023
A26: Recovery Impact | B26: 2.6396692 | C26: 1.373977 | D26: 2.0550049 | E26: 1.2043911 | F26: -0.10726066 | G26: 1.3150017 | H26: 0.81206209 | I26: 0.98908251 | J26: 1.2157299 | K26: 1.7776434 | L26: 1.6709247 | M26: 3.2914263 | N26: 2.4344477 | O26: 1.2833556 | P26: 1.5432236 | Q26: 1.5567827 | R26: 2.5107289 | S26: -0.24207849 | T26: -1.4191479
A27: LTV Impact | B27: 3.6564429 | C27: 4.3920493 | D27: 3.1350574 | E27: 3.7160124 | F27: 3.9387961 | G27: 3.0920447 | H27: 2.678648 | I27: 2.4763474 | J27: 2.3679852 | K27: 4.7605353 | L27: 4.7172437 | M27: 3.0195195 | N27: 3.093075 | O27: 4.0909703 | P27: 3.5702818 | Q27: 3.0837962 | R27: 3.8256939 | S27: 5.0807802 | T27: 6.9511867
A28: APR Impact | B28: -0.76407116 | C28: -0.58393583 | D28: -0.44240484 | E28: -0.49124224 | F28: -0.75345645 | G28: -0.64447784 | H28: -0.84592206 | I28: -0.76219016 | J28: -0.20023618 | K28: -0.68044526 | L28: -0.80558456 | M28: -0.49593887 | N28: -0.51710707 | O28: -0.6049657 | P28: -0.55163156 | Q28: -0.63331024 | R28: -0.50890079 | S28: -0.33375068 | T28: 0.93355787
A29: RAGU Score | B29: 149.81008 | C29: 149.22461 | D29: 149.35223 | E29: 148.85936 | F29: 148.36635 | G29: 149.94895 | H29: 147.94699 | I29: 147.6466 | J29: 148.3497 | K29: 152.57377 | L29: 150.93157 | M29: 149.81106 | N29: 150.93128 | O29: 152.37133 | P29: 150.20438 | Q29: 150.23231 | R29: 152.87472 | S29: 152.03522 | T29: 163.35689
A30: Amount Financed | B30: 3330959.3 | C30: 2786245.7 | D30: 2843129.4 | E30: 2765965.1 | F30: 1871736.1 | G30: 2048267.1 | H30: 1880357.8 | I30: 2122205.7 | J30: 1967072.7 | K30: 1777634.7 | L30: 1936828.4 | M30: 1531760.3 | N30: 2122118.1 | O30: 1653909.1 | P30: 1459427.8 | Q30: 1473366.5 | R30: 1402171.2 | S30: 1137406 | T30: 168112.01
A31: Weighted LTV | B31: 1.5965963 | C31: 1.5416943 | D31: 1.6379392 | E31: 1.5920052 | F31: 1.5750667 | G31: 1.6414457 | H31: 1.6759281 | I31: 1.693336 | J31: 1.7028101 | K31: 1.5155877 | L31: 1.5186089 | M31: 1.6473922 | N31: 1.6413615 | O31: 1.5637024 | P31: 1.6032838 | Q31: 1.6421198 | R31: 1.5836207 | S31: 1.4936066 | T31: 1.3769673
A32: Weighted APR | B32: 0.2609153 | C32: 0.25834194 | D32: 0.25632007 | E32: 0.25701775 | F32: 0.26076366 | G32: 0.25920683 | H32: 0.2620846 | I32: 0.26088843 | J32: 0.25286052 | K32: 0.25972065 | L32: 0.26150835 | M32: 0.25708484 | N32: 0.25738724 | O32: 0.25864237 | P32: 0.25788045 | Q32: 0.25904729 | R32: 0.25727001 | S32: 0.25476787 | T32: 0.23666346
A34: FRN | B34: 2026-05-31/2026-06-06 | C34: 2026-06-07/2026-06-13 | D34: 2026-06-14/2026-06-20 | E34: 2026-06-21/2026-06-27 | F34: 2026-06-28/2026-07-04 | G34: 2026-07-05/2026-07-11 | H34: 2026-07-12/2026-07-18 | I34: 2026-07-19/2026-07-25 | J34: 2026-07-26/2026-08-01 | K34: 2026-08-02/2026-08-08 | L34: 2026-08-09/2026-08-15 | M34: 2026-08-16/2026-08-22 | N34: 2026-08-23/2026-08-29 | O34: 2026-08-30/2026-09-05 | P34: 2026-09-06/2026-09-12 | Q34: 2026-09-13/2026-09-19 | R34: 2026-09-20/2026-09-26 | S34: 2026-09-27/2026-10-03 | T34: 2026-10-04/2026-10-10
A35: Model Score | B35: 143.7884 | C35: 144.03147 | D35: 143.61162 | E35: 143.068 | F35: 143.76893 | G35: 143.84478 | H35: 143.90286 | I35: 143.98809 | J35: 143.69381 | K35: 143.20934 | L35: 143.68171 | M35: 143.25295 | N35: 143.82746 | O35: 143.83072 | P35: 143.16396 | Q35: 143.59907 | R35: 144.0481 | S35: 144.17597 | T35: 147.7233
A36: Expected Gross Loss Impact | B36: 1.2174762 | C36: 1.3612254 | D36: 1.6055368 | E36: 1.7717969 | F36: 1.7155637 | G36: 1.8418706 | H36: 1.2580174 | I36: 1.748442 | J36: 1.2468472 | K36: 1.4978159 | L36: 1.2874098 | M36: 1.3824332 | N36: 1.3650724 | O36: 1.7559904 | P36: 1.7741454 | Q36: 1.4565725 | R36: 2.0201336 | S36: 1.5883587 | T36: 1.5367073
A37: Recovery Impact | B37: 2.6346553 | C37: 2.3825018 | D37: 2.8419835 | E37: 2.1933172 | F37: 2.3292015 | G37: 2.5018394 | H37: 2.9262383 | I37: 2.2705242 | J37: 2.6022599 | K37: 3.7233337 | L37: 2.4101004 | M37: 3.0572666 | N37: 3.5067986 | O37: 3.375318 | P37: 4.2996637 | Q37: 2.8902399 | R37: 2.3075209 | S37: 1.7846715 | T37: 2.3022148
A38: LTV Impact | B38: 4.9816091 | C38: 4.6993306 | D38: 5.0682725 | E38: 4.8901241 | F38: 5.0279059 | G38: 4.6622797 | H38: 4.5322507 | I38: 4.8478595 | J38: 4.6873902 | K38: 5.0146875 | L38: 4.605709 | M38: 5.3110079 | N38: 4.9649139 | O38: 5.1542614 | P38: 4.875122 | Q38: 4.5747397 | R38: 5.2958291 | S38: 5.4585042 | T38: 5.7482701
A39: APR Impact | B39: -0.55700766 | C39: -0.30452275 | D39: -0.40958959 | E39: -0.53234122 | F39: -0.51949114 | G39: -0.28757628 | H39: -0.53506427 | I39: -0.30280088 | J39: -0.45320596 | K39: -0.60610128 | L39: -0.54397425 | M39: -0.34518519 | N39: -0.55555427 | O39: -0.2409902 | P39: -0.52016573 | Q39: -0.19281302 | R39: -0.51508119 | S39: -0.32765844 | T39: 0.077959212
A40: RAGU Score | B40: 152.06513 | C40: 152.17 | D40: 152.71783 | E40: 151.3909 | F40: 152.32211 | G40: 152.56319 | H40: 152.0843 | I40: 152.55212 | J40: 151.7771 | K40: 152.83907 | L40: 151.44095 | M40: 152.65847 | N40: 153.10869 | O40: 153.8753 | P40: 153.59272 | Q40: 152.32781 | R40: 153.1565 | S40: 152.67984 | T40: 157.38846
A41: Amount Financed | B41: 11436560 | C41: 10211545 | D41: 11298733 | E41: 10409651 | F41: 10062415 | G41: 10250596 | H41: 9030073.5 | I41: 9682337.7 | J41: 9968653.8 | K41: 10234468 | L41: 8675250.2 | M41: 8886373 | N41: 9885091.9 | O41: 8608857 | P41: 7462434 | Q41: 7644650.1 | R41: 7348998.5 | S41: 5644742.8 | T41: 694938.38
A42: Weighted LTV | B42: 1.502672 | C42: 1.5199779 | D42: 1.4985587 | E42: 1.5082413 | F42: 1.4980618 | G42: 1.5245776 | H42: 1.53485 | I42: 1.514965 | J42: 1.5253646 | K42: 1.4981331 | L42: 1.5264601 | M42: 1.4817376 | N42: 1.5046699 | O42: 1.4894996 | P42: 1.5090158 | Q42: 1.5304814 | R42: 1.480799 | S42: 1.4685922 | T42: 1.4510303
A43: Weighted APR | B43: 0.25795725 | C43: 0.25435032 | D43: 0.25585128 | E43: 0.25760487 | F43: 0.2574213 | G43: 0.25410823 | H43: 0.25764378 | I43: 0.25432573 | J43: 0.25647437 | K43: 0.25865859 | L43: 0.25777106 | M43: 0.25493122 | N43: 0.25793649 | O43: 0.25344272 | P43: 0.25743094 | Q43: 0.25275447 | R43: 0.2573583 | S43: 0.25468083 | T43: 0.2488863
A45: STG | B45: 2026-05-31/2026-06-06 | C45: 2026-06-07/2026-06-13 | D45: 2026-06-14/2026-06-20 | E45: 2026-06-21/2026-06-27 | F45: 2026-06-28/2026-07-04 | G45: 2026-07-05/2026-07-11 | H45: 2026-07-12/2026-07-18 | I45: 2026-07-19/2026-07-25 | J45: 2026-07-26/2026-08-01 | K45: 2026-08-02/2026-08-08 | L45: 2026-08-09/2026-08-15 | M45: 2026-08-16/2026-08-22 | N45: 2026-08-23/2026-08-29 | O45: 2026-08-30/2026-09-05 | P45: 2026-09-06/2026-09-12 | Q45: 2026-09-13/2026-09-19 | R45: 2026-09-20/2026-09-26 | S45: 2026-09-27/2026-10-03 | T45: 2026-10-04/2026-10-10
A46: Model Score | B46: 141.58569 | C46: 141.55486 | D46: 140.63279 | E46: 141.29539 | F46: 141.73603 | G46: 140.58361 | H46: 141.53579 | I46: 141.46101 | J46: 141.00679 | K46: 141.46242 | L46: 141.54758 | M46: 141.56537 | N46: 141.89197 | O46: 141.58907 | P46: 141.1022 | Q46: 141.05801 | R46: 141.80077 | S46: 141.33542 | T46: 142.49811
A47: Expected Gross Loss Impact | B47: 1.808147 | C47: 2.3037182 | D47: 1.9153232 | E47: 2.2046432 | F47: 2.2083583 | G47: 1.8933176 | H47: 1.9275003 | I47: 2.1984791 | J47: 1.8239653 | K47: 1.5267273 | L47: 2.5150931 | M47: 2.1166726 | N47: 2.1880549 | O47: 2.1515297 | P47: 1.8764755 | Q47: 1.973804 | R47: 2.7409921 | S47: 1.8954031 | T47: 3.3052527
A48: Recovery Impact | B48: 3.8345268 | C48: 4.7065718 | D48: 4.7220253 | E48: 3.3803596 | F48: 4.0522065 | G48: 4.4313824 | H48: 4.397884 | I48: 4.2647446 | J48: 3.4000411 | K48: 3.2467769 | L48: 4.7450402 | M48: 3.5788263 | N48: 4.6340861 | O48: 5.1130721 | P48: 3.0745106 | Q48: 4.6549008 | R48: 3.1630961 | S48: 3.7222692 | T48: -5.2106872
A49: LTV Impact | B49: 5.2731832 | C49: 5.3491705 | D49: 4.8466141 | E49: 4.7198144 | F49: 5.4186291 | G49: 5.2158839 | H49: 5.2593957 | I49: 5.1264892 | J49: 5.0840799 | K49: 4.8494365 | L49: 5.2543874 | M49: 5.2415181 | N49: 4.5680145 | O49: 5.4284507 | P49: 4.7981404 | Q49: 4.9933351 | R49: 5.4279981 | S49: 4.9455257 | T49: 2.0025669
A50: APR Impact | B50: 1.0180817 | C50: 1.2265005 | D50: 0.82243564 | E50: 0.98040314 | F50: 1.0708619 | G50: 0.98776464 | H50: 0.91829589 | I50: 1.0691532 | J50: 1.0635962 | K50: 0.60264483 | L50: 0.78429026 | M50: 0.74773395 | N50: 0.75873845 | O50: 1.0442812 | P50: 0.83272072 | Q50: 1.1434777 | R50: 1.144211 | S50: 0.9393606 | T50: 1.68167
A51: RAGU Score | B51: 153.51963 | C51: 155.14082 | D51: 152.93919 | E51: 152.58061 | F51: 154.48609 | G51: 153.11196 | H51: 154.03887 | I51: 154.11987 | J51: 152.37847 | K51: 151.68801 | L51: 154.84639 | M51: 153.25012 | N51: 154.04087 | O51: 155.3264 | P51: 151.68405 | Q51: 153.82352 | R51: 154.27706 | S51: 152.83798 | T51: 144.27691
A52: Amount Financed | B52: 8560512.3 | C52: 8917287.9 | D52: 8263841.3 | E52: 9118608.5 | F52: 8884209.9 | G52: 8646568.7 | H52: 8972399.5 | I52: 8849992.8 | J52: 8830943.4 | K52: 7414229.2 | L52: 7814462.7 | M52: 7737314.6 | N52: 7074662.5 | O52: 7257647.9 | P52: 6730330.5 | Q52: 5548935.5 | R52: 5531862.5 | S52: 4393653.7 | T52: 425706.63
A53: Weighted LTV | B53: 1.4807044 | C53: 1.47567 | D53: 1.5096161 | E53: 1.5184292 | F53: 1.471098 | G53: 1.4845234 | H53: 1.4816215 | I53: 1.4905211 | J53: 1.4933835 | K53: 1.5094211 | L53: 1.481955 | M53: 1.4828125 | N53: 1.5291162 | O53: 1.4704538 | P53: 1.5129731 | Q53: 1.4995452 | R53: 1.4704835 | S53: 1.502812 | T53: 1.735555
A54: Weighted APR | B54: 0.23545598 | C54: 0.23247856 | D54: 0.23825092 | E54: 0.23599424 | F54: 0.23470197 | G54: 0.23588908 | H54: 0.23688149 | I54: 0.23472638 | J54: 0.23480577 | K54: 0.24139079 | L54: 0.23879585 | M54: 0.23931809 | N54: 0.23916088 | O54: 0.2350817 | P54: 0.23810399 | Q54: 0.2336646 | R54: 0.23365413 | S54: 0.23658056 | T54: 0.22597614
A56: FLD | B56: 2026-05-31/2026-06-06 | C56: 2026-06-07/2026-06-13 | D56: 2026-06-14/2026-06-20 | E56: 2026-06-21/2026-06-27 | F56: 2026-06-28/2026-07-04 | G56: 2026-07-05/2026-07-11 | H56: 2026-07-12/2026-07-18 | I56: 2026-07-19/2026-07-25 | J56: 2026-07-26/2026-08-01 | K56: 2026-08-02/2026-08-08 | L56: 2026-08-09/2026-08-15 | M56: 2026-08-16/2026-08-22 | N56: 2026-08-23/2026-08-29 | O56: 2026-08-30/2026-09-05 | P56: 2026-09-06/2026-09-12 | Q56: 2026-09-13/2026-09-19 | R56: 2026-09-20/2026-09-26 | S56: 2026-09-27/2026-10-03 | T56: 2026-10-04/2026-10-10
A57: Model Score | B57: 142.36344 | C57: 142.09601 | D57: 142.91137 | E57: 141.94351 | F57: 142.98549 | G57: 141.55385 | H57: 141.26404 | I57: 142.37761 | J57: 143.06881 | K57: 143.20404 | L57: 142.58914 | M57: 142.856 | N57: 143.19847 | O57: 143.16979 | P57: 143.28776 | Q57: 144.2539 | R57: 144.73041 | S57: 143.83784 | T57: 145.83703
A58: Expected Gross Loss Impact | B58: 1.809161 | C58: 2.4560619 | D58: 1.889658 | E58: 2.1966946 | F58: 1.6103176 | G58: 2.1919812 | H58: 1.4279114 | I58: 1.7370231 | J58: 2.5822027 | K58: 3.3435524 | L58: 1.0297786 | M58: 2.6065595 | N58: 2.9332289 | O58: 2.9157309 | P58: 2.7608925 | Q58: 3.0985044 | R58: 2.7267222 | S58: 1.8128291 | T58: 3.7515358
A59: Recovery Impact | B59: 0.16321923 | C59: -0.32447171 | D59: -0.23996064 | E59: -0.28106333 | F59: -1.6233776 | G59: 0.27733758 | H59: -0.2795909 | I59: 1.3086184 | J59: -0.040910882 | K59: 0.62204716 | L59: -0.58983587 | M59: 0.88368876 | N59: -1.9715431 | O59: 1.6662866 | P59: -1.8241565 | Q59: 1.6173133 | R59: 0.09655109 | S59: -1.7298219 | T59: 1.0956264
A60: LTV Impact | B60: 0.053421838 | C60: -0.51182565 | D60: -1.1085901 | E60: 0.0014440717 | F60: -0.70378869 | G60: -0.23052362 | H60: -1.6461374 | I60: -1.0224333 | J60: 0.077271021 | K60: -0.9869877 | L60: -0.26102304 | M60: -0.81155071 | N60: -1.3828055 | O60: 0.1024076 | P60: -1.982956 | Q60: -0.23890454 | R60: -0.12261717 | S60: -0.46556488 | T60: 0.48307109
A61: APR Impact | B61: -0.4312695 | C61: -0.13779383 | D61: -0.23534779 | E61: -0.51724065 | F61: -0.41898763 | G61: -0.49025323 | H61: -0.88530604 | I61: -0.25526289 | J61: -0.46139233 | K61: -0.50474848 | L61: -1.1226736 | M61: -0.7750812 | N61: -0.64481394 | O61: -0.94133739 | P61: -0.93574457 | Q61: -0.34678228 | R61: -0.038767322 | S61: -0.40062165 | T61: -0.1162914
A62: RAGU Score | B62: 143.95797 | C62: 143.57798 | D62: 143.21713 | E62: 143.34335 | F62: 141.84965 | G62: 143.30239 | H62: 139.88092 | I62: 144.14556 | J62: 145.22598 | K62: 145.6779 | L62: 141.64539 | M62: 144.75962 | N62: 142.13253 | O62: 146.91287 | P62: 141.3058 | Q62: 148.38403 | R62: 147.3923 | S62: 143.05466 | T62: 151.05097
A63: Amount Financed | B63: 3119614.9 | C63: 3082216.1 | D63: 3255072.1 | E63: 3754735.6 | F63: 3090961.3 | G63: 3235010.3 | H63: 2773875.4 | I63: 3684093.6 | J63: 2493803 | K63: 2005785.1 | L63: 2182549.8 | M63: 1860084.6 | N63: 2347864.3 | O63: 2279845.6 | P63: 1896498.6 | Q63: 2258203.8 | R63: 1664197.2 | S63: 1418962.7 | T63: 158920.75
A64: Weighted LTV | B64: 1.4454577 | C64: 1.4950109 | D64: 1.5511525 | E64: 1.4498768 | F64: 1.5126215 | G64: 1.4699326 | H64: 1.6054592 | I64: 1.5427881 | J64: 1.4434391 | K64: 1.5393731 | L64: 1.4726109 | M64: 1.5226906 | N64: 1.5783885 | O64: 1.4413175 | P64: 1.6414682 | Q64: 1.4706676 | R64: 1.4605345 | S64: 1.4908281 | T64: 1.4099354
A65: Weighted APR | B65: 0.24116099 | C65: 0.23696848 | D65: 0.23836211 | E65: 0.24238915 | F65: 0.24098554 | G65: 0.24200362 | H65: 0.24764723 | I65: 0.23864661 | J65: 0.24159132 | K65: 0.24221069 | L65: 0.25103819 | M65: 0.24607259 | N65: 0.24421163 | O65: 0.24844768 | P65: 0.24836778 | Q65: 0.23995403 | R65: 0.23555382 | S65: 0.24072317 | T65: 0.23666131
A67: ENT | B67: 2026-05-31/2026-06-06 | C67: 2026-06-07/2026-06-13 | D67: 2026-06-14/2026-06-20 | E67: 2026-06-21/2026-06-27 | F67: 2026-06-28/2026-07-04 | G67: 2026-07-05/2026-07-11 | H67: 2026-07-12/2026-07-18 | I67: 2026-07-19/2026-07-25 | J67: 2026-07-26/2026-08-01 | K67: 2026-08-02/2026-08-08 | L67: 2026-08-09/2026-08-15 | M67: 2026-08-16/2026-08-22 | N67: 2026-08-23/2026-08-29 | O67: 2026-08-30/2026-09-05 | P67: 2026-09-06/2026-09-12 | Q67: 2026-09-13/2026-09-19 | R67: 2026-09-20/2026-09-26 | S67: 2026-09-27/2026-10-03 | T67: 2026-10-04/2026-10-10
A68: Model Score | B68: 143.67618 | C68: 143.41471 | D68: 144.37063 | E68: 144.17677 | F68: 144.95709 | G68: 145.31828 | H68: 144.93362 | I68: 145.10982 | J68: 145.38399 | K68: 145.29986 | L68: 145.97946 | M68: 145.73217 | N68: 145.57118 | O68: 145.51962 | P68: 145.96731 | Q68: 146.28352 | R68: 146.32189 | S68: 146.31467 | T68: 146.09367
A69: Expected Gross Loss Impact | B69: -0.67375177 | C69: -0.67703219 | D69: -0.81671206 | E69: -0.65642001 | F69: -0.23868901 | G69: -0.30158357 | H69: -0.017340569 | I69: -0.84040231 | J69: -0.4719164 | K69: -0.39847326 | L69: -0.22702181 | M69: -0.42519944 | N69: -0.52653796 | O69: 0.32141959 | P69: -0.63927048 | Q69: 0.64522409 | R69: -0.27975593 | S69: -0.66210232 | T69: 0.10740284
A70: Recovery Impact | B70: 0.24427916 | C70: 0.38983161 | D70: 0.32564153 | E70: 0.25026179 | F70: 0.46495111 | G70: -1.3430123 | H70: -0.66322416 | I70: -0.048888058 | J70: -0.88562026 | K70: -1.6117517 | L70: -1.850748 | M70: -1.3239999 | N70: -0.77848424 | O70: -1.9188832 | P70: -1.4175472 | Q70: -0.84064117 | R70: -0.41916904 | S70: 0.041046544 | T70: -4.0909664
A71: LTV Impact | B71: 1.307794 | C71: 1.3189299 | D71: 1.1263841 | E71: 1.3224896 | F71: 1.3965767 | G71: 1.3040286 | H71: 1.3426147 | I71: 1.5369367 | J71: 1.4337818 | K71: 1.8487479 | L71: 1.6396263 | M71: 1.7990695 | N71: 1.9400575 | O71: 2.1825324 | P71: 2.0832854 | Q71: 2.2413452 | R71: 2.8010777 | S71: 2.7984946 | T71: 2.7841697
A72: APR Impact | B72: -0.22339582 | C72: -0.35619662 | D72: -0.14629725 | E72: -0.4661019 | F72: -0.19486023 | G72: -0.43996717 | H72: -0.46041752 | I72: -0.38413928 | J72: -0.28917009 | K72: -0.45780299 | L72: -0.31350427 | M72: -0.37663609 | N72: -0.26432617 | O72: -0.21570106 | P72: -0.43443605 | Q72: 0.26518902 | R72: 0.50015294 | S72: -0.38097862 | T72: 0.019222765
A73: RAGU Score | B73: 144.33111 | C73: 144.09024 | D73: 144.85965 | E73: 144.627 | F73: 146.38507 | G73: 144.53774 | H73: 145.13525 | I73: 145.37333 | J73: 145.17107 | K73: 144.68058 | L73: 145.22781 | M73: 145.4054 | N73: 145.94189 | O73: 145.88898 | P73: 145.55934 | Q73: 148.59464 | R73: 148.9242 | S73: 148.11113 | T73: 144.9135
A74: Amount Financed | B74: 3243960.6 | C74: 3727649.5 | D74: 4023499.5 | E74: 3853838.1 | F74: 3792944.8 | G74: 3260649.6 | H74: 3267858.2 | I74: 3406842.1 | J74: 3046532.3 | K74: 2816339.5 | L74: 3755384.1 | M74: 3178644.8 | N74: 3265360.9 | O74: 3279153.9 | P74: 2861087.8 | Q74: 2476109.7 | R74: 2574265.2 | S74: 1773646.6 | T74: 210519.65
A75: Weighted LTV | B75: 1.3464211 | C75: 1.3456026 | D75: 1.3598961 | E75: 1.3453412 | F75: 1.3399232 | G75: 1.3466981 | H75: 1.3438651 | I75: 1.3297774 | J75: 1.3372188 | K75: 1.3077792 | L75: 1.3224514 | M75: 1.3112351 | N75: 1.3014744 | O75: 1.2850232 | P75: 1.2917063 | Q75: 1.2810955 | R75: 1.2448817 | S75: 1.2450442 | T75: 1.2459456
A76: Weighted APR | B76: 0.23819137 | C76: 0.24008852 | D76: 0.23708996 | E76: 0.2416586 | F76: 0.23778372 | G76: 0.24128525 | H76: 0.24157739 | I76: 0.2404877 | J76: 0.239131 | K76: 0.24154004 | L76: 0.23947863 | M76: 0.24038052 | N76: 0.23877609 | O76: 0.23808144 | P76: 0.24120623 | Q76: 0.23121159 | R76: 0.22785496 | S76: 0.24044255 | T76: 0.23472539
A78: KMX | B78: 2026-05-31/2026-06-06 | C78: 2026-06-07/2026-06-13 | D78: 2026-06-14/2026-06-20 | E78: 2026-06-21/2026-06-27 | F78: 2026-06-28/2026-07-04 | G78: 2026-07-05/2026-07-11 | H78: 2026-07-12/2026-07-18 | I78: 2026-07-19/2026-07-25 | J78: 2026-07-26/2026-08-01 | K78: 2026-08-02/2026-08-08 | L78: 2026-08-09/2026-08-15 | M78: 2026-08-16/2026-08-22 | N78: 2026-08-23/2026-08-29 | O78: 2026-08-30/2026-09-05 | P78: 2026-09-06/2026-09-12 | Q78: 2026-09-13/2026-09-19 | R78: 2026-09-20/2026-09-26 | S78: 2026-09-27/2026-10-03 | T78: 2026-10-04/2026-10-10
A79: Model Score | B79: 143.29397 | C79: 142.98318 | D79: 142.78622 | E79: 142.72941 | F79: 142.59631 | G79: 143.01325 | H79: 143.67644 | I79: 143.66838 | J79: 143.85034 | K79: 144.4028 | L79: 143.58908 | M79: 143.85123 | N79: 144.09828 | O79: 144.12094 | P79: 143.94177 | Q79: 143.71134 | R79: 143.65176 | S79: 144.01078 | T79: 144.05197
A80: Expected Gross Loss Impact | B80: 0.26887787 | C80: 0.29432049 | D80: 0.17715154 | E80: 0.032678114 | F80: 0.19547702 | G80: 0.35701117 | H80: 0.053530559 | I80: 0.33835267 | J80: 0.40789806 | K80: 0.30978778 | L80: 0.47167915 | M80: 0.38631112 | N80: 0.16450736 | O80: 0.33360715 | P80: 0.18155414 | Q80: -0.1287715 | R80: 0.10626143 | S80: 0.19984001 | T80: 0.62068621
A81: Recovery Impact | B81: 0.56817166 | C81: 0.62174758 | D81: 0.50058466 | E81: 0.52405004 | F81: 0.45199156 | G81: 0.95156547 | H81: 0.69277968 | I81: 0.75240957 | J81: 1.1251661 | K81: 0.6068951 | L81: 1.0986837 | M81: 0.87289933 | N81: 0.71217446 | O81: 0.70176516 | P81: 0.42611793 | Q81: 0.5298408 | R81: 0.74084777 | S81: 2.2134114 | T81: 3.7522923
A82: LTV Impact | B82: 1.3459069 | C82: 1.3782934 | D82: 1.3732959 | E82: 2.1322545 | F82: 1.712439 | G82: 1.5064158 | H82: 1.2760716 | I82: 1.7239438 | J82: 1.0888024 | K82: 0.45131273 | L82: 1.557361 | M82: 1.183729 | N82: 0.99403147 | O82: 0.67115504 | P82: 0.65188797 | Q82: 0.57227787 | R82: 0.12304022 | S82: -0.092080138 | T82: -1.5738154
A83: APR Impact | B83: 0.86328541 | C83: 0.75309512 | D83: 0.67897307 | E83: 0.64414779 | F83: 0.70132713 | G83: 0.92401025 | H83: 1.0360884 | I83: 1.0052932 | J83: 0.9984627 | K83: 1.0532047 | L83: 1.1642633 | M83: 1.1403742 | N83: 0.9617403 | O83: 0.99705464 | P83: 0.90885201 | Q83: 1.1252548 | R83: 1.1503327 | S83: 0.69498833 | T83: 0.45515958
A84: RAGU Score | B84: 146.34021 | C84: 146.03064 | D84: 145.51623 | E84: 146.06254 | F84: 145.65755 | G84: 146.75225 | H84: 146.73491 | I84: 147.48838 | J84: 147.47067 | K84: 146.824 | L84: 147.88107 | M84: 147.43454 | N84: 146.93073 | O84: 146.82452 | P84: 146.11018 | Q84: 145.80994 | R84: 145.77224 | S84: 147.02694 | T84: 147.30629
A85: Amount Financed | B85: 35548297 | C85: 38274707 | D85: 40258178 | E85: 38057733 | F85: 38605527 | G85: 36904430 | H85: 36386864 | I85: 36238429 | J85: 36478836 | K85: 36026639 | L85: 38409078 | M85: 36985482 | N85: 37336965 | O85: 34991018 | P85: 35008435 | Q85: 34613773 | R85: 32316563 | S85: 28923590 | T85: 6995897.1
A86: Weighted LTV | B86: 1.5121814 | C86: 1.5104026 | D86: 1.5106768 | E86: 1.4701431 | F86: 1.4922913 | G86: 1.5034064 | H86: 1.5160314 | I86: 1.4916755 | J86: 1.5264527 | K86: 1.5630283 | L86: 1.5006425 | M86: 1.5211523 | N86: 1.5317815 | O86: 1.5502186 | P86: 1.5513328 | Q86: 1.5559538 | R86: 1.5825549 | S86: 1.5956177 | T86: 1.6918049
A87: Weighted APR | B87: 0.24198378 | C87: 0.24300697 | D87: 0.24369525 | E87: 0.24401863 | F87: 0.24348768 | G87: 0.2414199 | H87: 0.24037918 | I87: 0.24066513 | J87: 0.24072856 | K87: 0.24022024 | L87: 0.23918898 | M87: 0.23941081 | N87: 0.24106955 | O87: 0.24074164 | P87: 0.24156066 | Q87: 0.23955121 | R87: 0.23931834 | S87: 0.24354654 | T87: 0.24577352
A89: Franchise Independent | B89: 2026-05-31/2026-06-06 | C89: 2026-06-07/2026-06-13 | D89: 2026-06-14/2026-06-20 | E89: 2026-06-21/2026-06-27 | F89: 2026-06-28/2026-07-04 | G89: 2026-07-05/2026-07-11 | H89: 2026-07-12/2026-07-18 | I89: 2026-07-19/2026-07-25 | J89: 2026-07-26/2026-08-01 | K89: 2026-08-02/2026-08-08 | L89: 2026-08-09/2026-08-15 | M89: 2026-08-16/2026-08-22 | N89: 2026-08-23/2026-08-29 | O89: 2026-08-30/2026-09-05 | P89: 2026-09-06/2026-09-12 | Q89: 2026-09-13/2026-09-19 | R89: 2026-09-20/2026-09-26 | S89: 2026-09-27/2026-10-03 | T89: 2026-10-04/2026-10-10
A90: Model Score | B90: 142.43251 | C90: 142.44116 | D90: 142.3863 | E90: 142.04976 | F90: 142.49134 | G90: 142.01049 | H90: 142.1138 | I90: 142.28901 | J90: 142.19305 | K90: 142.57491 | L90: 142.6262 | M90: 142.30556 | N90: 142.80016 | O90: 142.64998 | P90: 142.19968 | Q90: 142.90733 | R90: 142.84792 | S90: 142.97963 | T90: 145.03769
A91: Expected Gross Loss Impact | B91: 1.7760556 | C91: 2.1040556 | D91: 1.9595312 | E91: 2.0648907 | F91: 2.1748996 | G91: 2.1037124 | H91: 1.7177278 | I91: 2.0116318 | J91: 1.7606821 | K91: 1.8442674 | L91: 1.9587297 | M91: 2.0088818 | N91: 1.9401936 | O91: 2.1974178 | P91: 2.0989881 | Q91: 2.1185168 | R91: 2.4345004 | S91: 1.8683658 | T91: 1.9677489
A92: Recovery Impact | B92: 2.7083518 | C92: 3.1973796 | D92: 2.9894163 | E92: 2.274957 | F92: 2.7135625 | G92: 3.3243491 | H92: 2.9804052 | I92: 2.8680858 | J92: 2.9471976 | K92: 3.1427333 | L92: 2.988111 | M92: 3.2524989 | N92: 3.3983128 | O92: 4.059425 | P92: 2.9722585 | Q92: 3.1188411 | R92: 2.6907174 | S92: 1.9327048 | T92: -0.33198593
A93: LTV Impact | B93: 4.5176824 | C93: 4.1937387 | D93: 4.0890352 | E93: 4.0600774 | F93: 4.3804643 | G93: 4.2555828 | H93: 4.033702 | I93: 4.0074098 | J93: 4.1496788 | K93: 4.2977888 | L93: 4.1968791 | M93: 4.5378462 | N93: 4.1460465 | O93: 4.577681 | P93: 4.040226 | Q93: 4.0095575 | R93: 4.4026 | S93: 4.310461 | T93: 3.6338084
A94: APR Impact | B94: 0.29394136 | C94: 0.61383746 | D94: 0.4161244 | E94: 0.35133696 | F94: 0.46734503 | G94: 0.55246726 | H94: 0.33448054 | I94: 0.48518672 | J94: 0.38433414 | K94: 0.11871916 | L94: 0.098026235 | M94: 0.33628107 | N94: 0.14155495 | O94: 0.39773885 | P94: 0.14489796 | Q94: 0.46574617 | R94: 0.43870013 | S94: 0.2360182 | T94: 0.78438612
A95: RAGU Score | B95: 151.72854 | C95: 152.55017 | D95: 151.84041 | E95: 150.80103 | F95: 152.22761 | G95: 152.24661 | H95: 151.18012 | I95: 151.66132 | J95: 151.43494 | K95: 151.97842 | L95: 151.86795 | M95: 152.44107 | N95: 152.42627 | O95: 153.88225 | P95: 151.45605 | Q95: 152.61999 | R95: 152.81443 | S95: 151.32718 | T95: 151.09165
A96: Amount Financed | B96: 28074967 | C96: 27458739 | D96: 28117086 | E96: 28258156 | F96: 27679729 | G96: 27977893 | H96: 27092077 | I96: 27935924 | J96: 26708149 | K96: 23973049 | L96: 23007215 | M96: 22804882 | N96: 23211723 | O96: 21671185 | P96: 19530040 | Q96: 18800050 | R96: 18523458 | S96: 13156220 | T96: 1742636
A97: Weighted LTV | B97: 1.4895624 | C97: 1.51229 | D97: 1.5212771 | E97: 1.5124173 | F97: 1.500157 | G97: 1.5062873 | H97: 1.5314672 | I97: 1.5208393 | J97: 1.5238709 | K97: 1.516682 | L97: 1.5185734 | M97: 1.5023905 | N97: 1.5229166 | O97: 1.4874799 | P97: 1.5331917 | Q97: 1.5219013 | R97: 1.5081742 | S97: 1.5074034 | T97: 1.5684876
A98: Weighted APR | B98: 0.24413408 | C98: 0.23954716 | D98: 0.24231884 | E98: 0.24298781 | F98: 0.24164861 | G98: 0.2403732 | H98: 0.2436859 | I98: 0.24109061 | J98: 0.24310893 | K98: 0.24704899 | L98: 0.24717667 | M98: 0.24397251 | N98: 0.24646054 | O98: 0.24273999 | P98: 0.24647343 | Q98: 0.24154473 | R98: 0.24238521 | S98: 0.24501049 | T98: 0.23742655
A100: nonKMX | B100: 2026-05-31/2026-06-06 | C100: 2026-06-07/2026-06-13 | D100: 2026-06-14/2026-06-20 | E100: 2026-06-21/2026-06-27 | F100: 2026-06-28/2026-07-04 | G100: 2026-07-05/2026-07-11 | H100: 2026-07-12/2026-07-18 | I100: 2026-07-19/2026-07-25 | J100: 2026-07-26/2026-08-01 | K100: 2026-08-02/2026-08-08 | L100: 2026-08-09/2026-08-15 | M100: 2026-08-16/2026-08-22 | N100: 2026-08-23/2026-08-29 | O100: 2026-08-30/2026-09-05 | P100: 2026-09-06/2026-09-12 | Q100: 2026-09-13/2026-09-19 | R100: 2026-09-20/2026-09-26 | S100: 2026-09-27/2026-10-03 | T100: 2026-10-04/2026-10-10
A101: Model Score | B101: 142.56133 | C101: 142.55753 | D101: 142.63471 | E101: 142.30503 | F101: 142.7885 | G101: 142.35576 | H101: 142.41732 | I101: 142.59562 | J101: 142.51976 | K101: 142.86138 | L101: 143.09674 | M101: 142.72475 | N101: 143.14191 | O101: 143.02713 | P101: 142.6811 | Q101: 143.30025 | R101: 143.2718 | S101: 143.37583 | T101: 145.15151
A102: Expected Gross Loss Impact | B102: 1.5223088 | C102: 1.7716374 | D102: 1.6119889 | E102: 1.7382996 | F102: 1.8840248 | G102: 1.8526499 | H102: 1.5309699 | I102: 1.7016263 | J102: 1.5320901 | K102: 1.6084905 | L102: 1.6520205 | M102: 1.7111132 | N102: 1.635977 | O102: 1.9508605 | P102: 1.7490996 | Q102: 1.9470557 | R102: 2.103317 | S102: 1.5677498 | T102: 1.7672327
A103: Recovery Impact | B103: 2.4531274 | C103: 2.8617987 | D103: 2.6559533 | E103: 2.0319684 | F103: 2.44257 | G103: 2.8371744 | H103: 2.5882151 | I103: 2.5510216 | J103: 2.5547618 | K103: 2.6428994 | L103: 2.3091121 | M103: 2.6926417 | N103: 2.8831975 | O103: 3.2737125 | P103: 2.411339 | Q103: 2.6580384 | R103: 2.3112607 | S103: 1.7079785 | T103: -0.73714526
A104: LTV Impact | B104: 4.1852077 | C104: 3.8501183 | D104: 3.7181576 | E104: 3.7315328 | F104: 4.0208597 | G104: 3.9475024 | H104: 3.7440409 | I104: 3.7388786 | J104: 3.8716027 | K104: 4.0403238 | L104: 3.83804 | M104: 4.2028032 | N104: 3.8739867 | O104: 4.2628932 | P104: 3.7901725 | Q104: 3.8037738 | R104: 4.2071883 | S104: 4.1308416 | T104: 3.5422307
A105: APR Impact | B105: 0.24035647 | C105: 0.49789114 | D105: 0.34571799 | E105: 0.25323414 | F105: 0.38753904 | G105: 0.44887789 | H105: 0.24891994 | I105: 0.39069421 | J105: 0.31537516 | K105: 0.058110007 | L105: 0.040279409 | M105: 0.24906772 | N105: 0.091498517 | O105: 0.31711614 | P105: 0.070871968 | Q105: 0.44240542 | R105: 0.44619838 | S105: 0.16271986 | T105: 0.70191348
A106: RAGU Score | B106: 150.96233 | C106: 151.53897 | D106: 150.96652 | E106: 150.06007 | F106: 151.52349 | G106: 151.44196 | H106: 150.52946 | I106: 150.97784 | J106: 150.79359 | K106: 151.21121 | L106: 150.93619 | M106: 151.58037 | N106: 151.62657 | O106: 152.83171 | P106: 150.70258 | Q106: 152.15152 | R106: 152.33976 | S106: 150.94512 | T106: 150.42574
A107: Amount Financed | B107: 31318928 | C107: 31186388 | D107: 32140585 | E107: 32111994 | F107: 31472674 | G107: 31238543 | H107: 30359935 | I107: 31342766 | J107: 29754682 | K107: 26789388 | L107: 26762599 | M107: 25983527 | N107: 26477084 | O107: 24950338 | P107: 22391128 | Q107: 21276159 | R107: 21097723 | S107: 14929866 | T107: 1953155.7
