Workbook

Sheet Data Tables (Q) 3pm
A1: AN | B1: 2025Q1 | C1: 2025Q2 | D1: 2025Q3 | E1: 2025Q4 | F1: 2026Q1
A2: Model Score | B2: 136.83702 | C2: 138.03382 | D2: 138.55808 | E2: 139.3761 | F2: 140.3242
A3: Gross Loss Impact | B3: 1.4592694 | C3: 2.4660669 | D3: 2.9266817 | E3: 2.9196016 | F3: 3.1264617
A4: Recovery Impact | B4: -0.27746484 | C4: 3.7521851 | D4: 5.0310015 | E4: 5.1855907 | F4: 4.6061338
A5: LTV Impact | B5: 3.4856685 | C5: 4.0041969 | D5: 3.9673791 | E5: 4.2368849 | F5: 4.2899933
A6: RAGU Score | B6: 141.5045 | C6: 148.25627 | D6: 150.48314 | E6: 151.71818 | F6: 152.34679
A7: Amount Financed | B7: 56035847 | C7: 58135224 | D7: 51413759 | E7: 39424320 | F7: 44425981
A9: FRN | B9: 2025Q1 | C9: 2025Q2 | D9: 2025Q3 | E9: 2025Q4 | F9: 2026Q1
A10: Model Score | B10: 139.83315 | C10: 140.63434 | D10: 140.96388 | E10: 141.85749 | F10: 142.77028
A11: Gross Loss Impact | B11: 0.66791062 | C11: 1.2781424 | D11: 1.7965359 | E11: 2.7808561 | F11: 2.864459
A12: Recovery Impact | B12: -2.4759445 | C12: 0.89891578 | D12: 1.4860074 | E12: 2.8270298 | F12: 1.6807668
A13: LTV Impact | B13: 5.1640304 | C13: 6.0914913 | D13: 6.1324359 | E13: 6.2175066 | F13: 5.1796676
A14: RAGU Score | B14: 143.18915 | C14: 148.90289 | D14: 150.37886 | E14: 153.68288 | F14: 152.49518
A15: Amount Financed | B15: 1.7489509e+08 | C15: 1.7780391e+08 | D15: 1.5110941e+08 | E15: 1.1798551e+08 | F15: 1.3358561e+08
A17: STG | B17: 2025Q1 | C17: 2025Q2 | D17: 2025Q3 | E17: 2025Q4 | F17: 2026Q1
A18: Model Score | B18: 136.6684 | C18: 137.94719 | D18: 138.66055 | E18: 140.03752 | F18: 141.05246
A19: Gross Loss Impact | B19: 1.8384507 | C19: 2.0356619 | D19: 2.2451501 | E19: 2.7851197 | F19: 3.1250191
A20: Recovery Impact | B20: 0.96038629 | C20: 6.9318211 | D20: 7.0053773 | E20: 8.4000971 | F20: 7.3704562
A21: LTV Impact | B21: 5.185486 | C21: 6.1161461 | D21: 6.0276231 | E21: 6.2563256 | F21: 5.2715924
A22: RAGU Score | B22: 144.65272 | C22: 153.03082 | D22: 153.9387 | E22: 157.47906 | F22: 156.81953
A23: Amount Financed | B23: 1.0977812e+08 | C23: 1.1799764e+08 | D23: 91351165 | E23: 72109323 | F23: 88330639
A25: FLD | B25: 2025Q1 | C25: 2025Q2 | D25: 2025Q3 | E25: 2025Q4 | F25: 2026Q1
A26: Model Score | B26: 136.70743 | C26: 138.3478 | D26: 138.1021 | E26: 138.94555 | F26: 140.96244
A27: Gross Loss Impact | B27: 2.4078901 | C27: 2.4910068 | D27: 3.0095789 | E27: 1.8551298 | F27: 2.3630141
A28: Recovery Impact | B28: -0.95127693 | C28: 0.73656265 | D28: 1.4219801 | E28: 1.7823428 | F28: 0.15573719
A29: LTV Impact | B29: 6.8963129 | C29: 6.3926311 | D29: 6.3479797 | E29: 6.3986759 | F29: 5.5219227
A30: RAGU Score | B30: 145.06036 | C30: 147.968 | D30: 148.88163 | E30: 148.9817 | F30: 149.00312
A31: Amount Financed | B31: 43623019 | C31: 40763731 | D31: 43230820 | E31: 43342019 | F31: 51820832
A33: ENT | B33: 2025Q1 | C33: 2025Q2 | D33: 2025Q3 | E33: 2025Q4 | F33: 2026Q1
A34: Model Score | B34: 134.57148 | C34: 136.41792 | D34: 137.0063 | E34: 137.20721 | F34: 139.79524
A35: Gross Loss Impact | B35: -0.97599678 | C35: 0.20518067 | D35: 0.17963091 | E35: 1.0649609 | F35: 1.253817
A36: Recovery Impact | B36: 1.264732 | C36: 3.6984811 | D36: 3.7671272 | E36: 4.7206982 | F36: 3.7286384
A37: LTV Impact | B37: 1.5163974 | C37: 1.9250701 | D37: 1.8505382 | E37: 1.6939213 | F37: 1.5030084
A38: RAGU Score | B38: 136.37661 | C38: 142.24665 | D38: 142.80359 | E38: 144.6868 | F38: 146.28071
A39: Amount Financed | B39: 1.5118227e+08 | C39: 1.3025102e+08 | D39: 1.0868468e+08 | E39: 91451649 | F39: 85452589
A41: KMX | B41: 2025Q1 | C41: 2025Q2 | D41: 2025Q3 | E41: 2025Q4 | F41: 2026Q1
A42: Model Score | B42: 139.70877 | C42: 139.86672 | D42: 139.91791 | E42: 140.94205 | F42: 142.02678
A43: Gross Loss Impact | B43: -0.59293677 | C43: 1.0908332 | D43: 0.95995222 | E43: 0.99951176 | F43: 0.49224522
A44: Recovery Impact | B44: -1.037986 | C44: -0.039833427 | D44: 0.39669237 | E44: 0.69322784 | F44: 0.47530718
A45: LTV Impact | B45: -0.78475247 | C45: -0.3892245 | D45: -0.57494632 | E45: -0.30261364 | F45: 0.37818019
A46: RAGU Score | B46: 137.29309 | C46: 140.5285 | D46: 140.69961 | E46: 142.33218 | F46: 143.37251
A47: Amount Financed | B47: 4.4287568e+08 | C47: 3.864738e+08 | D47: 3.7939406e+08 | E47: 3.4188185e+08 | F47: 4.9372699e+08

Sheet Friday
A1: AN | B1: 2016 | C1: 2017 | D1: 2018 | E1: 2019 | F1: 2020 Q1 | G1: 2020 Q2 | H1: 2020 Q3 | I1: 2020 Q4 | J1: 2021 Q1 | K1: 2021 Q2 | L1: 2021 Q3 | M1: 2021 Q4 | N1: 2022 Q1 | O1: 2022 Q2 | P1: 2022 Q3 | Q1: 2022 Q4 | R1: 2023 Q1 | S1: 2023 Q2 | T1: 2023 Q3 | U1: 2023 Q4 | V1: 2024 Q1 | W1: 2024 Q2 | X1: 2024 Q3 | Y1: 2024 Q4 | Z1: 2025 Q1 | AA1: 2025 Q2 | AB1: 2025 Q3 | AC1: 2025 Q4
A2: Contract Model Score | B2: 130.07861 | C2: 132.83039 | D2: 132.99375 | E2: 132.11029 | F2: 131.79764 | G2: 133.71059 | H2: 135.28557 | I2: 135.79608 | J2: 134.60179 | K2: 135.14257 | L2: 135.36265 | M2: 134.41538 | N2: 134.0686 | O2: 135.89246 | P2: 136.14781 | Q2: 136.75155 | R2: 136.66305 | S2: 136.90907 | T2: 136.43849 | U2: 137.02135 | V2: 136.37212 | W2: 137.12198 | X2: 138.09052 | Y2: 136.80136 | Z2: 136.83702 | AA2: 138.03382 | AB2: 138.55808 | AC2: 139.3761 | AD2: 140.35811
A3: Model Score | B3: 0 | C3: 0 | D3: 0 | E3: 0 | F3: 0 | G3: 0 | H3: 0 | I3: 0 | J3: 0 | K3: 0 | L3: 0 | M3: 0 | N3: 0 | O3: 0 | P3: 0 | Q3: 0 | R3: 0 | S3: 0 | T3: 0 | U3: 0 | V3: 0 | W3: 0 | X3: 0 | Y3: 0 | Z3: 0 | AA3: 0 | AB3: 0 | AC3: 0 | AD3: 0
A4: Gross Loss Adjustments (Dealer level, high PTI, etc.) | B4: 0.66100206 | C4: 1.0383634 | D4: 1.1335416 | E4: 1.057243 | F4: 1.4123341 | G4: 1.3083797 | H4: 0.58221869 | I4: 1.0822147 | J4: 1.3206171 | K4: 1.3559535 | L4: 1.3112364 | M4: 1.2138028 | N4: 1.6338939 | O4: 1.3966256 | P4: 1.2658425 | Q4: 1.2408405 | R4: 0.79430529 | S4: 1.2228347 | T4: 0.70121599 | U4: 0.83461733 | V4: 0.66242898 | W4: 1.1867832 | X4: 0.97810535 | Y4: 1.1748893 | Z4: 1.4592694 | AA4: 2.4660669 | AB4: 2.9266817 | AC4: 2.9196016 | AD4: 3.1024219
A5: Recovery Adjustments excluding LTV (Mileage, vehicle type, etc.) | B5: -0.054409067 | C5: 0.70005236 | D5: 0.67202736 | E5: 0.47448415 | F5: 0.30912709 | G5: 0.21724112 | H5: 0.74289438 | I5: 0.70952244 | J5: 0.67145042 | K5: 0.50632617 | L5: 0.26596726 | M5: -0.28347851 | N5: -0.67418374 | O5: -1.0045925 | P5: -1.1216422 | Q5: -0.74577294 | R5: -0.85024309 | S5: -0.68592821 | T5: -1.2611827 | U5: -0.66822787 | V5: -1.4532558 | W5: -0.49934091 | X5: -0.60058587 | Y5: 0.46835393 | Z5: 0.39957502 | AA5: 0.3029111 | AB5: 1.1079276 | AC5: 2.0640683 | AD5: 0.69046435
A6: LTV Adjustments | B6: 0.054409067 | C6: -0.70005236 | D6: -0.67202736 | E6: -0.47448415 | F6: -0.30912709 | G6: -0.21724112 | H6: -0.74289438 | I6: -0.70952244 | J6: -0.67145042 | K6: -0.50632617 | L6: -0.26596726 | M6: 0.28347851 | N6: 0.67418374 | O6: 1.0045925 | P6: 1.1216422 | Q6: 0.74577294 | R6: 0.85024309 | S6: 0.68592821 | T6: 1.2611827 | U6: 0.66822787 | V6: 1.4532558 | W6: 0.49934091 | X6: 0.60058587 | Y6: -0.46835393 | Z6: -0.39957502 | AA6: -0.3029111 | AB6: -1.1079276 | AC6: -2.0640683 | AD6: -0.69046435
A7: RAGU Score | B7: 130.73961 | C7: 133.86875 | D7: 134.12729 | E7: 133.16753 | F7: 133.20997 | G7: 135.01897 | H7: 135.86779 | I7: 136.8783 | J7: 135.92241 | K7: 136.49853 | L7: 136.67389 | M7: 135.62918 | N7: 135.70249 | O7: 137.28909 | P7: 137.41365 | Q7: 137.99239 | R7: 137.45735 | S7: 138.1319 | T7: 137.13971 | U7: 137.85597 | V7: 137.03455 | W7: 138.30877 | X7: 139.06863 | Y7: 137.97624 | Z7: 138.29629 | AA7: 140.49989 | AB7: 141.48476 | AC7: 142.2957 | AD7: 143.46053
A8: LTV | B8: 1.9101927 | C8: 1.9033588 | D8: 1.9123152 | E8: 1.9528892 | F8: 1.9038189 | G8: 1.9494936 | H8: 1.6770808 | I8: 1.664423 | J8: 1.6924912 | K8: 1.5180062 | L8: 1.5882537 | M8: 1.5848062 | N8: 1.6190206 | O8: 1.7180658 | P8: 1.753261 | Q8: 1.8148918 | R8: 1.8290827 | S8: 1.7198073 | T8: 1.6761533 | U8: 1.7123719 | V8: 1.7359703 | W8: 1.6835907 | X8: 1.5949825 | Y8: 1.6188285 | Z8: 1.6088885 | AA8: 1.5694662 | AB8: 1.573298 | AC8: 1.5514636 | AD8: 1.5496695
A10: FLD | F10: 2020 Q1 | G10: 2020 Q2 | H10: 2020 Q3 | I10: 2020 Q4 | J10: 2021 Q1 | K10: 2021 Q2 | L10: 2021 Q3 | M10: 2021 Q4 | N10: 2022 Q1 | O10: 2022 Q2 | P10: 2022 Q3 | Q10: 2022 Q4 | R10: 2023 Q1 | S10: 2023 Q2 | T10: 2023 Q3 | U10: 2023 Q4 | V10: 2024 Q1 | W10: 2024 Q2 | X10: 2024 Q3 | Y10: 2024 Q4 | Z10: 2025 Q1 | AA10: 2025 Q2 | AB10: 2025 Q3 | AC10: 2025 Q4
A11: Contract Model Score | F11: 131.95039 | G11: 135.66547 | H11: 137.78086 | I11: 140.37625 | J11: 136.75685 | K11: 136.18261 | L11: 135.63105 | M11: 134.62935 | N11: 134.17392 | O11: 135.83718 | P11: 136.96375 | Q11: 138.77228 | R11: 141.32316 | S11: 138.86319 | T11: 137.95666 | U11: 139.5662 | V11: 138.5244 | W11: 138.40978 | X11: 140.36331 | Y11: 138.38769 | Z11: 136.70743 | AA11: 138.3478 | AB11: 138.1021 | AC11: 138.94555 | AD11: 140.97177
A12: Model Score | F12: 0 | G12: 0 | H12: 0 | I12: 0 | J12: 0 | K12: 0 | L12: 0 | M12: 0 | N12: 0 | O12: 0 | P12: 0 | Q12: 0 | R12: 0 | S12: 0 | T12: 0 | U12: 0 | V12: 0 | W12: 0 | X12: 0 | Y12: 0 | Z12: 0 | AA12: 0 | AB12: 0 | AC12: 0 | AD12: 0
A13: Gross Loss Adjustments (Dealer level, high PTI, etc.) | F13: -1.7103216 | G13: -1.3620012 | H13: -0.82270063 | I13: 0.67937377 | J13: 1.8207974 | K13: -0.22282408 | L13: -0.34270651 | M13: 0.75425033 | N13: 0.49117725 | O13: 0.57506675 | P13: 0.94006829 | Q13: 0.98133634 | R13: 1.1637723 | S13: 0.76651233 | T13: 1.0512261 | U13: 1.3906266 | V13: 1.5536976 | W13: 2.4436111 | X13: 3.2853416 | Y13: 2.9736339 | Z13: 2.4078901 | AA13: 2.4910068 | AB13: 3.0095789 | AC13: 1.8551298 | AD13: 2.3319267
A14: Recovery Adjustments excluding LTV (Mileage, vehicle type, etc.) | F14: 0.023124101 | G14: -0.099685801 | H14: 0.22494839 | I14: 0.80838437 | J14: 0.69008016 | K14: 0.44701898 | L14: 0.39655896 | M14: -0.01210726 | N14: -0.55783536 | O14: -1.0422641 | P14: -1.1424868 | Q14: -0.17638707 | R14: -0.62023186 | S14: -1.2375384 | T14: -0.97157633 | U14: -1.7143126 | V14: -1.3255697 | W14: -0.79912119 | X14: -0.11852831 | Y14: 0.32035449 | Z14: 0.43211964 | AA14: 0.76100218 | AB14: 0.82991687 | AC14: 1.4964658 | AD14: 0.16371332
A15: LTV Adjustments | F15: -0.023124101 | G15: 0.099685801 | H15: -0.22494839 | I15: -0.80838437 | J15: -0.69008016 | K15: -0.44701898 | L15: -0.39655896 | M15: 0.01210726 | N15: 0.55783536 | O15: 1.0422641 | P15: 1.1424868 | Q15: 0.17638707 | R15: 0.62023186 | S15: 1.2375384 | T15: 0.97157633 | U15: 1.7143126 | V15: 1.3255697 | W15: 0.79912119 | X15: 0.11852831 | Y15: -0.32035449 | Z15: -0.43211964 | AA15: -0.76100218 | AB15: -0.82991687 | AC15: -1.4964658 | AD15: -0.16371332
A16: RAGU Score | F16: 130.24007 | G16: 134.30347 | H16: 136.95816 | I16: 141.05562 | J16: 138.57764 | K16: 135.95979 | L16: 135.28834 | M16: 135.3836 | N16: 134.6651 | O16: 136.41225 | P16: 137.90382 | Q16: 139.75362 | R16: 142.48693 | S16: 139.6297 | T16: 139.00788 | U16: 140.95683 | V16: 140.0781 | W16: 140.85339 | X16: 143.64865 | Y16: 141.36132 | Z16: 139.11532 | AA16: 140.8388 | AB16: 141.11168 | AC16: 140.80068 | AD16: 143.30369
A17: LTV | F17: 1.4221399 | G17: 1.3722282 | H17: 1.2228557 | I17: 1.2691963 | J17: 1.3327275 | K17: 1.2326635 | L17: 1.2757828 | M17: 1.3349712 | N17: 1.3422822 | O17: 1.3349194 | P17: 1.3215161 | Q17: 1.3238593 | R17: 1.2734391 | S17: 1.3071443 | T17: 1.2660861 | U17: 1.2843422 | V17: 1.3825942 | W17: 1.3651666 | X17: 1.3457689 | Y17: 1.3402466 | Z17: 1.3808658 | AA17: 1.4104061 | AB17: 1.4124083 | AC17: 1.4092603 | AD17: 1.4629259
A19: FRN | B19: 2016 | C19: 2017 | D19: 2018 | E19: 2019 | F19: 2020 Q1 | G19: 2020 Q2 | H19: 2020 Q3 | I19: 2020 Q4 | J19: 2021 Q1 | K19: 2021 Q2 | L19: 2021 Q3 | M19: 2021 Q4 | N19: 2022 Q1 | O19: 2022 Q2 | P19: 2022 Q3 | Q19: 2022 Q4 | R19: 2023 Q1 | S19: 2023 Q2 | T19: 2023 Q3 | U19: 2023 Q4 | V19: 2024 Q1 | W19: 2024 Q2 | X19: 2024 Q3 | Y19: 2024 Q4 | Z19: 2025 Q1 | AA19: 2025 Q2 | AB19: 2025 Q3 | AC19: 2025 Q4
A20: Contract Model Score | B20: 131.16747 | C20: 136.73823 | D20: 136.80259 | E20: 132.54767 | F20: 131.13303 | G20: 132.90504 | H20: 133.93048 | I20: 132.80381 | J20: 135.44811 | K20: 135.18735 | L20: 134.94602 | M20: 132.89928 | N20: 134.06325 | O20: 136.81721 | P20: 138.00243 | Q20: 139.77793 | R20: 141.27719 | S20: 140.58734 | T20: 140.72103 | U20: 139.02514 | V20: 138.13163 | W20: 140.17356 | X20: 141.55375 | Y20: 139.97097 | Z20: 139.83315 | AA20: 140.63434 | AB20: 140.96388 | AC20: 141.85749 | AD20: 142.779
A21: Model Score | B21: 0 | C21: 0 | D21: 0 | E21: 0 | F21: 0 | G21: 0 | H21: 0 | I21: 0 | J21: 0 | K21: 0 | L21: 0 | M21: 0 | N21: 0 | O21: 0 | P21: 0 | Q21: 0 | R21: 0 | S21: 0 | T21: 0 | U21: 0 | V21: 0 | W21: 0 | X21: 0 | Y21: 0 | Z21: 0 | AA21: 0 | AB21: 0 | AC21: 0 | AD21: 0
A22: Gross Loss Adjustments (Dealer level, high PTI, etc.) | B22: -0.086531737 | C22: 0.56457952 | D22: 0.097990972 | E22: 0.65117725 | F22: 1.3091096 | G22: 1.5067007 | H22: 0.54845206 | I22: 0.003989095 | J22: 0.52413776 | K22: 0.89828531 | L22: 0.69221704 | M22: -0.39544921 | N22: -0.23544014 | O22: 0.72599632 | P22: 0.58262346 | Q22: 0.31311591 | R22: 0.93723355 | S22: 1.5645409 | T22: 1.6212334 | U22: 0.89293024 | V22: -0.19717966 | W22: 0.30351544 | X22: 0.75919793 | Y22: 0.53146185 | Z22: 0.66791062 | AA22: 1.2781424 | AB22: 1.7965359 | AC22: 2.7808561 | AD22: 2.8426225
A23: Recovery Adjustments excluding LTV (Mileage, vehicle type, etc.) | B23: -0.34957323 | C23: 0.53915686 | D23: 0.9457154 | E23: 0.17382504 | F23: 0.52242077 | G23: 0.37549313 | H23: 0.22327722 | I23: 0.97254445 | J23: 0.63940265 | K23: 0.40699231 | L23: 0.31059881 | M23: -0.21772404 | N23: -0.84848183 | O23: -0.91051986 | P23: -1.1274987 | Q23: -0.88900089 | R23: -0.73527945 | S23: -1.1082916 | T23: -1.3951448 | U23: -1.0241195 | V23: -1.469728 | W23: -0.89756939 | X23: -0.42888308 | Y23: 0.51363052 | Z23: 0.29524401 | AA23: 0.76044825 | AB23: 1.1323438 | AC23: 1.6648451 | AD23: 0.93089782
A24: LTV Adjustments | B24: 0.34957323 | C24: -0.53915686 | D24: -0.9457154 | E24: -0.17382504 | F24: -0.52242077 | G24: -0.37549313 | H24: -0.22327722 | I24: -0.97254445 | J24: -0.63940265 | K24: -0.40699231 | L24: -0.31059881 | M24: 0.21772404 | N24: 0.84848183 | O24: 0.91051986 | P24: 1.1274987 | Q24: 0.88900089 | R24: 0.73527945 | S24: 1.1082916 | T24: 1.3951448 | U24: 1.0241195 | V24: 1.469728 | W24: 0.89756939 | X24: 0.42888308 | Y24: -0.51363052 | Z24: -0.29524401 | AA24: -0.76044825 | AB24: -1.1323438 | AC24: -1.6648451 | AD24: -0.93089782
A25: RAGU Score | B25: 131.08094 | C25: 137.30281 | D25: 136.90058 | E25: 133.19885 | F25: 132.44214 | G25: 134.41174 | H25: 134.47893 | I25: 132.8078 | J25: 135.97225 | K25: 136.08564 | L25: 135.63823 | M25: 132.50383 | N25: 133.82781 | O25: 137.5432 | P25: 138.58506 | Q25: 140.09105 | R25: 142.21442 | S25: 142.15188 | T25: 142.34226 | U25: 139.91807 | V25: 137.93446 | W25: 140.47708 | X25: 142.31295 | Y25: 140.50244 | Z25: 140.50106 | AA25: 141.91248 | AB25: 142.76042 | AC25: 144.63834 | AD25: 145.62163
A26: LTV | B26: 2.1588362 | C26: 2.2065357 | D26: 2.1158734 | E26: 2.09243 | F26: 1.9393233 | G26: 1.9441554 | H26: 1.9016888 | I26: 2.032051 | J26: 1.7355409 | K26: 1.5130107 | L26: 1.6177635 | M26: 1.6852642 | N26: 1.6609436 | O26: 1.6670626 | P26: 1.6833356 | Q26: 1.6853941 | R26: 1.7304846 | S26: 1.5415358 | T26: 1.5005377 | U26: 1.4615654 | V26: 1.4841217 | W26: 1.477298 | X26: 1.4908119 | Y26: 1.4856955 | Z26: 1.4883673 | AA26: 1.4290012 | AB26: 1.425504 | AC26: 1.4203813 | AD26: 1.4858585
A28: STG | B28: 2016 | C28: 2017 | D28: 2018 | E28: 2019 | F28: 2020 Q1 | G28: 2020 Q2 | H28: 2020 Q3 | I28: 2020 Q4 | J28: 2021 Q1 | K28: 2021 Q2 | L28: 2021 Q3 | M28: 2021 Q4 | N28: 2022 Q1 | O28: 2022 Q2 | P28: 2022 Q3 | Q28: 2022 Q4 | R28: 2023 Q1 | S28: 2023 Q2 | T28: 2023 Q3 | U28: 2023 Q4 | V28: 2024 Q1 | W28: 2024 Q2 | X28: 2024 Q3 | Y28: 2024 Q4 | Z28: 2025 Q1 | AA28: 2025 Q2 | AB28: 2025 Q3 | AC28: 2025 Q4
A29: Contract Model Score | B29: 129.64154 | C29: 131.65563 | D29: 131.56832 | E29: 129.50597 | F29: 130.0304 | G29: 133.13562 | H29: 135.5242 | I29: 135.28733 | J29: 135.28771 | K29: 135.49901 | L29: 135.05653 | M29: 133.65336 | N29: 134.55 | O29: 136.72731 | P29: 137.27114 | Q29: 138.30195 | R29: 139.23035 | S29: 137.71584 | T29: 138.53984 | U29: 137.48747 | V29: 136.76023 | W29: 137.47802 | X29: 138.54354 | Y29: 137.20905 | Z29: 136.6684 | AA29: 137.94719 | AB29: 138.66055 | AC29: 140.03752 | AD29: 141.07253
A30: Model Score | B30: 0 | C30: 0 | D30: 0 | E30: 0 | F30: 0 | G30: 0 | H30: 0 | I30: 0 | J30: 0 | K30: 0 | L30: 0 | M30: 0 | N30: 0 | O30: 0 | P30: 0 | Q30: 0 | R30: 0 | S30: 0 | T30: 0 | U30: 0 | V30: 0 | W30: 0 | X30: 0 | Y30: 0 | Z30: 0 | AA30: 0 | AB30: 0 | AC30: 0 | AD30: 0
A31: Gross Loss Adjustments (Dealer level, high PTI, etc.) | B31: 0.80451042 | C31: 0.93531319 | D31: 0.87019855 | E31: 0.78525767 | F31: 0.62627011 | G31: 0.56124754 | H31: 0.90101305 | I31: 0.8428326 | J31: 1.6574384 | K31: 1.8158511 | L31: 1.5016646 | M31: 1.1834961 | N31: 0.56607344 | O31: 0.62303432 | P31: -0.014227399 | Q31: 0.60880416 | R31: 0.26065132 | S31: 0.32381303 | T31: 1.4742954 | U31: 1.2647051 | V31: 1.0139279 | W31: 2.0228001 | X31: 2.2786498 | Y31: 2.0632355 | Z31: 1.8384507 | AA31: 2.0356619 | AB31: 2.2451501 | AC31: 2.7851197 | AD31: 3.1128337
A32: Recovery Adjustments excluding LTV (Mileage, vehicle type, etc.) | B32: 0.038871781 | C32: 0.73613395 | D32: 0.58170063 | E32: 0.46287386 | F32: 0.22331471 | G32: 0.10075895 | H32: 0.41100916 | I32: 0.85848503 | J32: 0.62447165 | K32: 0.63147985 | L32: 0.28314243 | M32: -0.41238527 | N32: -1.0433667 | O32: -0.60440352 | P32: -1.1042254 | Q32: -0.73889841 | R32: -0.44086227 | S32: -0.97274042 | T32: -1.0454229 | U32: -1.2079618 | V32: -1.4540589 | W32: -1.137462 | X32: -0.035229793 | Y32: 0.5700101 | Z32: 0.50656547 | AA32: 0.65025191 | AB32: 1.0876569 | AC32: 1.9194278 | AD32: 0.64487394
A33: LTV Adjustments | B33: -0.038871781 | C33: -0.73613395 | D33: -0.58170063 | E33: -0.46287386 | F33: -0.22331471 | G33: -0.10075895 | H33: -0.41100916 | I33: -0.85848503 | J33: -0.62447165 | K33: -0.63147985 | L33: -0.28314243 | M33: 0.41238527 | N33: 1.0433667 | O33: 0.60440352 | P33: 1.1042254 | Q33: 0.73889841 | R33: 0.44086227 | S33: 0.97274042 | T33: 1.0454229 | U33: 1.2079618 | V33: 1.4540589 | W33: 1.137462 | X33: 0.035229793 | Y33: -0.5700101 | Z33: -0.50656547 | AA33: -0.65025191 | AB33: -1.0876569 | AC33: -1.9194278 | AD33: -0.64487394
A34: RAGU Score | B34: 130.44605 | C34: 132.59094 | D34: 132.43852 | E34: 130.29123 | F34: 130.65667 | G34: 133.69687 | H34: 136.42521 | I34: 136.13016 | J34: 136.94515 | K34: 137.31486 | L34: 136.5582 | M34: 134.83686 | N34: 135.11607 | O34: 137.35035 | P34: 137.25692 | Q34: 138.91076 | R34: 139.491 | S34: 138.03965 | T34: 140.01413 | U34: 138.75218 | V34: 137.77416 | W34: 139.50082 | X34: 140.82219 | Y34: 139.27228 | Z34: 138.50685 | AA34: 139.98285 | AB34: 140.9057 | AC34: 142.82264 | AD34: 144.18537
A35: LTV | B35: 1.9506243 | C35: 1.9398596 | D35: 1.9893738 | E35: 2.0866595 | F35: 2.0894836 | G35: 2.1082303 | H35: 1.8230661 | I35: 1.8044767 | J35: 1.7000351 | K35: 1.5707098 | L35: 1.5939441 | M35: 1.6156902 | N35: 1.5718352 | O35: 1.519652 | P35: 1.536806 | Q35: 1.4821458 | R35: 1.4795919 | S35: 1.5163861 | T35: 1.4273243 | U35: 1.4313978 | V35: 1.5302432 | W35: 1.4910126 | X35: 1.45301 | Y35: 1.4632665 | Z35: 1.4858925 | AA35: 1.4269815 | AB35: 1.4322616 | AC35: 1.4179012 | AD35: 1.4831895
A37: ENT | F37: 2020 Q1 | G37: 2020 Q2 | H37: 2020 Q3 | I37: 2020 Q4 | J37: 2021 Q1 | K37: 2021 Q2 | L37: 2021 Q3 | M37: 2021 Q4 | N37: 2022 Q1 | O37: 2022 Q2 | P37: 2022 Q3 | Q37: 2022 Q4 | R37: 2023 Q1 | S37: 2023 Q2 | T37: 2023 Q3 | U37: 2023 Q4 | V37: 2024 Q1 | W37: 2024 Q2 | X37: 2024 Q3 | Y37: 2024 Q4 | Z37: 2025 Q1 | AA37: 2025 Q2 | AB37: 2025 Q3 | AC37: 2025 Q4
A38: Contract Model Score | F38: 132.38307 | G38: 133.22864 | H38: 136.30166 | I38: 135.38242 | J38: 133.8357 | K38: 131.8749 | L38: 131.13569 | M38: 129.4723 | N38: 129.34473 | O38: 131.45349 | P38: 131.71553 | Q38: 131.25851 | R38: 132.73385 | S38: 133.4422 | T38: 133.76755 | U38: 135.31367 | V38: 136.17456 | W38: 136.8171 | X38: 136.69241 | Y38: 134.94875 | Z38: 134.57148 | AA38: 136.41792 | AB38: 137.0063 | AC38: 137.20721 | AD38: 139.78392
A39: Model Score | F39: 0 | G39: 0 | H39: 0 | I39: 0 | J39: 0 | K39: 0 | L39: 0 | M39: 0 | N39: 0 | O39: 0 | P39: 0 | Q39: 0 | R39: 0 | S39: 0 | T39: 0 | U39: 0 | V39: 0 | W39: 0 | X39: 0 | Y39: 0 | Z39: 0 | AA39: 0 | AB39: 0 | AC39: 0 | AD39: 0
A40: Gross Loss Adjustments (Dealer level, high PTI, etc.) | F40: 0.53733727 | G40: 0.6114489 | H40: 0.32319334 | I40: -0.89774632 | J40: -0.38175502 | K40: -0.59152797 | L40: -0.80097815 | M40: -0.57952409 | N40: -0.12187674 | O40: -0.57677921 | P40: -1.5631581 | Q40: -1.3928785 | R40: -1.7516348 | S40: -1.0557538 | T40: -0.70981925 | U40: 0.45637312 | V40: -0.59196155 | W40: -0.32963785 | X40: -0.49424107 | Y40: -0.28560818 | Z40: -0.97599678 | AA40: 0.20518067 | AB40: 0.17963091 | AC40: 1.0649609 | AD40: 1.232904
A41: Recovery Adjustments excluding LTV (Mileage, vehicle type, etc.) | F41: -1.1415244 | G41: -0.8514428 | H41: -0.43661837 | I41: -0.55641526 | J41: -0.49662092 | K41: 0.11718027 | L41: -0.437745 | M41: -0.36445296 | N41: -1.3075132 | O41: -1.6113288 | P41: -2.3543305 | Q41: -2.5707845 | R41: -2.2856497 | S41: -2.2622105 | T41: -1.7989997 | U41: -1.1567416 | V41: -1.8790409 | W41: -1.4112415 | X41: -0.48973089 | Y41: 2.2143246 | Z41: 3.2384867 | AA41: 2.1064982 | AB41: 2.420684 | AC41: 3.3393899 | AD41: 2.63809
A42: LTV Adjustments | F42: 1.1415244 | G42: 0.8514428 | H42: 0.43661837 | I42: 0.55641526 | J42: 0.49662092 | K42: -0.11718027 | L42: 0.437745 | M42: 0.36445296 | N42: 1.3075132 | O42: 1.6113288 | P42: 2.3543305 | Q42: 2.5707845 | R42: 2.2856497 | S42: 2.2622105 | T42: 1.7989997 | U42: 1.1567416 | V42: 1.8790409 | W42: 1.4112415 | X42: 0.48973089 | Y42: -2.2143246 | Z42: -3.2384867 | AA42: -2.1064982 | AB42: -2.420684 | AC42: -3.3393899 | AD42: -2.63809
A43: RAGU Score | F43: 132.92041 | G43: 133.84009 | H43: 136.62485 | I43: 134.48468 | J43: 133.45395 | K43: 131.28337 | L43: 130.33471 | M43: 128.89278 | N43: 129.22285 | O43: 130.87671 | P43: 130.15238 | Q43: 129.86564 | R43: 130.98221 | S43: 132.38644 | T43: 133.05774 | U43: 135.77004 | V43: 135.5826 | W43: 136.48746 | X43: 136.19817 | Y43: 134.66314 | Z43: 133.59548 | AA43: 136.6231 | AB43: 137.18593 | AC43: 138.27218 | AD43: 141.01682
A44: LTV | F44: 1.4713395 | G44: 1.4484379 | H44: 1.2685054 | I44: 1.3692404 | J44: 1.3589856 | K44: 1.2616075 | L44: 1.3410244 | M44: 1.3740428 | N44: 1.3946426 | O44: 1.3463624 | P44: 1.2927129 | Q44: 1.3475097 | R44: 1.3825699 | S44: 1.3325832 | T44: 1.2570081 | U44: 1.3077675 | V44: 1.3170153 | W44: 1.3000395 | X44: 1.3144672 | Y44: 1.3452338 | Z44: 1.3309705 | AA44: 1.3026223 | AB44: 1.307922 | AC44: 1.3182126 | AD44: 1.3322288
A46: nonKMXENT | B46: 2016 | C46: 2017 | D46: 2018 | E46: 2019 | F46: 2020 Q1 | G46: 2020 Q2 | H46: 2020 Q3 | I46: 2020 Q4 | J46: 2021 Q1 | K46: 2021 Q2 | L46: 2021 Q3 | M46: 2021 Q4 | N46: 2022 Q1 | O46: 2022 Q2 | P46: 2022 Q3 | Q46: 2022 Q4 | R46: 2023 Q1 | S46: 2023 Q2 | T46: 2023 Q3 | U46: 2023 Q4 | V46: 2024 Q1 | W46: 2024 Q2 | X46: 2024 Q3 | Y46: 2024 Q4 | Z46: 2025 Q1 | AA46: 2025 Q2 | AB46: 2025 Q3 | AC46: 2025 Q4
A47: Contract Model Score | B47: 130.11007 | C47: 132.58768 | D47: 132.51876 | E47: 130.52654 | F47: 130.9115 | G47: 133.56818 | H47: 135.32872 | I47: 135.00452 | J47: 135.33466 | K47: 135.42705 | L47: 135.14249 | M47: 133.58237 | N47: 134.24542 | O47: 136.54105 | P47: 137.34925 | Q47: 138.63774 | R47: 139.45713 | S47: 138.75195 | T47: 138.87581 | U47: 138.31101 | V47: 137.53278 | W47: 138.76369 | X47: 140.0747 | Y47: 138.61957 | Z47: 138.13778 | AA47: 139.2205 | AB47: 139.61004 | AC47: 140.56262 | AD47: 141.67263
A48: Model Score | B48: 0.157252 | C48: 0.098662384 | D48: 0.031447292 | E48: 0.0079311969 | F48: 0.0001600884 | G48: 0.00054589379 | H48: 0.00092920139 | I48: -0.0014430359 | J48: 0.00032879285 | K48: 0.00029449277 | L48: 0.00039904696 | M48: -0.0011029027 | N48: -0.0010728902 | O48: -0.0038523388 | P48: -0.0010246437 | Q48: 0.003398476 | R48: -0.017858752 | S48: 0.0088215097 | T48: -0.0081867538 | U48: 0.007437203 | V48: 0.00014128517 | W48: 0.0022149711 | X48: -0.0017540155 | Y48: -0.0070410599 | Z48: -0.00020335988 | AA48: -0.0086787416 | AB48: -0.004250533 | AC48: -0.007164574 | AD48: -0.00092268731
A49: Gross Loss Adjustments (Dealer level, high PTI, etc.) | B49: 0.51854456 | C49: 0.94898377 | D49: 0.95230876 | E49: 0.84259456 | F49: 0.46304847 | G49: 0.64365508 | H49: 0.52209716 | I49: 0.6081382 | J49: 1.2610967 | K49: 1.1570359 | L49: 0.92621472 | M49: 0.52836128 | N49: 0.40492693 | O49: 0.77317488 | P49: 0.57645117 | Q49: 0.66510351 | R49: 0.76689537 | S49: 1.072764 | T49: 1.3097788 | U49: 1.031606 | V49: 0.42542712 | W49: 1.1694034 | X49: 1.4839969 | Y49: 1.2745257 | Z49: 1.3151304 | AA49: 1.804837 | AB49: 2.2460316 | AC49: 2.6549846 | AD49: 2.8701253
A50: Recovery Adjustments excluding LTV (Mileage, vehicle type, etc.) | B50: -0.1014372 | C50: 0.71313187 | D50: 0.65304262 | E50: 0.43739226 | F50: 0.24966255 | G50: 0.15626569 | H50: 0.39542016 | I50: 0.86245283 | J50: 0.64489297 | K50: 0.51016008 | L50: 0.30656646 | M50: -0.27328638 | N50: -0.85404633 | O50: -0.8357442 | P50: -1.1216741 | Q50: -0.73144788 | R50: -0.68972095 | S50: -0.98977693 | T50: -1.2170177 | U50: -1.0803201 | V50: -1.4489643 | W50: -0.90400534 | X50: -0.30556664 | Y50: 0.50723582 | Z50: 0.38672774 | AA50: 0.65912438 | AB50: 1.0772655 | AC50: 1.7625412 | AD50: 0.68936311
A51: LTV Adjustments | B51: 0.1014372 | C51: -0.71313187 | D51: -0.65304262 | E51: -0.43739226 | F51: -0.24966255 | G51: -0.15626569 | H51: -0.39542016 | I51: -0.86245283 | J51: -0.64489297 | K51: -0.51016008 | L51: -0.30656646 | M51: 0.27328638 | N51: 0.85404633 | O51: 0.8357442 | P51: 1.1216741 | Q51: 0.73144788 | R51: 0.68972095 | S51: 0.98977693 | T51: 1.2170177 | U51: 1.0803201 | V51: 1.4489643 | W51: 0.90400534 | X51: 0.30556664 | Y51: -0.50723582 | Z51: -0.38672774 | AA51: -0.65912438 | AB51: -1.0772655 | AC51: -1.7625412 | AD51: -0.68936311
A52: RAGU Score | B52: 130.78587 | C52: 133.63533 | D52: 133.50252 | E52: 131.37707 | F52: 131.37471 | G52: 134.21238 | H52: 135.85174 | I52: 135.61121 | J52: 136.59609 | K52: 136.58438 | L52: 136.06911 | M52: 134.10963 | N52: 134.64928 | O52: 137.31037 | P52: 137.92468 | Q52: 139.30624 | R52: 140.20617 | S52: 139.83354 | T52: 140.1774 | U52: 139.35006 | V52: 137.95835 | W52: 139.93531 | X52: 141.55694 | Y52: 139.88705 | Z52: 139.4527 | AA52: 141.01666 | AB52: 141.85182 | AC52: 143.21044 | AD52: 144.54184
A53: LTV | B53: 1.9921045 | C53: 1.9352155 | D53: 1.9544425 | E53: 1.9495965 | F53: 1.9059814 | G53: 1.9314515 | H53: 1.7403846 | I53: 1.8062675 | J53: 1.6742209 | K53: 1.4966757 | L53: 1.5564551 | M53: 1.6060344 | N53: 1.5845585 | O53: 1.5862791 | P53: 1.6114581 | Q53: 1.6121903 | R53: 1.6475841 | S53: 1.5467978 | T53: 1.4858754 | U53: 1.4786804 | V53: 1.5275052 | W53: 1.4969821 | X53: 1.4796734 | Y53: 1.4840307 | Z53: 1.4930307 | AA53: 1.447166 | AB53: 1.4481967 | AC53: 1.4368988 | AD53: 1.4903249
A55: KMX | B55: 2016 | C55: 2017 | D55: 2018 | E55: 2019 | F55: 2020 Q1 | G55: 2020 Q2 | H55: 2020 Q3 | I55: 2020 Q4 | J55: 2021 Q1 | K55: 2021 Q2 | L55: 2021 Q3 | M55: 2021 Q4 | N55: 2022 Q1 | O55: 2022 Q2 | P55: 2022 Q3 | Q55: 2022 Q4 | R55: 2023 Q1 | S55: 2023 Q2 | T55: 2023 Q3 | U55: 2023 Q4 | V55: 2024 Q1 | W55: 2024 Q2 | X55: 2024 Q3 | Y55: 2024 Q4 | Z55: 2025 Q1 | AA55: 2025 Q2 | AB55: 2025 Q3 | AC55: 2025 Q4
A56: Contract Model Score | B56: 136.55968 | C56: 139.10083 | D56: 137.77798 | E56: 136.87456 | F56: 135.86332 | G56: 138.37204 | H56: 138.7895 | I56: 136.9589 | J56: 135.46433 | K56: 135.73801 | L56: 134.50372 | M56: 133.19297 | N56: 133.26474 | O56: 134.70115 | P56: 136.05827 | Q56: 138.3337 | R56: 140.09672 | S56: 140.65864 | T56: 140.50459 | U56: 140.56078 | V56: 139.56825 | W56: 140.43212 | X56: 139.88511 | Y56: 139.76782 | Z56: 139.70877 | AA56: 139.86672 | AB56: 139.91791 | AC56: 140.94205 | AD56: 142.00121
A57: Model Score | B57: 0 | C57: 0 | D57: 0 | E57: 0 | F57: 0 | G57: 0 | H57: 0 | I57: 0 | J57: 0 | K57: 0 | L57: 0 | M57: 0 | N57: 0 | O57: 0 | P57: 0 | Q57: 0 | R57: 0 | S57: 0 | T57: 0 | U57: 0 | V57: 0 | W57: 0 | X57: 0 | Y57: 0 | Z57: 0 | AA57: 0 | AB57: 0 | AC57: 0 | AD57: 0
A58: Gross Loss Adjustments (Dealer level, high PTI, etc.) | B58: 3.5320245 | C58: 3.8005327 | D58: 3.3715599 | E58: 3.2957349 | F58: 3.1855794 | G58: 3.608479 | H58: 3.4625739 | I58: 2.7842586 | J58: 2.3455915 | K58: 2.152361 | L58: 1.7360873 | M58: 1.1657481 | N58: 0.9511797 | O58: 0.29800483 | P58: -0.16124401 | Q58: 0.7664811 | R58: 0.75855075 | S58: 1.162112 | T58: 1.3570653 | U58: 1.5373659 | V58: 0.82586145 | W58: 1.637394 | X58: 1.4931473 | Y58: 0.074184846 | Z58: -1.3608038 | AA58: 0.33959515 | AB58: 0.34432056 | AC58: 0.76377713 | AD58: 0.30103973
A59: Recovery Adjustments excluding LTV (Mileage, vehicle type, etc.) | B59: 1.6929429 | C59: 0.52065631 | D59: 0.51369483 | E59: 0.44507487 | F59: -0.11503385 | G59: 0.25914947 | H59: -0.11809314 | I59: 0.18470786 | J59: 0.32173198 | K59: 0.59548127 | L59: 1.4076525 | M59: 0.5029732 | N59: 0.35869736 | O59: -0.24831503 | P59: -0.78589967 | Q59: -0.85799001 | R59: -1.320269 | S59: -1.1022226 | T59: -1.1548628 | U59: -0.25421934 | V59: -0.52312797 | W59: -0.29370089 | X59: -0.90527714 | Y59: -1.0502043 | Z59: -1.372084 | AA59: -0.62997499 | AB59: -0.18307285 | AC59: 0.31454376 | AD59: -0.06504397
A60: LTV Adjustments | B60: -1.6929429 | C60: -0.52065631 | D60: -0.51369483 | E60: -0.44507487 | F60: 0.11503385 | G60: -0.25914947 | H60: 0.11809314 | I60: -0.18470786 | J60: -0.32173198 | K60: -0.59548127 | L60: -1.4076525 | M60: -0.5029732 | N60: -0.35869736 | O60: 0.24831503 | P60: 0.78589967 | Q60: 0.85799001 | R60: 1.320269 | S60: 1.1022226 | T60: 1.1548628 | U60: 0.25421934 | V60: 0.52312797 | W60: 0.29370089 | X60: 0.90527714 | Y60: 1.0502043 | Z60: 1.372084 | AA60: 0.62997499 | AB60: 0.18307285 | AC60: -0.31454376 | AD60: 0.06504397
A61: RAGU Score | B61: 140.0917 | C61: 142.90136 | D61: 141.14954 | E61: 140.17029 | F61: 139.0489 | G61: 141.98052 | H61: 142.25207 | I61: 139.74316 | J61: 137.80992 | K61: 137.89037 | L61: 136.23981 | M61: 134.35872 | N61: 134.21592 | O61: 134.99915 | P61: 135.89702 | Q61: 139.10018 | R61: 140.85527 | S61: 141.82075 | T61: 141.86166 | U61: 142.09815 | V61: 140.39411 | W61: 142.06951 | X61: 141.37826 | Y61: 139.842 | Z61: 138.34796 | AA61: 140.20632 | AB61: 140.26223 | AC61: 141.70583 | AD61: 142.30225
A62: LTV | B62: 1.6764986 | C62: 1.585343 | D62: 1.5921623 | E62: 1.6173893 | F62: 1.7088596 | G62: 1.7387759 | H62: 1.5874569 | I62: 1.7249387 | J62: 1.5790114 | K62: 1.433258 | L62: 1.4838139 | M62: 1.4938477 | N62: 1.6282607 | O62: 1.5540459 | P62: 1.6282644 | Q62: 1.7468276 | R62: 1.7717818 | S62: 1.6794053 | T62: 1.8541271 | U62: 1.9564479 | V62: 1.8857882 | W62: 1.6503232 | X62: 1.6909127 | Y62: 1.6869388 | Z62: 1.6353697 | AA62: 1.6102641 | AB62: 1.6219558 | AC62: 1.6048692 | AD62: 1.5637775
A64: POS | B64: 2016 | C64: 2017 | D64: 2018 | E64: 2019 | F64: 2020 Q1 | G64: 2020 Q2 | H64: 2020 Q3 | I64: 2020 Q4 | J64: 2021 Q1 | K64: 2021 Q2 | L64: 2021 Q3 | M64: 2021 Q4 | N64: 2022 Q1 | O64: 2022 Q2 | P64: 2022 Q3 | Q64: 2022 Q4 | R64: 2023 Q1 | S64: 2023 Q2 | T64: 2023 Q3 | U64: 2023 Q4 | V64: 2024 Q1 | W64: 2024 Q2 | X64: 2024 Q3 | Y64: 2024 Q4 | Z64: 2025 Q1 | AA64: 2025 Q2 | AB64: 2025 Q3 | AC64: 2025 Q4
A65: Contract Model Score | B65: 134.0131 | C65: 137.09031 | D65: 136.17854 | E65: 135.22619 | F65: 134.22836 | G65: 136.51598 | H65: 137.70277 | I65: 136.32022 | J65: 135.22491 | K65: 134.98869 | L65: 134.18994 | M65: 132.81075 | N65: 133.03763 | O65: 134.82195 | P65: 135.90569 | Q65: 137.14226 | R65: 138.55531 | S65: 138.99052 | T65: 139.07412 | U65: 138.9461 | V65: 138.34968 | W65: 139.22436 | X65: 139.53563 | Y65: 138.6092 | Z65: 138.29936 | AA65: 139.10189 | AB65: 139.41596 | AC65: 140.32 | AD65: 141.67464
A66: Model Score | B66: -2.3467868 | C66: -0.8204438 | D66: -0.36542787 | E66: -0.54539192 | F66: -0.49486247 | G66: -0.44452896 | H66: -0.24258416 | I66: -0.11476056 | J66: -0.033463368 | K66: -0.028537078 | L66: -0.021260758 | M66: -0.019351521 | N66: -0.080893364 | O66: 0.00032336753 | P66: 0.00047312267 | Q66: 0.002387906 | R66: 0.12889117 | S66: 0.20174625 | T66: -0.62722009 | U66: -0.50011593 | V66: 0.0017177542 | W66: 0.0013735204 | X66: -0.0021368597 | Y66: -0.0036869091 | Z66: -0.0016086109 | AA66: -0.011639331 | AB66: -0.0090423395 | AC66: -0.010973376 | AD66: -0.0029673901
A67: Gross Loss Adjustments (Dealer level, high PTI, etc.) | B67: 1.1885342 | C67: 2.5420327 | D67: 2.4622788 | E67: 2.4469067 | F67: 1.9434579 | G67: 2.2096374 | H67: 2.2272516 | I67: 1.6999976 | J67: 1.665108 | K67: 1.3574738 | L67: 1.10018 | M67: 0.72070395 | N67: 0.58151846 | O67: 0.32532333 | P67: -0.12064884 | Q67: 0.36137954 | R67: 0.31044859 | S67: 0.79769158 | T67: 0.87858573 | U67: 1.0822761 | V67: 0.47510426 | W67: 1.1692188 | X67: 1.2268002 | Y67: 0.48919612 | Z67: -0.25017989 | AA67: 0.95492158 | AB67: 1.0995187 | AC67: 1.5335094 | AD67: 1.3032175
A68: Recovery Adjustments excluding LTV (Mileage, vehicle type, etc.) | B68: 0.29790482 | C68: 0.60605903 | D68: 0.56694332 | E68: 0.43597744 | F68: -0.081761778 | G68: 0.0908978 | H68: 0.0087474057 | I68: 0.28122448 | J68: 0.28457191 | K68: 0.48470367 | L68: 0.79301697 | M68: 0.13793508 | N68: -0.3427396 | O68: -0.56907844 | P68: -1.0646534 | Q68: -1.1343012 | R68: -1.4021108 | S68: -1.2651144 | T68: -1.3199648 | U68: -0.81267593 | V68: -1.0486644 | W68: -0.70715518 | X68: -0.62393986 | Y68: 0.039326786 | Z68: 0.031098585 | AA68: 0.31980091 | AB68: 0.67493045 | AC68: 1.26594 | AD68: 0.46314421
A69: LTV Adjustments | B69: -0.29790482 | C69: -0.60605903 | D69: -0.56694332 | E69: -0.43597744 | F69: 0.081761778 | G69: -0.0908978 | H69: -0.0087474057 | I69: -0.28122448 | J69: -0.28457191 | K69: -0.48470367 | L69: -0.79301697 | M69: -0.13793508 | N69: 0.3427396 | O69: 0.56907844 | P69: 1.0646534 | Q69: 1.1343012 | R69: 1.4021108 | S69: 1.2651144 | T69: 1.3199648 | U69: 0.81267593 | V69: 1.0486644 | W69: 0.70715518 | X69: 0.62393986 | Y69: -0.039326786 | Z69: -0.031098585 | AA69: -0.31980091 | AB69: -0.67493045 | AC69: -1.26594 | AD69: -0.46314421
A70: RAGU Score | B70: 132.85484 | C70: 138.8119 | D70: 138.27539 | E70: 137.1277 | F70: 135.67696 | G70: 138.28109 | H70: 139.68743 | I70: 137.90546 | J70: 136.85655 | K70: 136.31763 | L70: 135.26886 | M70: 133.51211 | N70: 133.53826 | O70: 135.1476 | P70: 135.78552 | Q70: 137.50603 | R70: 138.99465 | S70: 139.98996 | T70: 139.32549 | U70: 139.52826 | V70: 138.8265 | W70: 140.39495 | X70: 140.7603 | Y70: 139.09471 | Z70: 138.04757 | AA70: 140.04517 | AB70: 140.50643 | AC70: 141.84253 | AD70: 142.97489
A71: LTV | B71: 1.9219356 | C71: 1.7397554 | D71: 1.7283262 | E71: 1.7296488 | F71: 1.7572544 | G71: 1.771854 | H71: 1.6020424 | I71: 1.7025288 | J71: 1.5711629 | K71: 1.4228577 | L71: 1.4831358 | M71: 1.5121383 | N71: 1.5741373 | O71: 1.5384664 | P71: 1.5839921 | Q71: 1.6468605 | R71: 1.684241 | S71: 1.601703 | T71: 1.5967897 | U71: 1.606149 | V71: 1.6758324 | W71: 1.5369087 | X71: 1.5615711 | Y71: 1.5573354 | Z71: 1.5324197 | AA71: 1.4956682 | AB71: 1.5096103 | AC71: 1.5028466 | AD71: 1.5154906

Sheet Monday pre-lunch
A1: AN | B1: 2016 | C1: 2017 | D1: 2018 | E1: 2019 | F1: 2020 Q1 | G1: 2020 Q2 | H1: 2020 Q3 | I1: 2020 Q4 | J1: 2021 Q1 | K1: 2021 Q2 | L1: 2021 Q3 | M1: 2021 Q4 | N1: 2022 Q1 | O1: 2022 Q2 | P1: 2022 Q3 | Q1: 2022 Q4 | R1: 2023 Q1 | S1: 2023 Q2 | T1: 2023 Q3 | U1: 2023 Q4 | V1: 2024 Q1 | W1: 2024 Q2 | X1: 2024 Q3 | Y1: 2024 Q4 | Z1: 2025 Q1 | AA1: 2025 Q2 | AB1: 2025 Q3 | AC1: 2025 Q4
A2: Contract Model Score | B2: 130.07861 | C2: 132.83039 | D2: 132.99375 | E2: 132.11029 | F2: 131.79764 | G2: 133.71059 | H2: 135.28557 | I2: 135.79608 | J2: 134.60179 | K2: 135.14257 | L2: 135.36265 | M2: 134.41538 | N2: 134.0686 | O2: 135.89246 | P2: 136.14781 | Q2: 136.75155 | R2: 136.66305 | S2: 136.90907 | T2: 136.43849 | U2: 137.02135 | V2: 136.37212 | W2: 137.12198 | X2: 138.09052 | Y2: 136.80136 | Z2: 136.83702 | AA2: 138.03382 | AB2: 138.55808 | AC2: 139.3761 | AD2: 140.32155
A3: Model Score | B3: 0 | C3: 0 | D3: 0 | E3: 0 | F3: 0 | G3: 0 | H3: 0 | I3: 0 | J3: 0 | K3: 0 | L3: 0 | M3: 0 | N3: 0 | O3: 0 | P3: 0 | Q3: 0 | R3: 0 | S3: 0 | T3: 0 | U3: 0 | V3: 0 | W3: 0 | X3: 0 | Y3: 0 | Z3: 0 | AA3: 0 | AB3: 0 | AC3: 0 | AD3: 0
A4: Gross Loss Adjustments (Dealer level, high PTI, etc.) | B4: 0.66100206 | C4: 1.0383634 | D4: 1.1335416 | E4: 1.057243 | F4: 1.4123341 | G4: 1.3083797 | H4: 0.58221869 | I4: 1.0822147 | J4: 1.3206171 | K4: 1.3559535 | L4: 1.3112364 | M4: 1.2138028 | N4: 1.6338939 | O4: 1.3966256 | P4: 1.2658425 | Q4: 1.2408405 | R4: 0.79430529 | S4: 1.2228347 | T4: 0.70121599 | U4: 0.83461733 | V4: 0.66242898 | W4: 1.1867832 | X4: 0.97810535 | Y4: 1.1748893 | Z4: 1.4592694 | AA4: 2.4660669 | AB4: 2.9266817 | AC4: 2.9196016 | AD4: 3.1264617
A5: Recovery Adjustments excluding LTV (Mileage, vehicle type, etc.) | B5: 0.040639159 | C5: 0.69500046 | D5: 0.67755368 | E5: 0.42086809 | F5: 0.21389965 | G5: -0.063961463 | H5: 0.12674062 | I5: 1.1083249 | J5: 0.73789405 | K5: 0.66345891 | L5: 0.13645001 | M5: -0.3134521 | N5: -0.84207443 | O5: -0.59712741 | P5: -1.020476 | Q5: -0.81505756 | R5: -1.0819684 | S5: -0.86060122 | T5: -0.82434928 | U5: -0.96054829 | V5: -1.5450464 | W5: -0.95315995 | X5: -0.164701 | Y5: 0.3523825 | Z5: 0.4368203 | AA5: 0.72033179 | AB5: 1.18049 | AC5: 1.1525343 | AD5: 0.5215806
A6: LTV Adjustments | B6: -0.040639159 | C6: -0.69500046 | D6: -0.67755368 | E6: -0.42086809 | F6: -0.21389965 | G6: 0.063961463 | H6: -0.12674062 | I6: -1.1083249 | J6: -0.73789405 | K6: -0.66345891 | L6: -0.13645001 | M6: 0.3134521 | N6: 0.84207443 | O6: 0.59712741 | P6: 1.020476 | Q6: 0.81505756 | R6: 1.0819684 | S6: 0.86060122 | T6: 0.82434928 | U6: 0.96054829 | V6: 1.5450464 | W6: 0.95315995 | X6: 0.164701 | Y6: -0.3523825 | Z6: -0.4368203 | AA6: -0.72033179 | AB6: -1.18049 | AC6: -1.1525343 | AD6: -0.5215806
A7: RAGU Score | B7: 130.73961 | C7: 133.86875 | D7: 134.12729 | E7: 133.16753 | F7: 133.20997 | G7: 135.01897 | H7: 135.86779 | I7: 136.8783 | J7: 135.92241 | K7: 136.49853 | L7: 136.67389 | M7: 135.62918 | N7: 135.70249 | O7: 137.28909 | P7: 137.41365 | Q7: 137.99239 | R7: 137.45735 | S7: 138.1319 | T7: 137.13971 | U7: 137.85597 | V7: 137.03455 | W7: 138.30877 | X7: 139.06863 | Y7: 137.97624 | Z7: 138.29629 | AA7: 140.49989 | AB7: 141.48476 | AC7: 142.2957 | AD7: 143.44801
A8: LTV | B8: 1.909624 | C8: 1.9036638 | D8: 1.911999 | E8: 1.9526841 | F8: 1.9044985 | G8: 1.9485739 | H8: 1.6764056 | I8: 1.664423 | J8: 1.6924912 | K8: 1.5166949 | L8: 1.5884002 | M8: 1.5848716 | N8: 1.6172698 | O8: 1.7180658 | P8: 1.7529717 | Q8: 1.8148918 | R8: 1.8294105 | S8: 1.7172854 | T8: 1.6747687 | U8: 1.712079 | V8: 1.7379145 | W8: 1.6849116 | X8: 1.5938866 | Y8: 1.6194247 | Z8: 1.6099331 | AA8: 1.5698617 | AB8: 1.5725637 | AC8: 1.5526097 | AD8: 1.5522131
A10: FLD | F10: 2020 Q1 | G10: 2020 Q2 | H10: 2020 Q3 | I10: 2020 Q4 | J10: 2021 Q1 | K10: 2021 Q2 | L10: 2021 Q3 | M10: 2021 Q4 | N10: 2022 Q1 | O10: 2022 Q2 | P10: 2022 Q3 | Q10: 2022 Q4 | R10: 2023 Q1 | S10: 2023 Q2 | T10: 2023 Q3 | U10: 2023 Q4 | V10: 2024 Q1 | W10: 2024 Q2 | X10: 2024 Q3 | Y10: 2024 Q4 | Z10: 2025 Q1 | AA10: 2025 Q2 | AB10: 2025 Q3 | AC10: 2025 Q4
A11: Contract Model Score | F11: 131.95039 | G11: 135.66547 | H11: 137.78086 | I11: 140.37625 | J11: 136.75685 | K11: 136.18261 | L11: 135.63105 | M11: 134.62935 | N11: 134.17392 | O11: 135.83718 | P11: 136.96375 | Q11: 138.77228 | R11: 141.32316 | S11: 138.86319 | T11: 137.95666 | U11: 139.5662 | V11: 138.5244 | W11: 138.40978 | X11: 140.36331 | Y11: 138.38769 | Z11: 136.70743 | AA11: 138.3478 | AB11: 138.1021 | AC11: 138.94555 | AD11: 140.9645
A12: Model Score | F12: 0 | G12: 0 | H12: 0 | I12: 0 | J12: 0 | K12: 0 | L12: 0 | M12: 0 | N12: 0 | O12: 0 | P12: 0 | Q12: 0 | R12: 0 | S12: 0 | T12: 0 | U12: 0 | V12: 0 | W12: 0 | X12: 0 | Y12: 0 | Z12: 0 | AA12: 0 | AB12: 0 | AC12: 0 | AD12: 0
A13: Gross Loss Adjustments (Dealer level, high PTI, etc.) | F13: -1.7103216 | G13: -1.3620012 | H13: -0.82270063 | I13: 0.67937377 | J13: 1.8207974 | K13: -0.22282408 | L13: -0.34270651 | M13: 0.75425033 | N13: 0.49117725 | O13: 0.57506675 | P13: 0.94006829 | Q13: 0.98065555 | R13: 1.1637723 | S13: 0.76651233 | T13: 1.0512261 | U13: 1.3906266 | V13: 1.5536976 | W13: 2.4436111 | X13: 3.2853416 | Y13: 2.9736339 | Z13: 2.4078901 | AA13: 2.4910068 | AB13: 3.0095789 | AC13: 1.8551298 | AD13: 2.3630141
A14: Recovery Adjustments excluding LTV (Mileage, vehicle type, etc.) | F14: 0.32441377 | G14: -0.0095467241 | H14: 0.45471768 | I14: 0.67866406 | J14: 1.174554 | K14: 0.49286732 | L14: 0.40526522 | M14: -0.50481234 | N14: -0.90136184 | O14: -1.0082651 | P14: -1.1851302 | Q14: -0.65797497 | R14: -0.31490492 | S14: -1.5345245 | T14: -1.1079904 | U14: -1.7173528 | V14: -1.5308681 | W14: -1.1260146 | X14: 0.39959495 | Y14: 0.27248085 | Z14: 0.7382144 | AA14: 0.25616759 | AB14: 1.2398641 | AC14: 1.6367415 | AD14: 0.31950211
A15: LTV Adjustments | F15: -0.32441377 | G15: 0.0095467241 | H15: -0.45471768 | I15: -0.67866406 | J15: -1.174554 | K15: -0.49286732 | L15: -0.40526522 | M15: 0.50481234 | N15: 0.90136184 | O15: 1.0082651 | P15: 1.1851302 | Q15: 0.65797497 | R15: 0.31490492 | S15: 1.5345245 | T15: 1.1079904 | U15: 1.7173528 | V15: 1.5308681 | W15: 1.1260146 | X15: -0.39959495 | Y15: -0.27248085 | Z15: -0.7382144 | AA15: -0.25616759 | AB15: -1.2398641 | AC15: -1.6367415 | AD15: -0.31950211
A16: RAGU Score | F16: 130.24007 | G16: 134.30347 | H16: 136.95816 | I16: 141.05562 | J16: 138.57764 | K16: 135.95979 | L16: 135.28834 | M16: 135.3836 | N16: 134.6651 | O16: 136.41225 | P16: 137.90382 | Q16: 139.75294 | R16: 142.48693 | S16: 139.6297 | T16: 139.00788 | U16: 140.95683 | V16: 140.0781 | W16: 140.85339 | X16: 143.64865 | Y16: 141.36132 | Z16: 139.11532 | AA16: 140.8388 | AB16: 141.11168 | AC16: 140.80068 | AD16: 143.32752
A17: LTV | F17: 1.4222519 | G17: 1.3722716 | H17: 1.2228312 | I17: 1.2691963 | J17: 1.3323695 | K17: 1.2326635 | L17: 1.2754213 | M17: 1.3349712 | N17: 1.3422608 | O17: 1.3349194 | P17: 1.3215161 | Q17: 1.3240934 | R17: 1.2734391 | S17: 1.3071443 | T17: 1.2660861 | U17: 1.2841699 | V17: 1.3828362 | W17: 1.3654095 | X17: 1.3456576 | Y17: 1.3397406 | Z17: 1.3803025 | AA17: 1.4105826 | AB17: 1.4121637 | AC17: 1.409784 | AD17: 1.4642883
A19: FRN | B19: 2016 | C19: 2017 | D19: 2018 | E19: 2019 | F19: 2020 Q1 | G19: 2020 Q2 | H19: 2020 Q3 | I19: 2020 Q4 | J19: 2021 Q1 | K19: 2021 Q2 | L19: 2021 Q3 | M19: 2021 Q4 | N19: 2022 Q1 | O19: 2022 Q2 | P19: 2022 Q3 | Q19: 2022 Q4 | R19: 2023 Q1 | S19: 2023 Q2 | T19: 2023 Q3 | U19: 2023 Q4 | V19: 2024 Q1 | W19: 2024 Q2 | X19: 2024 Q3 | Y19: 2024 Q4 | Z19: 2025 Q1 | AA19: 2025 Q2 | AB19: 2025 Q3 | AC19: 2025 Q4
A20: Contract Model Score | B20: 131.16747 | C20: 136.73823 | D20: 136.80259 | E20: 132.54767 | F20: 131.13303 | G20: 132.90504 | H20: 133.93048 | I20: 132.80381 | J20: 135.44811 | K20: 135.18735 | L20: 134.94602 | M20: 132.89928 | N20: 134.06325 | O20: 136.81721 | P20: 138.00243 | Q20: 139.77793 | R20: 141.27719 | S20: 140.58734 | T20: 140.72103 | U20: 139.02514 | V20: 138.13163 | W20: 140.17356 | X20: 141.55375 | Y20: 139.97097 | Z20: 139.83315 | AA20: 140.63434 | AB20: 140.96388 | AC20: 141.85749 | AD20: 142.77194
A21: Model Score | B21: 0 | C21: 0 | D21: 0 | E21: 0 | F21: 0 | G21: 0 | H21: 0 | I21: 0 | J21: 0 | K21: 0 | L21: 0 | M21: 0 | N21: 0 | O21: 0 | P21: 0 | Q21: 0 | R21: 0 | S21: 0 | T21: 0 | U21: 0 | V21: 0 | W21: 0 | X21: 0 | Y21: 0 | Z21: 0 | AA21: 0 | AB21: 0 | AC21: 0 | AD21: 0
A22: Gross Loss Adjustments (Dealer level, high PTI, etc.) | B22: -0.086531737 | C22: 0.56457952 | D22: 0.097990972 | E22: 0.65117725 | F22: 1.3091096 | G22: 1.5067007 | H22: 0.54845206 | I22: 0.003989095 | J22: 0.52413776 | K22: 0.89828531 | L22: 0.69221704 | M22: -0.39544921 | N22: -0.23544014 | O22: 0.72599632 | P22: 0.58262346 | Q22: 0.31311591 | R22: 0.93883725 | S22: 1.5645409 | T22: 1.6212334 | U22: 0.89293024 | V22: -0.19717966 | W22: 0.30351544 | X22: 0.75919793 | Y22: 0.53146185 | Z22: 0.66791062 | AA22: 1.2781424 | AB22: 1.7965359 | AC22: 2.7808561 | AD22: 2.864459
A23: Recovery Adjustments excluding LTV (Mileage, vehicle type, etc.) | B23: -0.22794787 | C23: 0.80538246 | D23: 0.19486095 | E23: 0.51372907 | F23: 0.35468851 | G23: 0.056925161 | H23: 0.27349318 | I23: 0.88921253 | J23: 0.44970513 | K23: 0.36076781 | L23: 0.29423118 | M23: -0.37072562 | N23: -0.82876904 | O23: -0.81985689 | P23: -1.1309709 | Q23: -0.873009 | R23: -0.57733486 | S23: -1.0984774 | T23: -1.4145298 | U23: -1.1347367 | V23: -1.1658807 | W23: -0.8766247 | X23: -0.42109334 | Y23: 0.55769209 | Z23: 0.4939827 | AA23: 0.69139225 | AB23: 1.1527107 | AC23: 1.5477495 | AD23: 0.72638593
A24: LTV Adjustments | B24: 0.22794787 | C24: -0.80538246 | D24: -0.19486095 | E24: -0.51372907 | F24: -0.35468851 | G24: -0.056925161 | H24: -0.27349318 | I24: -0.88921253 | J24: -0.44970513 | K24: -0.36076781 | L24: -0.29423118 | M24: 0.37072562 | N24: 0.82876904 | O24: 0.81985689 | P24: 1.1309709 | Q24: 0.873009 | R24: 0.57733486 | S24: 1.0984774 | T24: 1.4145298 | U24: 1.1347367 | V24: 1.1658807 | W24: 0.8766247 | X24: 0.42109334 | Y24: -0.55769209 | Z24: -0.4939827 | AA24: -0.69139225 | AB24: -1.1527107 | AC24: -1.5477495 | AD24: -0.72638593
A25: RAGU Score | B25: 131.08094 | C25: 137.30281 | D25: 136.90058 | E25: 133.19885 | F25: 132.44214 | G25: 134.41174 | H25: 134.47893 | I25: 132.8078 | J25: 135.97225 | K25: 136.08564 | L25: 135.63823 | M25: 132.50383 | N25: 133.82781 | O25: 137.5432 | P25: 138.58506 | Q25: 140.09105 | R25: 142.21603 | S25: 142.15188 | T25: 142.34226 | U25: 139.91807 | V25: 137.93446 | W25: 140.47708 | X25: 142.31295 | Y25: 140.50244 | Z25: 140.50106 | AA25: 141.91248 | AB25: 142.76042 | AC25: 144.63834 | AD25: 145.6364
A26: LTV | B26: 2.1590977 | C26: 2.2135986 | D26: 2.1161834 | E26: 2.0918812 | F26: 1.9400761 | G26: 1.9426253 | H26: 1.9008371 | I26: 2.03215 | J26: 1.7351144 | K26: 1.5133037 | L26: 1.6178619 | M26: 1.6849504 | N26: 1.6597874 | O26: 1.6660357 | P26: 1.683305 | Q26: 1.6858457 | R26: 1.7337778 | S26: 1.5422985 | T26: 1.5007865 | U26: 1.4616944 | V26: 1.4827336 | W26: 1.4771501 | X26: 1.4910847 | Y26: 1.4850829 | Z26: 1.4880099 | AA26: 1.4284132 | AB26: 1.4256353 | AC26: 1.4205648 | AD26: 1.4868418
A28: STG | B28: 2016 | C28: 2017 | D28: 2018 | E28: 2019 | F28: 2020 Q1 | G28: 2020 Q2 | H28: 2020 Q3 | I28: 2020 Q4 | J28: 2021 Q1 | K28: 2021 Q2 | L28: 2021 Q3 | M28: 2021 Q4 | N28: 2022 Q1 | O28: 2022 Q2 | P28: 2022 Q3 | Q28: 2022 Q4 | R28: 2023 Q1 | S28: 2023 Q2 | T28: 2023 Q3 | U28: 2023 Q4 | V28: 2024 Q1 | W28: 2024 Q2 | X28: 2024 Q3 | Y28: 2024 Q4 | Z28: 2025 Q1 | AA28: 2025 Q2 | AB28: 2025 Q3 | AC28: 2025 Q4
A29: Contract Model Score | B29: 129.64154 | C29: 131.65563 | D29: 131.56832 | E29: 129.50597 | F29: 130.0304 | G29: 133.13562 | H29: 135.5242 | I29: 135.28733 | J29: 135.28771 | K29: 135.49901 | L29: 135.05653 | M29: 133.65336 | N29: 134.55 | O29: 136.72731 | P29: 137.27114 | Q29: 138.30195 | R29: 139.23035 | S29: 137.71584 | T29: 138.53984 | U29: 137.48747 | V29: 136.76023 | W29: 137.47802 | X29: 138.54354 | Y29: 137.20905 | Z29: 136.6684 | AA29: 137.94719 | AB29: 138.66055 | AC29: 140.03752 | AD29: 141.05806
A30: Model Score | B30: 0 | C30: 0 | D30: 0 | E30: 0 | F30: 0 | G30: 0 | H30: 0 | I30: 0 | J30: 0 | K30: 0 | L30: 0 | M30: 0 | N30: 0 | O30: 0 | P30: 0 | Q30: 0 | R30: 0 | S30: 0 | T30: 0 | U30: 0 | V30: 0 | W30: 0 | X30: 0 | Y30: 0 | Z30: 0 | AA30: 0 | AB30: 0 | AC30: 0 | AD30: 0
A31: Gross Loss Adjustments (Dealer level, high PTI, etc.) | B31: 0.80451042 | C31: 0.93531319 | D31: 0.87019855 | E31: 0.78525767 | F31: 0.62627011 | G31: 0.56124754 | H31: 0.90101305 | I31: 0.8428326 | J31: 1.6574384 | K31: 1.8158511 | L31: 1.5016646 | M31: 1.1834961 | N31: 0.56607344 | O31: 0.62303432 | P31: -0.014227399 | Q31: 0.60880416 | R31: 0.26065132 | S31: 0.32381303 | T31: 1.4742954 | U31: 1.2647051 | V31: 1.0139279 | W31: 2.0228001 | X31: 2.2786498 | Y31: 2.0632355 | Z31: 1.8384507 | AA31: 2.0356619 | AB31: 2.2451501 | AC31: 2.7851197 | AD31: 3.1250191
A32: Recovery Adjustments excluding LTV (Mileage, vehicle type, etc.) | B32: -0.050455572 | C32: 0.75720385 | D32: 0.64947209 | E32: 0.43955009 | F32: 0.15936929 | G32: 0.2047825 | H32: 0.33580172 | I32: 0.63952476 | J32: 0.68712666 | K32: 0.56200971 | L32: 0.36259082 | M32: -0.21347617 | N32: -0.90647246 | O32: -1.1616512 | P32: -0.80402292 | Q32: -0.69565536 | R32: -0.6319643 | S32: -1.1689321 | T32: -1.0810718 | U32: -1.2889426 | V32: -1.6513592 | W32: -0.73387217 | X32: -0.1838068 | Y32: 0.73542112 | Z32: 0.23261972 | AA32: 0.25429475 | AB32: 1.0324709 | AC32: 1.8647753 | AD32: 0.7044151
A33: LTV Adjustments | B33: 0.050455572 | C33: -0.75720385 | D33: -0.64947209 | E33: -0.43955009 | F33: -0.15936929 | G33: -0.2047825 | H33: -0.33580172 | I33: -0.63952476 | J33: -0.68712666 | K33: -0.56200971 | L33: -0.36259082 | M33: 0.21347617 | N33: 0.90647246 | O33: 1.1616512 | P33: 0.80402292 | Q33: 0.69565536 | R33: 0.6319643 | S33: 1.1689321 | T33: 1.0810718 | U33: 1.2889426 | V33: 1.6513592 | W33: 0.73387217 | X33: 0.1838068 | Y33: -0.73542112 | Z33: -0.23261972 | AA33: -0.25429475 | AB33: -1.0324709 | AC33: -1.8647753 | AD33: -0.7044151
A34: RAGU Score | B34: 130.44605 | C34: 132.59094 | D34: 132.43852 | E34: 130.29123 | F34: 130.65667 | G34: 133.69687 | H34: 136.42521 | I34: 136.13016 | J34: 136.94515 | K34: 137.31486 | L34: 136.5582 | M34: 134.83686 | N34: 135.11607 | O34: 137.35035 | P34: 137.25692 | Q34: 138.91076 | R34: 139.491 | S34: 138.03965 | T34: 140.01413 | U34: 138.75218 | V34: 137.77416 | W34: 139.50082 | X34: 140.82219 | Y34: 139.27228 | Z34: 138.50685 | AA34: 139.98285 | AB34: 140.9057 | AC34: 142.82264 | AD34: 144.18308
A35: LTV | B35: 1.9504805 | C35: 1.9400051 | D35: 1.9886924 | E35: 2.0879173 | F35: 2.0811849 | G35: 2.108274 | H35: 1.8208212 | I35: 1.8044695 | J35: 1.7000302 | K35: 1.5710507 | L35: 1.5936037 | M35: 1.6156902 | N35: 1.5718352 | O35: 1.5196343 | P35: 1.5368932 | Q35: 1.4821458 | R35: 1.4795919 | S35: 1.5164709 | T35: 1.4303354 | U35: 1.4317844 | V35: 1.5305405 | W35: 1.4910964 | X35: 1.4551093 | Y35: 1.4637304 | Z35: 1.4860665 | AA35: 1.4267407 | AB35: 1.4321746 | AC35: 1.4175453 | AD35: 1.4813417
A37: ENT | F37: 2020 Q1 | G37: 2020 Q2 | H37: 2020 Q3 | I37: 2020 Q4 | J37: 2021 Q1 | K37: 2021 Q2 | L37: 2021 Q3 | M37: 2021 Q4 | N37: 2022 Q1 | O37: 2022 Q2 | P37: 2022 Q3 | Q37: 2022 Q4 | R37: 2023 Q1 | S37: 2023 Q2 | T37: 2023 Q3 | U37: 2023 Q4 | V37: 2024 Q1 | W37: 2024 Q2 | X37: 2024 Q3 | Y37: 2024 Q4 | Z37: 2025 Q1 | AA37: 2025 Q2 | AB37: 2025 Q3 | AC37: 2025 Q4
A38: Contract Model Score | F38: 132.38307 | G38: 133.22864 | H38: 136.30166 | I38: 135.38242 | J38: 133.8357 | K38: 131.8749 | L38: 131.13569 | M38: 129.4723 | N38: 129.34473 | O38: 131.45349 | P38: 131.71553 | Q38: 131.25851 | R38: 132.73385 | S38: 133.4422 | T38: 133.76755 | U38: 135.31367 | V38: 136.17456 | W38: 136.8171 | X38: 136.69241 | Y38: 134.94875 | Z38: 134.57148 | AA38: 136.41792 | AB38: 137.0063 | AC38: 137.20721 | AD38: 139.79558
A39: Model Score | F39: 0 | G39: 0 | H39: 0 | I39: 0 | J39: 0 | K39: 0 | L39: 0 | M39: 0 | N39: 0 | O39: 0 | P39: 0 | Q39: 0 | R39: 0 | S39: 0 | T39: 0 | U39: 0 | V39: 0 | W39: 0 | X39: 0 | Y39: 0 | Z39: 0 | AA39: 0 | AB39: 0 | AC39: 0 | AD39: 0
A40: Gross Loss Adjustments (Dealer level, high PTI, etc.) | F40: 0.53733727 | G40: 0.6114489 | H40: 0.32319334 | I40: -0.89774632 | J40: -0.38175502 | K40: -0.59152797 | L40: -0.80097815 | M40: -0.57952409 | N40: -0.12187674 | O40: -0.57677921 | P40: -1.5631581 | Q40: -1.3928785 | R40: -1.7516348 | S40: -1.0557538 | T40: -0.70981925 | U40: 0.45637312 | V40: -0.59196155 | W40: -0.32963785 | X40: -0.49424107 | Y40: -0.28560818 | Z40: -0.97599678 | AA40: 0.20518067 | AB40: 0.17963091 | AC40: 1.0649609 | AD40: 1.253817
A41: Recovery Adjustments excluding LTV (Mileage, vehicle type, etc.) | F41: -1.1642651 | G41: -0.81485182 | H41: -0.481487 | I41: -0.59479581 | J41: -0.482186 | K41: 0.16898009 | L41: -0.42276794 | M41: -0.40506854 | N41: -1.2976314 | O41: -1.6241319 | P41: -2.3556075 | Q41: -2.5734446 | R41: -2.3027034 | S41: -2.1905732 | T41: -1.7447651 | U41: -1.0790471 | V41: -1.8270188 | W41: -1.4413707 | X41: -0.50297646 | Y41: 2.1980088 | Z41: 3.1841854 | AA41: 1.9939988 | AB41: 2.483344 | AC41: 3.3182452 | AD41: 2.5770995
A42: LTV Adjustments | F42: 1.1642651 | G42: 0.81485182 | H42: 0.481487 | I42: 0.59479581 | J42: 0.482186 | K42: -0.16898009 | L42: 0.42276794 | M42: 0.40506854 | N42: 1.2976314 | O42: 1.6241319 | P42: 2.3556075 | Q42: 2.5734446 | R42: 2.3027034 | S42: 2.1905732 | T42: 1.7447651 | U42: 1.0790471 | V42: 1.8270188 | W42: 1.4413707 | X42: 0.50297646 | Y42: -2.1980088 | Z42: -3.1841854 | AA42: -1.9939988 | AB42: -2.483344 | AC42: -3.3182452 | AD42: -2.5770995
A43: RAGU Score | F43: 132.92041 | G43: 133.84009 | H43: 136.62485 | I43: 134.48468 | J43: 133.45395 | K43: 131.28337 | L43: 130.33471 | M43: 128.89278 | N43: 129.22285 | O43: 130.87671 | P43: 130.15238 | Q43: 129.86564 | R43: 130.98221 | S43: 132.38644 | T43: 133.05774 | U43: 135.77004 | V43: 135.5826 | W43: 136.48746 | X43: 136.19817 | Y43: 134.66314 | Z43: 133.59548 | AA43: 136.6231 | AB43: 137.18593 | AC43: 138.27218 | AD43: 141.0494
A44: LTV | F44: 1.4714815 | G44: 1.4470178 | H44: 1.268966 | I44: 1.3695106 | J44: 1.3591646 | K44: 1.2615696 | L44: 1.3408036 | M44: 1.3739169 | N44: 1.394577 | O44: 1.3464535 | P44: 1.2927277 | Q44: 1.3475433 | R44: 1.3825684 | S44: 1.332697 | T44: 1.2563731 | U44: 1.3078529 | V44: 1.3170421 | W44: 1.3000146 | X44: 1.314683 | Y44: 1.3450747 | Z44: 1.3308241 | AA44: 1.302375 | AB44: 1.307357 | AC44: 1.318429 | AD44: 1.3321689
A46: nonKMXENT | B46: 2016 | C46: 2017 | D46: 2018 | E46: 2019 | F46: 2020 Q1 | G46: 2020 Q2 | H46: 2020 Q3 | I46: 2020 Q4 | J46: 2021 Q1 | K46: 2021 Q2 | L46: 2021 Q3 | M46: 2021 Q4 | N46: 2022 Q1 | O46: 2022 Q2 | P46: 2022 Q3 | Q46: 2022 Q4 | R46: 2023 Q1 | S46: 2023 Q2 | T46: 2023 Q3 | U46: 2023 Q4 | V46: 2024 Q1 | W46: 2024 Q2 | X46: 2024 Q3 | Y46: 2024 Q4 | Z46: 2025 Q1 | AA46: 2025 Q2 | AB46: 2025 Q3 | AC46: 2025 Q4
A47: Contract Model Score | B47: 130.11007 | C47: 132.58768 | D47: 132.51876 | E47: 130.52654 | F47: 130.9115 | G47: 133.56818 | H47: 135.32872 | I47: 135.00452 | J47: 135.33466 | K47: 135.42705 | L47: 135.14249 | M47: 133.58237 | N47: 134.24542 | O47: 136.54105 | P47: 137.34925 | Q47: 138.63774 | R47: 139.45713 | S47: 138.75195 | T47: 138.87581 | U47: 138.31101 | V47: 137.53278 | W47: 138.76369 | X47: 140.0747 | Y47: 138.61957 | Z47: 138.13778 | AA47: 139.2205 | AB47: 139.61004 | AC47: 140.56262 | AD47: 141.66062
A48: Model Score | B48: 0.157252 | C48: 0.098662384 | D48: 0.031447292 | E48: 0.0079311969 | F48: 0.0001600884 | G48: 0.00054589379 | H48: 0.00092920139 | I48: -0.0014430359 | J48: 0.00032879285 | K48: 0.00029449277 | L48: 0.00039904696 | M48: -0.0011029027 | N48: -0.0010728902 | O48: -0.0038523388 | P48: -0.0010246437 | Q48: 0.003398476 | R48: -0.017516757 | S48: 0.0088215097 | T48: -0.0081867538 | U48: 0.007437203 | V48: 0.00014128517 | W48: 0.0022149711 | X48: -0.0017540155 | Y48: -0.0070410599 | Z48: -0.00020335988 | AA48: -0.0086787416 | AB48: -0.004250533 | AC48: -0.007164574 | AD48: -0.0010422556
A49: Gross Loss Adjustments (Dealer level, high PTI, etc.) | B49: 0.51854456 | C49: 0.94898377 | D49: 0.95230876 | E49: 0.84259456 | F49: 0.46304847 | G49: 0.64365508 | H49: 0.52209716 | I49: 0.6081382 | J49: 1.2610967 | K49: 1.1570359 | L49: 0.92621472 | M49: 0.52836128 | N49: 0.40492693 | O49: 0.77317488 | P49: 0.57645117 | Q49: 0.66501789 | R49: 0.76749356 | S49: 1.072764 | T49: 1.3097788 | U49: 1.031606 | V49: 0.42542712 | W49: 1.1694034 | X49: 1.4839969 | Y49: 1.2745257 | Z49: 1.3151304 | AA49: 1.804837 | AB49: 2.2460316 | AC49: 2.6549846 | AD49: 2.8917088
A50: Recovery Adjustments excluding LTV (Mileage, vehicle type, etc.) | B50: -0.061152562 | C50: 0.73270884 | D50: 0.63828387 | E50: 0.4136616 | F50: 0.231256 | G50: 0.086156216 | H50: 0.29458552 | I50: 0.81665076 | J50: 0.67038676 | K50: 0.50329999 | L50: 0.31183524 | M50: -0.32228398 | N50: -0.86631091 | O50: -0.92655815 | P50: -1.0259551 | Q50: -0.7869775 | R50: -0.71447198 | S50: -1.1182827 | T50: -1.1593414 | U50: -1.2026041 | V50: -1.3891288 | W50: -0.87286279 | X50: -0.23955052 | Y50: 0.55693521 | Z50: 0.43764353 | AA50: 0.51790656 | AB50: 1.135329 | AC50: 1.5877216 | AD50: 0.62412336
A51: LTV Adjustments | B51: 0.061152562 | C51: -0.73270884 | D51: -0.63828387 | E51: -0.4136616 | F51: -0.231256 | G51: -0.086156216 | H51: -0.29458552 | I51: -0.81665076 | J51: -0.67038676 | K51: -0.50329999 | L51: -0.31183524 | M51: 0.32228398 | N51: 0.86631091 | O51: 0.92655815 | P51: 1.0259551 | Q51: 0.7869775 | R51: 0.71447198 | S51: 1.1182827 | T51: 1.1593414 | U51: 1.2026041 | V51: 1.3891288 | W51: 0.87286279 | X51: 0.23955052 | Y51: -0.55693521 | Z51: -0.43764353 | AA51: -0.51790656 | AB51: -1.135329 | AC51: -1.5877216 | AD51: -0.62412336
A52: RAGU Score | B52: 130.78587 | C52: 133.63533 | D52: 133.50252 | E52: 131.37707 | F52: 131.37471 | G52: 134.21238 | H52: 135.85174 | I52: 135.61121 | J52: 136.59609 | K52: 136.58438 | L52: 136.06911 | M52: 134.10963 | N52: 134.64928 | O52: 137.31037 | P52: 137.92468 | Q52: 139.30615 | R52: 140.20711 | S52: 139.83354 | T52: 140.1774 | U52: 139.35006 | V52: 137.95835 | W52: 139.93531 | X52: 141.55694 | Y52: 139.88705 | Z52: 139.4527 | AA52: 141.01666 | AB52: 141.85182 | AC52: 143.21044 | AD52: 144.55129
A53: LTV | B53: 1.9919289 | C53: 1.9359877 | D53: 1.9539636 | E53: 1.9501839 | F53: 1.90246 | G53: 1.9309452 | H53: 1.7391028 | I53: 1.8062964 | J53: 1.674056 | K53: 1.4966683 | L53: 1.5563371 | M53: 1.6059224 | N53: 1.5838516 | O53: 1.5858674 | P53: 1.611419 | Q53: 1.6124022 | R53: 1.6488605 | S53: 1.5464903 | T53: 1.4864615 | U53: 1.4787816 | V53: 1.5272585 | W53: 1.4971461 | X53: 1.4802763 | Y53: 1.4838995 | Z53: 1.4930061 | AA53: 1.4469056 | AB53: 1.4480886 | AC53: 1.4371329 | AD53: 1.4907694
A55: KMX | B55: 2016 | C55: 2017 | D55: 2018 | E55: 2019 | F55: 2020 Q1 | G55: 2020 Q2 | H55: 2020 Q3 | I55: 2020 Q4 | J55: 2021 Q1 | K55: 2021 Q2 | L55: 2021 Q3 | M55: 2021 Q4 | N55: 2022 Q1 | O55: 2022 Q2 | P55: 2022 Q3 | Q55: 2022 Q4 | R55: 2023 Q1 | S55: 2023 Q2 | T55: 2023 Q3 | U55: 2023 Q4 | V55: 2024 Q1 | W55: 2024 Q2 | X55: 2024 Q3 | Y55: 2024 Q4 | Z55: 2025 Q1 | AA55: 2025 Q2 | AB55: 2025 Q3 | AC55: 2025 Q4
A56: Contract Model Score | B56: 136.55968 | C56: 139.10083 | D56: 137.77798 | E56: 136.87455 | F56: 135.86332 | G56: 138.37204 | H56: 138.7895 | I56: 136.9589 | J56: 135.46433 | K56: 135.73801 | L56: 134.50372 | M56: 133.19297 | N56: 133.26474 | O56: 134.70115 | P56: 136.05827 | Q56: 138.3337 | R56: 140.09672 | S56: 140.65864 | T56: 140.50459 | U56: 140.56078 | V56: 139.56825 | W56: 140.43212 | X56: 139.88511 | Y56: 139.76782 | Z56: 139.70877 | AA56: 139.86672 | AB56: 139.91791 | AC56: 140.94205 | AD56: 142.02841
A57: Model Score | B57: 0 | C57: 0 | D57: 0 | E57: 0 | F57: 0 | G57: 0 | H57: 0 | I57: 0 | J57: 0 | K57: 0 | L57: 0 | M57: 0 | N57: 0 | O57: 0 | P57: 0 | Q57: 0 | R57: 0 | S57: 0 | T57: 0 | U57: 0 | V57: 0 | W57: 0 | X57: 0 | Y57: 0 | Z57: 0 | AA57: 0 | AB57: 0 | AC57: 0 | AD57: 0
A58: Gross Loss Adjustments (Dealer level, high PTI, etc.) | B58: 3.5320245 | C58: 3.8005327 | D58: 3.3715599 | E58: 3.2957019 | F58: 3.1855794 | G58: 3.608479 | H58: 3.4625739 | I58: 2.7842586 | J58: 2.3455915 | K58: 2.152361 | L58: 1.7360873 | M58: 1.1657481 | N58: 0.9511797 | O58: 0.29800483 | P58: -0.16124401 | Q58: 0.7664811 | R58: 0.75855075 | S58: 1.162112 | T58: 1.3570653 | U58: 1.5373659 | V58: 0.82586145 | W58: 1.637394 | X58: 1.4931473 | Y58: 0.074184846 | Z58: -1.3608038 | AA58: 0.33959515 | AB58: 0.34432056 | AC58: 0.76377713 | AD58: 0.33029013
A59: Recovery Adjustments excluding LTV (Mileage, vehicle type, etc.) | B59: 1.6343592 | C59: 0.54809054 | D59: 0.51154116 | E59: 0.43831954 | F59: -0.1453419 | G59: 0.282055 | H59: -0.095733178 | I59: 0.2290792 | J59: 0.27834083 | K59: 0.61091265 | L59: 1.4025681 | M59: 0.51610921 | N59: 0.34103266 | O59: -0.24157967 | P59: -0.74861815 | Q59: -0.84336476 | R59: -1.2980501 | S59: -1.1459426 | T59: -1.0564599 | U59: -0.22735714 | V59: -0.54146124 | W59: -0.29344858 | X59: -0.89330966 | Y59: -1.0251557 | Z59: -1.3509165 | AA59: -0.68212804 | AB59: -0.20571201 | AC59: 0.30657554 | AD59: -0.065331767
A60: LTV Adjustments | B60: -1.6343592 | C60: -0.54809054 | D60: -0.51154116 | E60: -0.43831954 | F60: 0.1453419 | G60: -0.282055 | H60: 0.095733178 | I60: -0.2290792 | J60: -0.27834083 | K60: -0.61091265 | L60: -1.4025681 | M60: -0.51610921 | N60: -0.34103266 | O60: 0.24157967 | P60: 0.74861815 | Q60: 0.84336476 | R60: 1.2980501 | S60: 1.1459426 | T60: 1.0564599 | U60: 0.22735714 | V60: 0.54146124 | W60: 0.29344858 | X60: 0.89330966 | Y60: 1.0251557 | Z60: 1.3509165 | AA60: 0.68212804 | AB60: 0.20571201 | AC60: -0.30657554 | AD60: 0.065331767
A61: RAGU Score | B61: 140.0917 | C61: 142.90136 | D61: 141.14954 | E61: 140.17025 | F61: 139.0489 | G61: 141.98052 | H61: 142.25207 | I61: 139.74316 | J61: 137.80992 | K61: 137.89037 | L61: 136.23981 | M61: 134.35872 | N61: 134.21592 | O61: 134.99915 | P61: 135.89702 | Q61: 139.10018 | R61: 140.85527 | S61: 141.82075 | T61: 141.86166 | U61: 142.09815 | V61: 140.39411 | W61: 142.06951 | X61: 141.37826 | Y61: 139.842 | Z61: 138.34796 | AA61: 140.20632 | AB61: 140.26223 | AC61: 141.70583 | AD61: 142.3587
A62: LTV | B62: 1.6764986 | C62: 1.5853506 | D62: 1.5921593 | E62: 1.6174097 | F62: 1.7088596 | G62: 1.7387759 | H62: 1.5874569 | I62: 1.7249387 | J62: 1.5790114 | K62: 1.433258 | L62: 1.4838139 | M62: 1.4938477 | N62: 1.6282607 | O62: 1.5540459 | P62: 1.6282644 | Q62: 1.7468276 | R62: 1.7717818 | S62: 1.6794053 | T62: 1.8541235 | U62: 1.9564723 | V62: 1.8857882 | W62: 1.6503232 | X62: 1.6909127 | Y62: 1.6869388 | Z62: 1.6353697 | AA62: 1.6102641 | AB62: 1.6219558 | AC62: 1.6048692 | AD62: 1.5636893
A64: POS | B64: 2016 | C64: 2017 | D64: 2018 | E64: 2019 | F64: 2020 Q1 | G64: 2020 Q2 | H64: 2020 Q3 | I64: 2020 Q4 | J64: 2021 Q1 | K64: 2021 Q2 | L64: 2021 Q3 | M64: 2021 Q4 | N64: 2022 Q1 | O64: 2022 Q2 | P64: 2022 Q3 | Q64: 2022 Q4 | R64: 2023 Q1 | S64: 2023 Q2 | T64: 2023 Q3 | U64: 2023 Q4 | V64: 2024 Q1 | W64: 2024 Q2 | X64: 2024 Q3 | Y64: 2024 Q4 | Z64: 2025 Q1 | AA64: 2025 Q2 | AB64: 2025 Q3 | AC64: 2025 Q4
A65: Contract Model Score | B65: 134.0131 | C65: 137.09031 | D65: 136.17854 | E65: 135.22619 | F65: 134.22836 | G65: 136.51598 | H65: 137.70277 | I65: 136.32022 | J65: 135.22491 | K65: 134.98869 | L65: 134.18994 | M65: 132.81075 | N65: 133.03763 | O65: 134.82195 | P65: 135.90569 | Q65: 137.14226 | R65: 138.55531 | S65: 138.99052 | T65: 139.07412 | U65: 138.9461 | V65: 138.34968 | W65: 139.22436 | X65: 139.53563 | Y65: 138.6092 | Z65: 138.29936 | AA65: 139.10189 | AB65: 139.41596 | AC65: 140.32 | AD65: 141.68894
A66: Model Score | B66: -2.3467868 | C66: -0.8204438 | D66: -0.36542787 | E66: -0.5453756 | F66: -0.49486247 | G66: -0.44452896 | H66: -0.24258416 | I66: -0.11476056 | J66: -0.033463368 | K66: -0.028537078 | L66: -0.021260758 | M66: -0.019351521 | N66: -0.080893364 | O66: 0.00032336753 | P66: 0.00047312267 | Q66: 0.002387906 | R66: 0.12896062 | S66: 0.20174625 | T66: -0.62722009 | U66: -0.50011593 | V66: 0.0017177542 | W66: 0.0013735204 | X66: -0.0021368597 | Y66: -0.0036869091 | Z66: -0.0016086109 | AA66: -0.011639331 | AB66: -0.0090423395 | AC66: -0.010973376 | AD66: -0.0039367343
A67: Gross Loss Adjustments (Dealer level, high PTI, etc.) | B67: 1.1885342 | C67: 2.5420327 | D67: 2.4622788 | E67: 2.4468942 | F67: 1.9434579 | G67: 2.2096374 | H67: 2.2272516 | I67: 1.6999976 | J67: 1.665108 | K67: 1.3574738 | L67: 1.10018 | M67: 0.72070395 | N67: 0.58151846 | O67: 0.32532333 | P67: -0.12064884 | Q67: 0.36136103 | R67: 0.31054692 | S67: 0.79769158 | T67: 0.87858573 | U67: 1.0822761 | V67: 0.47510426 | W67: 1.1692188 | X67: 1.2268002 | Y67: 0.48919612 | Z67: -0.25017989 | AA67: 0.95492158 | AB67: 1.0995187 | AC67: 1.5335094 | AD67: 1.3264164
A68: Recovery Adjustments excluding LTV (Mileage, vehicle type, etc.) | B68: 0.31663035 | C68: 0.62992202 | D68: 0.5594019 | E68: 0.42262469 | F68: -0.10746619 | G68: 0.082448951 | H68: -0.014237351 | I68: 0.28988894 | J68: 0.26790191 | K68: 0.49955502 | L68: 0.79418224 | M68: 0.12415937 | N68: -0.354241 | O68: -0.59127207 | P68: -1.0155715 | Q68: -1.1381665 | R68: -1.3930336 | S68: -1.3052353 | T68: -1.2456154 | U68: -0.84126358 | V68: -1.0287351 | W68: -0.69802759 | X68: -0.5948993 | Y68: 0.068068256 | Z68: 0.052859013 | AA68: 0.2209212 | AB68: 0.69639283 | AC68: 1.1919219 | AD68: 0.431216
A69: LTV Adjustments | B69: -0.31663035 | C69: -0.62992202 | D69: -0.5594019 | E69: -0.42262469 | F69: 0.10746619 | G69: -0.082448951 | H69: 0.014237351 | I69: -0.28988894 | J69: -0.26790191 | K69: -0.49955502 | L69: -0.79418224 | M69: -0.12415937 | N69: 0.354241 | O69: 0.59127207 | P69: 1.0155715 | Q69: 1.1381665 | R69: 1.3930336 | S69: 1.3052353 | T69: 1.2456154 | U69: 0.84126358 | V69: 1.0287351 | W69: 0.69802759 | X69: 0.5948993 | Y69: -0.068068256 | Z69: -0.052859013 | AA69: -0.2209212 | AB69: -0.69639283 | AC69: -1.1919219 | AD69: -0.431216
A70: RAGU Score | B70: 132.85484 | C70: 138.8119 | D70: 138.27539 | E70: 137.12771 | F70: 135.67696 | G70: 138.28109 | H70: 139.68743 | I70: 137.90546 | J70: 136.85655 | K70: 136.31763 | L70: 135.26886 | M70: 133.51211 | N70: 133.53826 | O70: 135.1476 | P70: 135.78552 | Q70: 137.50601 | R70: 138.99482 | S70: 139.98996 | T70: 139.32549 | U70: 139.52826 | V70: 138.8265 | W70: 140.39495 | X70: 140.7603 | Y70: 139.09471 | Z70: 138.04757 | AA70: 140.04517 | AB70: 140.50643 | AC70: 141.84253 | AD70: 143.01142
A71: LTV | B71: 1.921799 | C71: 1.7401004 | D71: 1.7281443 | E71: 1.7298588 | F71: 1.755993 | G71: 1.7715068 | H71: 1.6016923 | I71: 1.7025715 | J71: 1.5711467 | K71: 1.4228487 | L71: 1.4830664 | M71: 1.5120855 | N71: 1.5738788 | O71: 1.5383643 | P71: 1.5839829 | Q71: 1.6469123 | R71: 1.6844235 | S71: 1.6016672 | T71: 1.5968428 | U71: 1.6062205 | V71: 1.6757499 | W71: 1.5369757 | X71: 1.5618267 | Y71: 1.5572608 | Z71: 1.5323874 | AA71: 1.4955201 | AB71: 1.5094917 | AC71: 1.5029651 | AD71: 1.5157874

Sheet post lunch 1
A1: AN | B1: 2016 | C1: 2017 | D1: 2018 | E1: 2019 | F1: 2020 Q1 | G1: 2020 Q2 | H1: 2020 Q3 | I1: 2020 Q4 | J1: 2021 Q1 | K1: 2021 Q2 | L1: 2021 Q3 | M1: 2021 Q4 | N1: 2022 Q1 | O1: 2022 Q2 | P1: 2022 Q3 | Q1: 2022 Q4 | R1: 2023 Q1 | S1: 2023 Q2 | T1: 2023 Q3 | U1: 2023 Q4 | V1: 2024 Q1 | W1: 2024 Q2 | X1: 2024 Q3 | Y1: 2024 Q4 | Z1: 2025 Q1 | AA1: 2025 Q2 | AB1: 2025 Q3 | AC1: 2025 Q4
A2: Contract Model Score | B2: 130.07861 | C2: 132.83039 | D2: 132.99375 | E2: 132.11029 | F2: 131.79764 | G2: 133.71059 | H2: 135.28557 | I2: 135.79608 | J2: 134.60179 | K2: 135.14257 | L2: 135.36265 | M2: 134.41538 | N2: 134.0686 | O2: 135.89246 | P2: 136.14781 | Q2: 136.75155 | R2: 136.66305 | S2: 136.90907 | T2: 136.43849 | U2: 137.02135 | V2: 136.37212 | W2: 137.12198 | X2: 138.09052 | Y2: 136.80136 | Z2: 136.83702 | AA2: 138.03382 | AB2: 138.55808 | AC2: 139.3761 | AD2: 140.32155
A3: Model Score | B3: 0 | C3: 0 | D3: 0 | E3: 0 | F3: 0 | G3: 0 | H3: 0 | I3: 0 | J3: 0 | K3: 0 | L3: 0 | M3: 0 | N3: 0 | O3: 0 | P3: 0 | Q3: 0 | R3: 0 | S3: 0 | T3: 0 | U3: 0 | V3: 0 | W3: 0 | X3: 0 | Y3: 0 | Z3: 0 | AA3: 0 | AB3: 0 | AC3: 0 | AD3: 0
A4: Gross Loss Adjustments (Dealer level, high PTI, etc.) | B4: 0.66100206 | C4: 1.0383634 | D4: 1.1335416 | E4: 1.057243 | F4: 1.4123341 | G4: 1.3083797 | H4: 0.58221869 | I4: 1.0822147 | J4: 1.3206171 | K4: 1.3559535 | L4: 1.3112364 | M4: 1.2138028 | N4: 1.6338939 | O4: 1.3966256 | P4: 1.2658425 | Q4: 1.2408405 | R4: 0.79430529 | S4: 1.2228347 | T4: 0.70121599 | U4: 0.83461733 | V4: 0.66242898 | W4: 1.1867832 | X4: 0.97810535 | Y4: 1.1748893 | Z4: 1.4592694 | AA4: 2.4660669 | AB4: 2.9266817 | AC4: 2.9196016 | AD4: 3.1264617
A5: Recovery Adjustments excluding LTV (Mileage, vehicle type, etc.) | B5: -0.046581734 | C5: 0.68289025 | D5: 0.75224894 | E5: 0.36545618 | F5: 0.19835498 | G5: 0.021594693 | H5: 0.35604222 | I5: 0.56673572 | J5: 0.77580156 | K5: 0.53341099 | L5: 0.30687986 | M5: -0.28196698 | N5: -0.81047879 | O5: -1.0476364 | P5: -1.0559405 | Q5: -0.73866768 | R5: -0.67738952 | S5: -1.0046495 | T5: -1.142437 | U5: -1.0986338 | V5: -1.2916803 | W5: -0.60334894 | X5: -0.24272007 | Y5: 0.31405301 | Z5: 0.31102417 | AA5: 0.4504423 | AB5: 0.98864284 | AC5: 1.8030397 | AD5: 0.510204
A6: LTV Adjustments | B6: 0.046581734 | C6: -0.68289025 | D6: -0.75224894 | E6: -0.36545618 | F6: -0.19835498 | G6: -0.021594693 | H6: -0.35604222 | I6: -0.56673572 | J6: -0.77580156 | K6: -0.53341099 | L6: -0.30687986 | M6: 0.28196698 | N6: 0.81047879 | O6: 1.0476364 | P6: 1.0559405 | Q6: 0.73866768 | R6: 0.67738952 | S6: 1.0046495 | T6: 1.142437 | U6: 1.0986338 | V6: 1.2916803 | W6: 0.60334894 | X6: 0.24272007 | Y6: -0.31405301 | Z6: -0.31102417 | AA6: -0.4504423 | AB6: -0.98864284 | AC6: -1.8030397 | AD6: -0.510204
A7: RAGU Score | B7: 130.73961 | C7: 133.86875 | D7: 134.12729 | E7: 133.16753 | F7: 133.20997 | G7: 135.01897 | H7: 135.86779 | I7: 136.8783 | J7: 135.92241 | K7: 136.49853 | L7: 136.67389 | M7: 135.62918 | N7: 135.70249 | O7: 137.28909 | P7: 137.41365 | Q7: 137.99239 | R7: 137.45735 | S7: 138.1319 | T7: 137.13971 | U7: 137.85597 | V7: 137.03455 | W7: 138.30877 | X7: 139.06863 | Y7: 137.97624 | Z7: 138.29629 | AA7: 140.49989 | AB7: 141.48476 | AC7: 142.2957 | AD7: 143.44801
A8: LTV | B8: 1.9095583 | C8: 1.9033855 | D8: 1.9125326 | E8: 1.9530195 | F8: 1.904356 | G8: 1.9485415 | H8: 1.6765028 | I8: 1.6638656 | J8: 1.6924912 | K8: 1.5180362 | L8: 1.5882537 | M8: 1.5848716 | N8: 1.6198143 | O8: 1.7180658 | P8: 1.7529717 | Q8: 1.8148918 | R8: 1.8294105 | S8: 1.7158357 | T8: 1.67628 | U8: 1.7132773 | V8: 1.7367719 | W8: 1.6830278 | X8: 1.5949394 | Y8: 1.6183686 | Z8: 1.608955 | AA8: 1.568939 | AB8: 1.5722629 | AC8: 1.5526006 | AD8: 1.5519734
A10: FLD | F10: 2020 Q1 | G10: 2020 Q2 | H10: 2020 Q3 | I10: 2020 Q4 | J10: 2021 Q1 | K10: 2021 Q2 | L10: 2021 Q3 | M10: 2021 Q4 | N10: 2022 Q1 | O10: 2022 Q2 | P10: 2022 Q3 | Q10: 2022 Q4 | R10: 2023 Q1 | S10: 2023 Q2 | T10: 2023 Q3 | U10: 2023 Q4 | V10: 2024 Q1 | W10: 2024 Q2 | X10: 2024 Q3 | Y10: 2024 Q4 | Z10: 2025 Q1 | AA10: 2025 Q2 | AB10: 2025 Q3 | AC10: 2025 Q4
A11: Contract Model Score | F11: 131.95039 | G11: 135.66547 | H11: 137.78086 | I11: 140.37625 | J11: 136.75685 | K11: 136.18261 | L11: 135.63105 | M11: 134.62935 | N11: 134.17392 | O11: 135.83718 | P11: 136.96375 | Q11: 138.77228 | R11: 141.32316 | S11: 138.86319 | T11: 137.95666 | U11: 139.5662 | V11: 138.5244 | W11: 138.40978 | X11: 140.36331 | Y11: 138.38769 | Z11: 136.70743 | AA11: 138.3478 | AB11: 138.1021 | AC11: 138.94555 | AD11: 140.9645
A12: Model Score | F12: 0 | G12: 0 | H12: 0 | I12: 0 | J12: 0 | K12: 0 | L12: 0 | M12: 0 | N12: 0 | O12: 0 | P12: 0 | Q12: 0 | R12: 0 | S12: 0 | T12: 0 | U12: 0 | V12: 0 | W12: 0 | X12: 0 | Y12: 0 | Z12: 0 | AA12: 0 | AB12: 0 | AC12: 0 | AD12: 0
A13: Gross Loss Adjustments (Dealer level, high PTI, etc.) | F13: -1.7103216 | G13: -1.3620012 | H13: -0.82270063 | I13: 0.67937377 | J13: 1.8207974 | K13: -0.22282408 | L13: -0.34270651 | M13: 0.75425033 | N13: 0.49117725 | O13: 0.57506675 | P13: 0.94006829 | Q13: 0.98065555 | R13: 1.1637723 | S13: 0.76651233 | T13: 1.0512261 | U13: 1.3906266 | V13: 1.5536976 | W13: 2.4436111 | X13: 3.2853416 | Y13: 2.9736339 | Z13: 2.4078901 | AA13: 2.4910068 | AB13: 3.0095789 | AC13: 1.8551298 | AD13: 2.3630141
A14: Recovery Adjustments excluding LTV (Mileage, vehicle type, etc.) | F14: 0.30636157 | G14: 0.30230861 | H14: 0.35858452 | I14: 0.96095769 | J14: 0.68365243 | K14: 0.4592414 | L14: 0.38957375 | M14: -0.6751848 | N14: -1.203926 | O14: -1.2151646 | P14: -0.76363517 | Q14: -0.7297471 | R14: -0.61145056 | S14: -1.167968 | T14: -1.4690418 | U14: -0.88532733 | V14: -1.392029 | W14: -0.96576154 | X14: 0.10838686 | Y14: 0.60058922 | Z14: 0.44345803 | AA14: 0.49331051 | AB14: 1.071182 | AC14: 1.5202819 | AD14: 0.86837256
A15: LTV Adjustments | F15: -0.30636157 | G15: -0.30230861 | H15: -0.35858452 | I15: -0.96095769 | J15: -0.68365243 | K15: -0.4592414 | L15: -0.38957375 | M15: 0.6751848 | N15: 1.203926 | O15: 1.2151646 | P15: 0.76363517 | Q15: 0.7297471 | R15: 0.61145056 | S15: 1.167968 | T15: 1.4690418 | U15: 0.88532733 | V15: 1.392029 | W15: 0.96576154 | X15: -0.10838686 | Y15: -0.60058922 | Z15: -0.44345803 | AA15: -0.49331051 | AB15: -1.071182 | AC15: -1.5202819 | AD15: -0.86837256
A16: RAGU Score | F16: 130.24007 | G16: 134.30347 | H16: 136.95816 | I16: 141.05562 | J16: 138.57764 | K16: 135.95979 | L16: 135.28834 | M16: 135.3836 | N16: 134.6651 | O16: 136.41225 | P16: 137.90382 | Q16: 139.75294 | R16: 142.48693 | S16: 139.6297 | T16: 139.00788 | U16: 140.95683 | V16: 140.0781 | W16: 140.85339 | X16: 143.64865 | Y16: 141.36132 | Z16: 139.11532 | AA16: 140.8388 | AB16: 141.11168 | AC16: 140.80068 | AD16: 143.32752
A17: LTV | F17: 1.4222684 | G17: 1.3722716 | H17: 1.2228557 | I17: 1.2698228 | J17: 1.3323695 | K17: 1.2326635 | L17: 1.2767099 | M17: 1.3349712 | N17: 1.3422608 | O17: 1.3349194 | P17: 1.3215161 | Q17: 1.3240934 | R17: 1.2734391 | S17: 1.3071443 | T17: 1.2660861 | U17: 1.2843422 | V17: 1.3827827 | W17: 1.3648145 | X17: 1.3461371 | Y17: 1.3398676 | Z17: 1.3802088 | AA17: 1.4110825 | AB17: 1.4119989 | AC17: 1.4094062 | AD17: 1.4635862
A19: FRN | B19: 2016 | C19: 2017 | D19: 2018 | E19: 2019 | F19: 2020 Q1 | G19: 2020 Q2 | H19: 2020 Q3 | I19: 2020 Q4 | J19: 2021 Q1 | K19: 2021 Q2 | L19: 2021 Q3 | M19: 2021 Q4 | N19: 2022 Q1 | O19: 2022 Q2 | P19: 2022 Q3 | Q19: 2022 Q4 | R19: 2023 Q1 | S19: 2023 Q2 | T19: 2023 Q3 | U19: 2023 Q4 | V19: 2024 Q1 | W19: 2024 Q2 | X19: 2024 Q3 | Y19: 2024 Q4 | Z19: 2025 Q1 | AA19: 2025 Q2 | AB19: 2025 Q3 | AC19: 2025 Q4
A20: Contract Model Score | B20: 131.16747 | C20: 136.73823 | D20: 136.80259 | E20: 132.54767 | F20: 131.13303 | G20: 132.90504 | H20: 133.93048 | I20: 132.80381 | J20: 135.44811 | K20: 135.18735 | L20: 134.94602 | M20: 132.89928 | N20: 134.06325 | O20: 136.81721 | P20: 138.00243 | Q20: 139.77793 | R20: 141.27719 | S20: 140.58734 | T20: 140.72103 | U20: 139.02514 | V20: 138.13163 | W20: 140.17356 | X20: 141.55375 | Y20: 139.97097 | Z20: 139.83315 | AA20: 140.63434 | AB20: 140.96388 | AC20: 141.85749 | AD20: 142.77194
A21: Model Score | B21: 0 | C21: 0 | D21: 0 | E21: 0 | F21: 0 | G21: 0 | H21: 0 | I21: 0 | J21: 0 | K21: 0 | L21: 0 | M21: 0 | N21: 0 | O21: 0 | P21: 0 | Q21: 0 | R21: 0 | S21: 0 | T21: 0 | U21: 0 | V21: 0 | W21: 0 | X21: 0 | Y21: 0 | Z21: 0 | AA21: 0 | AB21: 0 | AC21: 0 | AD21: 0
A22: Gross Loss Adjustments (Dealer level, high PTI, etc.) | B22: -0.086531737 | C22: 0.56457952 | D22: 0.097990972 | E22: 0.65117725 | F22: 1.3091096 | G22: 1.5067007 | H22: 0.54845206 | I22: 0.003989095 | J22: 0.52413776 | K22: 0.89828531 | L22: 0.69221704 | M22: -0.39544921 | N22: -0.23544014 | O22: 0.72599632 | P22: 0.58262346 | Q22: 0.31311591 | R22: 0.93883725 | S22: 1.5645409 | T22: 1.6212334 | U22: 0.89293024 | V22: -0.19717966 | W22: 0.30351544 | X22: 0.75919793 | Y22: 0.53146185 | Z22: 0.66791062 | AA22: 1.2781424 | AB22: 1.7965359 | AC22: 2.7808561 | AD22: 2.864459
A23: Recovery Adjustments excluding LTV (Mileage, vehicle type, etc.) | B23: -0.17908036 | C23: 0.79370024 | D23: 0.48653147 | E23: 0.28554476 | F23: 0.20251189 | G23: 0.061227886 | H23: 0.37542201 | I23: 0.72847101 | J23: 0.67570086 | K23: 0.5442661 | L23: 0.14241659 | M23: -0.22920703 | N23: -0.78168021 | O23: -0.85473742 | P23: -0.8717973 | Q23: -0.90205939 | R23: -0.84700803 | S23: -1.1370854 | T23: -1.3880605 | U23: -1.1438787 | V23: -1.4427949 | W23: -0.95218585 | X23: -0.3731169 | Y23: 0.52569823 | Z23: 0.41648514 | AA23: 0.71413028 | AB23: 0.9304299 | AC23: 1.7451633 | AD23: 0.65468889
A24: LTV Adjustments | B24: 0.17908036 | C24: -0.79370024 | D24: -0.48653147 | E24: -0.28554476 | F24: -0.20251189 | G24: -0.061227886 | H24: -0.37542201 | I24: -0.72847101 | J24: -0.67570086 | K24: -0.5442661 | L24: -0.14241659 | M24: 0.22920703 | N24: 0.78168021 | O24: 0.85473742 | P24: 0.8717973 | Q24: 0.90205939 | R24: 0.84700803 | S24: 1.1370854 | T24: 1.3880605 | U24: 1.1438787 | V24: 1.4427949 | W24: 0.95218585 | X24: 0.3731169 | Y24: -0.52569823 | Z24: -0.41648514 | AA24: -0.71413028 | AB24: -0.9304299 | AC24: -1.7451633 | AD24: -0.65468889
A25: RAGU Score | B25: 131.08094 | C25: 137.30281 | D25: 136.90058 | E25: 133.19885 | F25: 132.44214 | G25: 134.41174 | H25: 134.47893 | I25: 132.8078 | J25: 135.97225 | K25: 136.08564 | L25: 135.63823 | M25: 132.50383 | N25: 133.82781 | O25: 137.5432 | P25: 138.58506 | Q25: 140.09105 | R25: 142.21603 | S25: 142.15188 | T25: 142.34226 | U25: 139.91807 | V25: 137.93446 | W25: 140.47708 | X25: 142.31295 | Y25: 140.50244 | Z25: 140.50106 | AA25: 141.91248 | AB25: 142.76042 | AC25: 144.63834 | AD25: 145.6364
A26: LTV | B26: 2.1589323 | C26: 2.2068198 | D26: 2.1159962 | E26: 2.0919992 | F26: 1.9398981 | G26: 1.943269 | H26: 1.9007312 | I26: 2.0314244 | J26: 1.7350805 | K26: 1.5137652 | L26: 1.6176819 | M26: 1.6847804 | N26: 1.6595351 | O26: 1.6664296 | P26: 1.683305 | Q26: 1.6850615 | R26: 1.7340577 | S26: 1.5425955 | T26: 1.5004554 | U26: 1.4623082 | V26: 1.4838174 | W26: 1.4770607 | X26: 1.490936 | Y26: 1.4850275 | Z26: 1.4879441 | AA26: 1.4278375 | AB26: 1.425119 | AC26: 1.4212108 | AD26: 1.48664
A28: STG | B28: 2016 | C28: 2017 | D28: 2018 | E28: 2019 | F28: 2020 Q1 | G28: 2020 Q2 | H28: 2020 Q3 | I28: 2020 Q4 | J28: 2021 Q1 | K28: 2021 Q2 | L28: 2021 Q3 | M28: 2021 Q4 | N28: 2022 Q1 | O28: 2022 Q2 | P28: 2022 Q3 | Q28: 2022 Q4 | R28: 2023 Q1 | S28: 2023 Q2 | T28: 2023 Q3 | U28: 2023 Q4 | V28: 2024 Q1 | W28: 2024 Q2 | X28: 2024 Q3 | Y28: 2024 Q4 | Z28: 2025 Q1 | AA28: 2025 Q2 | AB28: 2025 Q3 | AC28: 2025 Q4
A29: Contract Model Score | B29: 129.64154 | C29: 131.65563 | D29: 131.56832 | E29: 129.50597 | F29: 130.0304 | G29: 133.13562 | H29: 135.5242 | I29: 135.28733 | J29: 135.28771 | K29: 135.49901 | L29: 135.05653 | M29: 133.65336 | N29: 134.55 | O29: 136.72731 | P29: 137.27114 | Q29: 138.30195 | R29: 139.23035 | S29: 137.71584 | T29: 138.53984 | U29: 137.48747 | V29: 136.76023 | W29: 137.47802 | X29: 138.54354 | Y29: 137.20905 | Z29: 136.6684 | AA29: 137.94719 | AB29: 138.66055 | AC29: 140.03752 | AD29: 141.05806
A30: Model Score | B30: 0 | C30: 0 | D30: 0 | E30: 0 | F30: 0 | G30: 0 | H30: 0 | I30: 0 | J30: 0 | K30: 0 | L30: 0 | M30: 0 | N30: 0 | O30: 0 | P30: 0 | Q30: 0 | R30: 0 | S30: 0 | T30: 0 | U30: 0 | V30: 0 | W30: 0 | X30: 0 | Y30: 0 | Z30: 0 | AA30: 0 | AB30: 0 | AC30: 0 | AD30: 0
A31: Gross Loss Adjustments (Dealer level, high PTI, etc.) | B31: 0.80451042 | C31: 0.93531319 | D31: 0.87019855 | E31: 0.78525767 | F31: 0.62627011 | G31: 0.56124754 | H31: 0.90101305 | I31: 0.8428326 | J31: 1.6574384 | K31: 1.8158511 | L31: 1.5016646 | M31: 1.1834961 | N31: 0.56607344 | O31: 0.62303432 | P31: -0.014227399 | Q31: 0.60880416 | R31: 0.26065132 | S31: 0.32381303 | T31: 1.4742954 | U31: 1.2647051 | V31: 1.0139279 | W31: 2.0228001 | X31: 2.2786498 | Y31: 2.0632355 | Z31: 1.8384507 | AA31: 2.0356619 | AB31: 2.2451501 | AC31: 2.7851197 | AD31: 3.1250191
A32: Recovery Adjustments excluding LTV (Mileage, vehicle type, etc.) | B32: 0.0096922742 | C32: 0.72983218 | D32: 0.6121512 | E32: 0.43106277 | F32: 0.16214307 | G32: 0.064071236 | H32: 0.28692087 | I32: 1.0400756 | J32: 0.54162063 | K32: 0.46779075 | L32: 0.48633153 | M32: -0.20105135 | N32: -0.83242226 | O32: -0.91864714 | P32: -1.1783171 | Q32: -0.65686014 | R32: -1.0236673 | S32: -0.91099356 | T32: -1.3360114 | U32: -1.0111437 | V32: -1.533795 | W32: -0.65699548 | X32: -0.18254275 | Y32: 0.64801558 | Z32: 0.62660937 | AA32: 0.6202912 | AB32: 1.015985 | AC32: 1.6439859 | AD32: 0.74305719
A33: LTV Adjustments | B33: -0.0096922742 | C33: -0.72983218 | D33: -0.6121512 | E33: -0.43106277 | F33: -0.16214307 | G33: -0.064071236 | H33: -0.28692087 | I33: -1.0400756 | J33: -0.54162063 | K33: -0.46779075 | L33: -0.48633153 | M33: 0.20105135 | N33: 0.83242226 | O33: 0.91864714 | P33: 1.1783171 | Q33: 0.65686014 | R33: 1.0236673 | S33: 0.91099356 | T33: 1.3360114 | U33: 1.0111437 | V33: 1.533795 | W33: 0.65699548 | X33: 0.18254275 | Y33: -0.64801558 | Z33: -0.62660937 | AA33: -0.6202912 | AB33: -1.015985 | AC33: -1.6439859 | AD33: -0.74305719
A34: RAGU Score | B34: 130.44605 | C34: 132.59094 | D34: 132.43852 | E34: 130.29123 | F34: 130.65667 | G34: 133.69687 | H34: 136.42521 | I34: 136.13016 | J34: 136.94515 | K34: 137.31486 | L34: 136.5582 | M34: 134.83686 | N34: 135.11607 | O34: 137.35035 | P34: 137.25692 | Q34: 138.91076 | R34: 139.491 | S34: 138.03965 | T34: 140.01413 | U34: 138.75218 | V34: 137.77416 | W34: 139.50082 | X34: 140.82219 | Y34: 139.27228 | Z34: 138.50685 | AA34: 139.98285 | AB34: 140.9057 | AC34: 142.82264 | AD34: 144.18308
A35: LTV | B35: 1.9505024 | C35: 1.9401029 | D35: 1.9893459 | E35: 2.0870093 | F35: 2.0890887 | G35: 2.1081045 | H35: 1.8211832 | I35: 1.8044757 | J35: 1.6999269 | K35: 1.5705909 | L35: 1.5939441 | M35: 1.6198602 | N35: 1.5718352 | O35: 1.5190995 | P35: 1.5368932 | Q35: 1.4821458 | R35: 1.4795919 | S35: 1.5171672 | T35: 1.428349 | U35: 1.4319631 | V35: 1.5305618 | W35: 1.4917754 | X35: 1.4541668 | Y35: 1.4645932 | Z35: 1.4858994 | AA35: 1.4259223 | AB35: 1.4335938 | AC35: 1.4174465 | AD35: 1.4811423
A37: ENT | F37: 2020 Q1 | G37: 2020 Q2 | H37: 2020 Q3 | I37: 2020 Q4 | J37: 2021 Q1 | K37: 2021 Q2 | L37: 2021 Q3 | M37: 2021 Q4 | N37: 2022 Q1 | O37: 2022 Q2 | P37: 2022 Q3 | Q37: 2022 Q4 | R37: 2023 Q1 | S37: 2023 Q2 | T37: 2023 Q3 | U37: 2023 Q4 | V37: 2024 Q1 | W37: 2024 Q2 | X37: 2024 Q3 | Y37: 2024 Q4 | Z37: 2025 Q1 | AA37: 2025 Q2 | AB37: 2025 Q3 | AC37: 2025 Q4
A38: Contract Model Score | F38: 132.38307 | G38: 133.22864 | H38: 136.30166 | I38: 135.38242 | J38: 133.8357 | K38: 131.8749 | L38: 131.13569 | M38: 129.4723 | N38: 129.34473 | O38: 131.45349 | P38: 131.71553 | Q38: 131.25851 | R38: 132.73385 | S38: 133.4422 | T38: 133.76755 | U38: 135.31367 | V38: 136.17456 | W38: 136.8171 | X38: 136.69241 | Y38: 134.94875 | Z38: 134.57148 | AA38: 136.41792 | AB38: 137.0063 | AC38: 137.20721 | AD38: 139.79558
A39: Model Score | F39: 0 | G39: 0 | H39: 0 | I39: 0 | J39: 0 | K39: 0 | L39: 0 | M39: 0 | N39: 0 | O39: 0 | P39: 0 | Q39: 0 | R39: 0 | S39: 0 | T39: 0 | U39: 0 | V39: 0 | W39: 0 | X39: 0 | Y39: 0 | Z39: 0 | AA39: 0 | AB39: 0 | AC39: 0 | AD39: 0
A40: Gross Loss Adjustments (Dealer level, high PTI, etc.) | F40: 0.53733727 | G40: 0.6114489 | H40: 0.32319334 | I40: -0.89774632 | J40: -0.38175502 | K40: -0.59152797 | L40: -0.80097815 | M40: -0.57952409 | N40: -0.12187674 | O40: -0.57677921 | P40: -1.5631581 | Q40: -1.3928785 | R40: -1.7516348 | S40: -1.0557538 | T40: -0.70981925 | U40: 0.45637312 | V40: -0.59196155 | W40: -0.32963785 | X40: -0.49424107 | Y40: -0.28560818 | Z40: -0.97599678 | AA40: 0.20518067 | AB40: 0.17963091 | AC40: 1.0649609 | AD40: 1.253817
A41: Recovery Adjustments excluding LTV (Mileage, vehicle type, etc.) | F41: -1.1920172 | G41: -0.86783265 | H41: -0.40157717 | I41: -0.63189371 | J41: -0.55970644 | K41: 0.12477537 | L41: -0.43895099 | M41: -0.38499619 | N41: -1.2866433 | O41: -1.5946688 | P41: -2.356237 | Q41: -2.603939 | R41: -2.3045013 | S41: -2.2299169 | T41: -1.7922493 | U41: -1.0827342 | V41: -1.8617645 | W41: -1.4476694 | X41: -0.53113097 | Y41: 2.2414072 | Z41: 3.2551663 | AA41: 2.0802295 | AB41: 2.4133143 | AC41: 3.5191802 | AD41: 2.6152842
A42: LTV Adjustments | F42: 1.1920172 | G42: 0.86783265 | H42: 0.40157717 | I42: 0.63189371 | J42: 0.55970644 | K42: -0.12477537 | L42: 0.43895099 | M42: 0.38499619 | N42: 1.2866433 | O42: 1.5946688 | P42: 2.356237 | Q42: 2.603939 | R42: 2.3045013 | S42: 2.2299169 | T42: 1.7922493 | U42: 1.0827342 | V42: 1.8617645 | W42: 1.4476694 | X42: 0.53113097 | Y42: -2.2414072 | Z42: -3.2551663 | AA42: -2.0802295 | AB42: -2.4133143 | AC42: -3.5191802 | AD42: -2.6152842
A43: RAGU Score | F43: 132.92041 | G43: 133.84009 | H43: 136.62485 | I43: 134.48468 | J43: 133.45395 | K43: 131.28337 | L43: 130.33471 | M43: 128.89278 | N43: 129.22285 | O43: 130.87671 | P43: 130.15238 | Q43: 129.86564 | R43: 130.98221 | S43: 132.38644 | T43: 133.05774 | U43: 135.77004 | V43: 135.5826 | W43: 136.48746 | X43: 136.19817 | Y43: 134.66314 | Z43: 133.59548 | AA43: 136.6231 | AB43: 137.18593 | AC43: 138.27218 | AD43: 141.0494
A44: LTV | F44: 1.4714846 | G44: 1.448717 | H44: 1.2685319 | I44: 1.3691838 | J44: 1.3590324 | K44: 1.2617019 | L44: 1.3407663 | M44: 1.3742468 | N44: 1.3946749 | O44: 1.3456753 | P44: 1.2927065 | Q44: 1.3475355 | R44: 1.3821314 | S44: 1.3320948 | T44: 1.2573045 | U44: 1.3078825 | V44: 1.3167976 | W44: 1.3001206 | X44: 1.3145132 | Y44: 1.3455132 | Z44: 1.330887 | AA44: 1.3028832 | AB44: 1.3079653 | AC44: 1.3179371 | AD44: 1.3324939
A46: nonKMXENT | B46: 2016 | C46: 2017 | D46: 2018 | E46: 2019 | F46: 2020 Q1 | G46: 2020 Q2 | H46: 2020 Q3 | I46: 2020 Q4 | J46: 2021 Q1 | K46: 2021 Q2 | L46: 2021 Q3 | M46: 2021 Q4 | N46: 2022 Q1 | O46: 2022 Q2 | P46: 2022 Q3 | Q46: 2022 Q4 | R46: 2023 Q1 | S46: 2023 Q2 | T46: 2023 Q3 | U46: 2023 Q4 | V46: 2024 Q1 | W46: 2024 Q2 | X46: 2024 Q3 | Y46: 2024 Q4 | Z46: 2025 Q1 | AA46: 2025 Q2 | AB46: 2025 Q3 | AC46: 2025 Q4
A47: Contract Model Score | B47: 130.11007 | C47: 132.58768 | D47: 132.51876 | E47: 130.52654 | F47: 130.9115 | G47: 133.56818 | H47: 135.32872 | I47: 135.00452 | J47: 135.33466 | K47: 135.42705 | L47: 135.14249 | M47: 133.58237 | N47: 134.24542 | O47: 136.54105 | P47: 137.34925 | Q47: 138.63774 | R47: 139.45713 | S47: 138.75195 | T47: 138.87581 | U47: 138.31101 | V47: 137.53278 | W47: 138.76369 | X47: 140.0747 | Y47: 138.61957 | Z47: 138.13778 | AA47: 139.2205 | AB47: 139.61004 | AC47: 140.56262 | AD47: 141.66062
A48: Model Score | B48: 0.157252 | C48: 0.098662384 | D48: 0.031447292 | E48: 0.0079311969 | F48: 0.0001600884 | G48: 0.00054589379 | H48: 0.00092920139 | I48: -0.0014430359 | J48: 0.00032879285 | K48: 0.00029449277 | L48: 0.00039904696 | M48: -0.0011029027 | N48: -0.0010728902 | O48: -0.0038523388 | P48: -0.0010246437 | Q48: 0.003398476 | R48: -0.017516757 | S48: 0.0088215097 | T48: -0.0081867538 | U48: 0.007437203 | V48: 0.00014128517 | W48: 0.0022149711 | X48: -0.0017540155 | Y48: -0.0070410599 | Z48: -0.00020335988 | AA48: -0.0086787416 | AB48: -0.004250533 | AC48: -0.007164574 | AD48: -0.0010422556
A49: Gross Loss Adjustments (Dealer level, high PTI, etc.) | B49: 0.51854456 | C49: 0.94898377 | D49: 0.95230876 | E49: 0.84259456 | F49: 0.46304847 | G49: 0.64365508 | H49: 0.52209716 | I49: 0.6081382 | J49: 1.2610967 | K49: 1.1570359 | L49: 0.92621472 | M49: 0.52836128 | N49: 0.40492693 | O49: 0.77317488 | P49: 0.57645117 | Q49: 0.66501789 | R49: 0.76749356 | S49: 1.072764 | T49: 1.3097788 | U49: 1.031606 | V49: 0.42542712 | W49: 1.1694034 | X49: 1.4839969 | Y49: 1.2745257 | Z49: 1.3151304 | AA49: 1.804837 | AB49: 2.2460316 | AC49: 2.6549846 | AD49: 2.8917088
A50: Recovery Adjustments excluding LTV (Mileage, vehicle type, etc.) | B50: -0.05628477 | C50: 0.71074462 | D50: 0.65817208 | E50: 0.43462983 | F50: 0.20228674 | G50: 0.089637333 | H50: 0.33362199 | I50: 0.83745592 | J50: 0.64392021 | K50: 0.50326563 | L50: 0.32412952 | M50: -0.27780138 | N50: -0.85637159 | O50: -0.94709415 | P50: -0.97893458 | Q50: -0.78163469 | R50: -0.80910076 | S50: -1.0539094 | T50: -1.3335899 | U50: -1.076098 | V50: -1.4356482 | W50: -0.81887653 | X50: -0.2535143 | Y50: 0.539334 | Z50: 0.46418924 | AA50: 0.62385097 | AB50: 0.98077666 | AC50: 1.6904609 | AD50: 0.69381666
A51: LTV Adjustments | B51: 0.05628477 | C51: -0.71074462 | D51: -0.65817208 | E51: -0.43462983 | F51: -0.20228674 | G51: -0.089637333 | H51: -0.33362199 | I51: -0.83745592 | J51: -0.64392021 | K51: -0.50326563 | L51: -0.32412952 | M51: 0.27780138 | N51: 0.85637159 | O51: 0.94709415 | P51: 0.97893458 | Q51: 0.78163469 | R51: 0.80910076 | S51: 1.0539094 | T51: 1.3335899 | U51: 1.076098 | V51: 1.4356482 | W51: 0.81887653 | X51: 0.2535143 | Y51: -0.539334 | Z51: -0.46418924 | AA51: -0.62385097 | AB51: -0.98077666 | AC51: -1.6904609 | AD51: -0.69381666
A52: RAGU Score | B52: 130.78587 | C52: 133.63533 | D52: 133.50252 | E52: 131.37707 | F52: 131.37471 | G52: 134.21238 | H52: 135.85174 | I52: 135.61121 | J52: 136.59609 | K52: 136.58438 | L52: 136.06911 | M52: 134.10963 | N52: 134.64928 | O52: 137.31037 | P52: 137.92468 | Q52: 139.30615 | R52: 140.20711 | S52: 139.83354 | T52: 140.1774 | U52: 139.35006 | V52: 137.95835 | W52: 139.93531 | X52: 141.55694 | Y52: 139.88705 | Z52: 139.4527 | AA52: 141.01666 | AB52: 141.85182 | AC52: 143.21044 | AD52: 144.55129
A53: LTV | B53: 1.991871 | C53: 1.9353655 | D53: 1.9545091 | E53: 1.9497776 | F53: 1.906023 | G53: 1.9310126 | H53: 1.7392426 | I53: 1.8060051 | J53: 1.6740047 | K53: 1.4968866 | L53: 1.5565576 | M53: 1.6073492 | N53: 1.5841294 | O53: 1.5858399 | P53: 1.611419 | Q53: 1.6120854 | R53: 1.6489594 | S53: 1.5464159 | T53: 1.4861357 | U53: 1.4793325 | V53: 1.5275909 | W53: 1.4969829 | X53: 1.4801088 | Y53: 1.4839948 | Z53: 1.4927752 | AA53: 1.4463173 | AB53: 1.4481748 | AC53: 1.4373248 | AD53: 1.4904815
A55: KMX | B55: 2016 | C55: 2017 | D55: 2018 | E55: 2019 | F55: 2020 Q1 | G55: 2020 Q2 | H55: 2020 Q3 | I55: 2020 Q4 | J55: 2021 Q1 | K55: 2021 Q2 | L55: 2021 Q3 | M55: 2021 Q4 | N55: 2022 Q1 | O55: 2022 Q2 | P55: 2022 Q3 | Q55: 2022 Q4 | R55: 2023 Q1 | S55: 2023 Q2 | T55: 2023 Q3 | U55: 2023 Q4 | V55: 2024 Q1 | W55: 2024 Q2 | X55: 2024 Q3 | Y55: 2024 Q4 | Z55: 2025 Q1 | AA55: 2025 Q2 | AB55: 2025 Q3 | AC55: 2025 Q4
A56: Contract Model Score | B56: 136.55968 | C56: 139.10083 | D56: 137.77798 | E56: 136.87455 | F56: 135.86332 | G56: 138.37204 | H56: 138.7895 | I56: 136.9589 | J56: 135.46433 | K56: 135.73801 | L56: 134.50372 | M56: 133.19297 | N56: 133.26474 | O56: 134.70115 | P56: 136.05827 | Q56: 138.3337 | R56: 140.09672 | S56: 140.65864 | T56: 140.50459 | U56: 140.56078 | V56: 139.56825 | W56: 140.43212 | X56: 139.88511 | Y56: 139.76782 | Z56: 139.70877 | AA56: 139.86672 | AB56: 139.91791 | AC56: 140.94205 | AD56: 142.02841
A57: Model Score | B57: 0 | C57: 0 | D57: 0 | E57: 0 | F57: 0 | G57: 0 | H57: 0 | I57: 0 | J57: 0 | K57: 0 | L57: 0 | M57: 0 | N57: 0 | O57: 0 | P57: 0 | Q57: 0 | R57: 0 | S57: 0 | T57: 0 | U57: 0 | V57: 0 | W57: 0 | X57: 0 | Y57: 0 | Z57: 0 | AA57: 0 | AB57: 0 | AC57: 0 | AD57: 0
A58: Gross Loss Adjustments (Dealer level, high PTI, etc.) | B58: 3.5320245 | C58: 3.8005327 | D58: 3.3715599 | E58: 3.2957019 | F58: 3.1855794 | G58: 3.608479 | H58: 3.4625739 | I58: 2.7842586 | J58: 2.3455915 | K58: 2.152361 | L58: 1.7360873 | M58: 1.1657481 | N58: 0.9511797 | O58: 0.29800483 | P58: -0.16124401 | Q58: 0.7664811 | R58: 0.75855075 | S58: 1.162112 | T58: 1.3570653 | U58: 1.5373659 | V58: 0.82586145 | W58: 1.637394 | X58: 1.4931473 | Y58: 0.074184846 | Z58: -1.3608038 | AA58: 0.33959515 | AB58: 0.34432056 | AC58: 0.76377713 | AD58: 0.33029013
A59: Recovery Adjustments excluding LTV (Mileage, vehicle type, etc.) | B59: 1.6442123 | C59: 0.50715815 | D59: 0.50652882 | E59: 0.42642891 | F59: -0.15013566 | G59: 0.23805047 | H59: -0.11991492 | I59: 0.18730837 | J59: 0.29673956 | K59: 0.60000086 | L59: 1.3879632 | M59: 0.49755417 | N59: 0.39633896 | O59: -0.23965349 | P59: -0.77712473 | Q59: -0.87656669 | R59: -1.2974638 | S59: -1.1619835 | T59: -1.1019312 | U59: -0.2179504 | V59: -0.51690941 | W59: -0.28078163 | X59: -0.90286502 | Y59: -1.0472787 | Z59: -1.330222 | AA59: -0.72319807 | AB59: -0.19962606 | AC59: 0.29351972 | AD59: -0.057825162
A60: LTV Adjustments | B60: -1.6442123 | C60: -0.50715815 | D60: -0.50652882 | E60: -0.42642891 | F60: 0.15013566 | G60: -0.23805047 | H60: 0.11991492 | I60: -0.18730837 | J60: -0.29673956 | K60: -0.60000086 | L60: -1.3879632 | M60: -0.49755417 | N60: -0.39633896 | O60: 0.23965349 | P60: 0.77712473 | Q60: 0.87656669 | R60: 1.2974638 | S60: 1.1619835 | T60: 1.1019312 | U60: 0.2179504 | V60: 0.51690941 | W60: 0.28078163 | X60: 0.90286502 | Y60: 1.0472787 | Z60: 1.330222 | AA60: 0.72319807 | AB60: 0.19962606 | AC60: -0.29351972 | AD60: 0.057825162
A61: RAGU Score | B61: 140.0917 | C61: 142.90136 | D61: 141.14954 | E61: 140.17025 | F61: 139.0489 | G61: 141.98052 | H61: 142.25207 | I61: 139.74316 | J61: 137.80992 | K61: 137.89037 | L61: 136.23981 | M61: 134.35872 | N61: 134.21592 | O61: 134.99915 | P61: 135.89702 | Q61: 139.10018 | R61: 140.85527 | S61: 141.82075 | T61: 141.86166 | U61: 142.09815 | V61: 140.39411 | W61: 142.06951 | X61: 141.37826 | Y61: 139.842 | Z61: 138.34796 | AA61: 140.20632 | AB61: 140.26223 | AC61: 141.70583 | AD61: 142.3587
A62: LTV | B62: 1.6764986 | C62: 1.5853506 | D62: 1.5921593 | E62: 1.6174097 | F62: 1.7088596 | G62: 1.7387759 | H62: 1.5874569 | I62: 1.7249387 | J62: 1.5790114 | K62: 1.433258 | L62: 1.4838139 | M62: 1.4938477 | N62: 1.6282607 | O62: 1.5540459 | P62: 1.6282644 | Q62: 1.7468276 | R62: 1.7717818 | S62: 1.6794053 | T62: 1.8541235 | U62: 1.9564723 | V62: 1.8857882 | W62: 1.6503232 | X62: 1.6909127 | Y62: 1.6869388 | Z62: 1.6353697 | AA62: 1.6102641 | AB62: 1.6219558 | AC62: 1.6048692 | AD62: 1.5636893
A64: POS | B64: 2016 | C64: 2017 | D64: 2018 | E64: 2019 | F64: 2020 Q1 | G64: 2020 Q2 | H64: 2020 Q3 | I64: 2020 Q4 | J64: 2021 Q1 | K64: 2021 Q2 | L64: 2021 Q3 | M64: 2021 Q4 | N64: 2022 Q1 | O64: 2022 Q2 | P64: 2022 Q3 | Q64: 2022 Q4 | R64: 2023 Q1 | S64: 2023 Q2 | T64: 2023 Q3 | U64: 2023 Q4 | V64: 2024 Q1 | W64: 2024 Q2 | X64: 2024 Q3 | Y64: 2024 Q4 | Z64: 2025 Q1 | AA64: 2025 Q2 | AB64: 2025 Q3 | AC64: 2025 Q4
A65: Contract Model Score | B65: 134.0131 | C65: 137.09031 | D65: 136.17854 | E65: 135.22619 | F65: 134.22836 | G65: 136.51598 | H65: 137.70277 | I65: 136.32022 | J65: 135.22491 | K65: 134.98869 | L65: 134.18994 | M65: 132.81075 | N65: 133.03763 | O65: 134.82195 | P65: 135.90569 | Q65: 137.14226 | R65: 138.55531 | S65: 138.99052 | T65: 139.07412 | U65: 138.9461 | V65: 138.34968 | W65: 139.22436 | X65: 139.53563 | Y65: 138.6092 | Z65: 138.29936 | AA65: 139.10189 | AB65: 139.41596 | AC65: 140.32 | AD65: 141.68894
A66: Model Score | B66: -2.3467868 | C66: -0.8204438 | D66: -0.36542787 | E66: -0.5453756 | F66: -0.49486247 | G66: -0.44452896 | H66: -0.24258416 | I66: -0.11476056 | J66: -0.033463368 | K66: -0.028537078 | L66: -0.021260758 | M66: -0.019351521 | N66: -0.080893364 | O66: 0.00032336753 | P66: 0.00047312267 | Q66: 0.002387906 | R66: 0.12896062 | S66: 0.20174625 | T66: -0.62722009 | U66: -0.50011593 | V66: 0.0017177542 | W66: 0.0013735204 | X66: -0.0021368597 | Y66: -0.0036869091 | Z66: -0.0016086109 | AA66: -0.011639331 | AB66: -0.0090423395 | AC66: -0.010973376 | AD66: -0.0039367343
A67: Gross Loss Adjustments (Dealer level, high PTI, etc.) | B67: 1.1885342 | C67: 2.5420327 | D67: 2.4622788 | E67: 2.4468942 | F67: 1.9434579 | G67: 2.2096374 | H67: 2.2272516 | I67: 1.6999976 | J67: 1.665108 | K67: 1.3574738 | L67: 1.10018 | M67: 0.72070395 | N67: 0.58151846 | O67: 0.32532333 | P67: -0.12064884 | Q67: 0.36136103 | R67: 0.31054692 | S67: 0.79769158 | T67: 0.87858573 | U67: 1.0822761 | V67: 0.47510426 | W67: 1.1692188 | X67: 1.2268002 | Y67: 0.48919612 | Z67: -0.25017989 | AA67: 0.95492158 | AB67: 1.0995187 | AC67: 1.5335094 | AD67: 1.3264164
A68: Recovery Adjustments excluding LTV (Mileage, vehicle type, etc.) | B68: 0.32236836 | C68: 0.59724689 | D68: 0.56383135 | E68: 0.42226586 | F68: -0.12334864 | G68: 0.054145689 | H68: -0.0082967015 | I68: 0.26683726 | J68: 0.26014852 | K68: 0.48598155 | L68: 0.78756859 | M68: 0.13064055 | N68: -0.32201577 | O68: -0.59242665 | P68: -1.0193832 | Q68: -1.1625965 | R68: -1.407351 | S68: -1.3111896 | T68: -1.3344171 | U68: -0.78282966 | V68: -1.0383675 | W68: -0.67036428 | X68: -0.60894273 | Y68: 0.057435046 | Z68: 0.083201108 | AA68: 0.26104024 | AB68: 0.62664747 | AC68: 1.2512276 | AD68: 0.46324645
A69: LTV Adjustments | B69: -0.32236836 | C69: -0.59724689 | D69: -0.56383135 | E69: -0.42226586 | F69: 0.12334864 | G69: -0.054145689 | H69: 0.0082967015 | I69: -0.26683726 | J69: -0.26014852 | K69: -0.48598155 | L69: -0.78756859 | M69: -0.13064055 | N69: 0.32201577 | O69: 0.59242665 | P69: 1.0193832 | Q69: 1.1625965 | R69: 1.407351 | S69: 1.3111896 | T69: 1.3344171 | U69: 0.78282966 | V69: 1.0383675 | W69: 0.67036428 | X69: 0.60894273 | Y69: -0.057435046 | Z69: -0.083201108 | AA69: -0.26104024 | AB69: -0.62664747 | AC69: -1.2512276 | AD69: -0.46324645
A70: RAGU Score | B70: 132.85484 | C70: 138.8119 | D70: 138.27539 | E70: 137.12771 | F70: 135.67696 | G70: 138.28109 | H70: 139.68743 | I70: 137.90546 | J70: 136.85655 | K70: 136.31763 | L70: 135.26886 | M70: 133.51211 | N70: 133.53826 | O70: 135.1476 | P70: 135.78552 | Q70: 137.50601 | R70: 138.99482 | S70: 139.98996 | T70: 139.32549 | U70: 139.52826 | V70: 138.8265 | W70: 140.39495 | X70: 140.7603 | Y70: 139.09471 | Z70: 138.04757 | AA70: 140.04517 | AB70: 140.50643 | AC70: 141.84253 | AD70: 143.01142
A71: LTV | B71: 1.921754 | C71: 1.7398259 | D71: 1.7283493 | E71: 1.7297205 | F71: 1.7572835 | G71: 1.771733 | H71: 1.6016909 | I71: 1.7024475 | J71: 1.5711141 | K71: 1.4229403 | L71: 1.483126 | M71: 1.5125788 | N71: 1.5739924 | O71: 1.5382654 | P71: 1.5839804 | Q71: 1.6468424 | R71: 1.6843595 | S71: 1.6015595 | T71: 1.5969418 | U71: 1.6064709 | V71: 1.6758301 | W71: 1.5369201 | X71: 1.5617412 | Y71: 1.5573627 | Z71: 1.5323065 | AA71: 1.495338 | AB71: 1.509607 | AC71: 1.5029755 | AD71: 1.5157163

Sheet post lucnh 2

Sheet Data Tables (Q) 3.14
A1: AN | B1: 2025Q1 | C1: 2025Q2 | D1: 2025Q3 | E1: 2025Q4 | F1: 2026Q1
A2: Model Score | B2: 136.83702 | C2: 138.03382 | D2: 138.55808 | E2: 139.3761 | F2: 140.32332
A3: Gross Loss Impact | B3: 1.4592694 | C3: 2.4660669 | D3: 2.9266817 | E3: 2.9196016 | F3: 3.1264617
A4: Recovery Impact | B4: -0.27746484 | C4: 3.7521851 | D4: 5.0310015 | E4: 5.1855907 | F4: 4.6061055
A5: LTV Impact | B5: 3.5186117 | C5: 4.0170703 | D5: 3.9704576 | E5: 4.248257 | F5: 4.2540298
A6: RAGU Score | B6: 141.53744 | C6: 148.26914 | D6: 150.48622 | E6: 151.72955 | F6: 152.30992
A7: Amount Financed | B7: 56035847 | C7: 58135224 | D7: 51413759 | E7: 39424320 | F7: 44425981
A9: FRN | B9: 2025Q1 | C9: 2025Q2 | D9: 2025Q3 | E9: 2025Q4 | F9: 2026Q1
A10: Model Score | B10: 139.83315 | C10: 140.63434 | D10: 140.96388 | E10: 141.85749 | F10: 142.76339
A11: Gross Loss Impact | B11: 0.66791062 | C11: 1.2781424 | D11: 1.7965359 | E11: 2.7808561 | F11: 2.864459
A12: Recovery Impact | B12: -2.4759445 | C12: 0.89891578 | D12: 1.4860074 | E12: 2.8270298 | F12: 1.6806872
A13: LTV Impact | B13: 5.1650968 | C13: 6.0920791 | D13: 6.1443699 | E13: 6.2157078 | F13: 5.1817057
A14: RAGU Score | B14: 143.19021 | C14: 148.90347 | D14: 150.3908 | E14: 153.68108 | F14: 152.49024
A15: Amount Financed | B15: 1.7489509e+08 | C15: 1.7780391e+08 | D15: 1.5110941e+08 | E15: 1.1798551e+08 | F15: 1.3358561e+08
A17: STG | B17: 2025Q1 | C17: 2025Q2 | D17: 2025Q3 | E17: 2025Q4 | F17: 2026Q1
A18: Model Score | B18: 136.6684 | C18: 137.94719 | D18: 138.66055 | E18: 140.03752 | F18: 141.0645
A19: Gross Loss Impact | B19: 1.8384507 | C19: 2.0356619 | D19: 2.2451501 | E19: 2.7851197 | F19: 3.1250191
A20: Recovery Impact | B20: 0.96038629 | C20: 6.9318211 | D20: 7.0053773 | E20: 8.4000971 | F20: 7.3710714
A21: LTV Impact | B21: 5.1960209 | C21: 6.1177325 | D21: 6.0139322 | E21: 6.2513677 | F21: 5.2804068
A22: RAGU Score | B22: 144.66326 | C22: 153.03241 | D22: 153.92501 | E22: 157.4741 | F22: 156.84099
A23: Amount Financed | B23: 1.0977812e+08 | C23: 1.1799764e+08 | D23: 91351165 | E23: 72109323 | F23: 88330639
A25: FLD | B25: 2025Q1 | C25: 2025Q2 | D25: 2025Q3 | E25: 2025Q4 | F25: 2026Q1
A26: Model Score | B26: 136.70743 | C26: 138.3478 | D26: 138.1021 | E26: 138.94555 | F26: 140.97308
A27: Gross Loss Impact | B27: 2.4078901 | C27: 2.4910068 | D27: 3.0095789 | E27: 1.8551298 | F27: 2.3630141
A28: Recovery Impact | B28: -0.95127693 | C28: 0.73656265 | D28: 1.4219801 | E28: 1.7823428 | F28: 0.15574875
A29: LTV Impact | B29: 6.8924015 | C29: 6.379624 | D29: 6.3483888 | E29: 6.403564 | F29: 5.5330065
A30: RAGU Score | B30: 145.05644 | C30: 147.95499 | D30: 148.88204 | E30: 148.98659 | F30: 149.02485
A31: Amount Financed | B31: 43623019 | C31: 40763731 | D31: 43230820 | E31: 43342019 | F31: 51820832
A33: ENT | B33: 2025Q1 | C33: 2025Q2 | D33: 2025Q3 | E33: 2025Q4 | F33: 2026Q1
A34: Model Score | B34: 134.57148 | C34: 136.41792 | D34: 137.0063 | E34: 137.20721 | F34: 139.79761
A35: Gross Loss Impact | B35: -0.97599678 | C35: 0.20518067 | D35: 0.17963091 | E35: 1.0649609 | F35: 1.253817
A36: Recovery Impact | B36: 1.264732 | C36: 3.6984811 | D36: 3.7671272 | E36: 4.7206982 | F36: 3.7287009
A37: LTV Impact | B37: 1.5239216 | C37: 1.9256772 | D37: 1.8543655 | E37: 1.6965815 | F37: 1.5004209
A38: RAGU Score | B38: 136.38414 | C38: 142.24726 | D38: 142.80742 | E38: 144.68946 | F38: 146.28054
A39: Amount Financed | B39: 1.5118227e+08 | C39: 1.3025102e+08 | D39: 1.0868468e+08 | E39: 91451649 | F39: 85452589
A41: KMX | B41: 2025Q1 | C41: 2025Q2 | D41: 2025Q3 | E41: 2025Q4 | F41: 2026Q1
A42: Model Score | B42: 139.70877 | C42: 139.86672 | D42: 139.91791 | E42: 140.94205 | F42: 142.0348
A43: Gross Loss Impact | B43: -0.59293677 | C43: 1.0908332 | D43: 0.95995222 | E43: 0.99951176 | F43: 0.49224522
A44: Recovery Impact | B44: -1.037986 | C44: -0.039833427 | D44: 0.39669237 | E44: 0.69322784 | F44: 0.47533391
A45: LTV Impact | B45: -0.78475247 | C45: -0.3892245 | D45: -0.57494632 | E45: -0.30261364 | F45: 0.37818019
A46: RAGU Score | B46: 137.29309 | C46: 140.5285 | D46: 140.69961 | E46: 142.33218 | F46: 143.38056
A47: Amount Financed | B47: 4.4287568e+08 | C47: 3.864738e+08 | D47: 3.7939406e+08 | E47: 3.4188185e+08 | F47: 4.9372699e+08

Sheet Data Tables 4.11 w 2026.03
A1: AN | B1: 2023Q1 | C1: 2023Q2 | D1: 2023Q3 | E1: 2023Q4 | F1: 2024Q1 | G1: 2024Q2 | H1: 2024Q3 | I1: 2024Q4 | J1: 2025Q1 | K1: 2025Q2 | L1: 2025Q3 | M1: 2025Q4 | N1: 2026Q1
A2: Model Score | B2: 136.66305 | C2: 136.90907 | D2: 136.43849 | E2: 137.02135 | F2: 136.37212 | G2: 137.12198 | H2: 138.09052 | I2: 136.80136 | J2: 136.83702 | K2: 138.03382 | L2: 138.55808 | M2: 139.3761 | N2: 140.32273
A3: Gross Loss Impact | B3: 0.79430529 | C3: 1.2228347 | D3: 0.70121599 | E3: 0.83461733 | F3: 0.66242898 | G3: 1.1867832 | H3: 0.97810535 | I3: 1.1748893 | J3: 1.4592694 | K3: 2.4660669 | L3: 2.9266817 | M3: 2.9196016 | N3: 3.1264617 | P3: min | Q3: max | R3: median | T3: min | U3: max | V3: median
A4: Recovery Impact | B4: -2.9848537 | C4: 0.73079915 | D4: 0.50649152 | E4: 0.70162286 | F4: 1.0849584 | G4: 1.7270139 | H4: 2.5802926 | I4: 3.3144658 | J4: 2.9986076 | K4: 3.7521851 | L4: 5.0310015 | M4: 5.1855907 | N4: 4.6060866 | P4: =MIN(B4:N4) -> -2.9848537 | Q4: =MAX(B4:N4) -> 5.1855907 | R4: =MEDIAN(B4:N4) -> 2.5802926 | T4: -1.7417311 | U4: 1.8234979 | V4: -0.63328552
A5: LTV Impact | B5: 1.0308964 | C5: 2.1864175 | D5: 2.6853372 | E5: 2.2655042 | F5: 1.9809853 | G5: 2.5839081 | H5: 3.6768333 | I5: 3.3758984 | J5: 3.5105078 | K5: 4.0123013 | L5: 3.9623091 | M5: 4.2365577 | N5: 4.2907346
A6: RAGU Score | B6: 135.50339 | C6: 141.04912 | D6: 140.33154 | E6: 140.8231 | F6: 140.10049 | G6: 142.61969 | H6: 145.32575 | I6: 144.66661 | J6: 144.80541 | K6: 148.26437 | L6: 150.47807 | M6: 151.71785 | N6: 152.34601
A7: Amount Financed | B7: 16458456 | C7: 16463632 | D7: 23500225 | E7: 26931895 | F7: 45403667 | G7: 43850753 | H7: 30886831 | I7: 32083493 | J7: 56035847 | K7: 58135224 | L7: 51413759 | M7: 39424320 | N7: 44425981
A9: FRN | B9: 2023Q1 | C9: 2023Q2 | D9: 2023Q3 | E9: 2023Q4 | F9: 2024Q1 | G9: 2024Q2 | H9: 2024Q3 | I9: 2024Q4 | J9: 2025Q1 | K9: 2025Q2 | L9: 2025Q3 | M9: 2025Q4 | N9: 2026Q1
A10: Model Score | B10: 141.27719 | C10: 140.58734 | D10: 140.72103 | E10: 139.02514 | F10: 138.13163 | G10: 140.17356 | H10: 141.55375 | I10: 139.97097 | J10: 139.83315 | K10: 140.63434 | L10: 140.96388 | M10: 141.85749 | N10: 142.76345
A11: Gross Loss Impact | B11: 0.93883725 | C11: 1.5645409 | D11: 1.6212334 | E11: 0.89293024 | F11: -0.19717966 | G11: 0.30351544 | H11: 0.75919793 | I11: 0.53146185 | J11: 0.66791062 | K11: 1.2781424 | L11: 1.7965359 | M11: 2.7808561 | N11: 2.864459 | P11: min | Q11: max | R11: median | T11: min | U11: max | V11: median
A12: Recovery Impact | B12: -4.9220993 | C12: -1.8392483 | D12: -1.9973601 | E12: -2.0118069 | F12: -2.0892329 | G12: -1.6342591 | H12: -1.0680761 | I12: 0.4432875 | J12: 0.61491988 | K12: 0.89891578 | L12: 1.4860074 | M12: 2.8270298 | N12: 1.680688 | P12: =MIN(B12:N12) -> -4.9220993 | Q12: =MAX(B12:N12) -> 2.8270298 | R12: =MEDIAN(B12:N12) -> -1.0680761 | T12: -1.4790928 | U12: 1.5113807 | V12: -0.63836717
A13: LTV Impact | B13: 2.0189747 | C13: 4.3841687 | D13: 4.9985486 | E13: 5.5431078 | F13: 5.2172381 | G13: 5.325127 | H13: 5.1180785 | I13: 5.194937 | J13: 5.1637783 | K13: 6.0870205 | L13: 6.1325937 | M13: 6.2050212 | N13: 5.1768449
A14: RAGU Score | B14: 139.3129 | C14: 144.6968 | D14: 145.34345 | E14: 143.44937 | F14: 141.06246 | G14: 144.16795 | H14: 146.36295 | I14: 146.14066 | J14: 146.27976 | K14: 148.89841 | L14: 150.37902 | M14: 153.6704 | N14: 152.48545
A15: Amount Financed | B15: 19516867 | C15: 25449449 | D15: 43555600 | E15: 75034894 | F15: 1.3153381e+08 | G15: 1.4720729e+08 | H15: 1.0885061e+08 | I15: 1.193191e+08 | J15: 1.7489509e+08 | K15: 1.7780391e+08 | L15: 1.5110941e+08 | M15: 1.1798551e+08 | N15: 1.3358561e+08
A17: STG | B17: 2023Q1 | C17: 2023Q2 | D17: 2023Q3 | E17: 2023Q4 | F17: 2024Q1 | G17: 2024Q2 | H17: 2024Q3 | I17: 2024Q4 | J17: 2025Q1 | K17: 2025Q2 | L17: 2025Q3 | M17: 2025Q4 | N17: 2026Q1
A18: Model Score | B18: 139.23035 | C18: 137.71584 | D18: 138.53984 | E18: 137.48747 | F18: 136.76023 | G18: 137.47802 | H18: 138.54354 | I18: 137.20905 | J18: 136.6684 | K18: 137.94719 | L18: 138.66055 | M18: 140.03752 | N18: 141.06501
A19: Gross Loss Impact | B19: 0.26065132 | C19: 0.32381303 | D19: 1.4742954 | E19: 1.2647051 | F19: 1.0139279 | G19: 2.0228001 | H19: 2.2786498 | I19: 2.0632355 | J19: 1.8384507 | K19: 2.0356619 | L19: 2.2451501 | M19: 2.7851197 | N19: 3.1250191 | P19: min | Q19: max | R19: median | T19: min | U19: max | V19: median
A20: Recovery Impact | B20: -2.688227 | C20: 2.1684909 | D20: 2.1206596 | E20: 2.8922029 | F20: 2.4242445 | G20: 3.889594 | H20: 4.9265079 | I20: 6.297618 | J20: 6.0332624 | K20: 6.9318211 | L20: 7.0053773 | M20: 8.4000971 | N20: 7.3710977 | P20: =MIN(B20:N20) -> -2.688227 | Q20: =MAX(B20:N20) -> 8.4000971 | R20: =MEDIAN(B20:N20) -> 4.9265079 | T20: -1.6674839 | U20: 1.6772277 | V20: -0.66741054
A21: LTV Impact | B21: 5.2899301 | C21: 4.7284571 | D21: 6.1030936 | E21: 6.0472779 | F21: 4.5534902 | G21: 5.1296802 | H21: 5.6885276 | I21: 5.5260175 | J21: 5.1850443 | K21: 6.1149811 | L21: 6.0340236 | M21: 6.2704413 | N21: 5.2729428
A22: RAGU Score | B22: 142.0927 | C22: 144.9366 | D22: 148.23788 | E22: 147.69166 | F22: 144.7519 | G22: 148.5201 | H22: 151.43722 | I22: 151.09592 | J22: 149.72516 | K22: 153.02966 | L22: 153.9451 | M22: 157.49318 | N22: 156.83407
A23: Amount Financed | B23: 12649519 | C23: 16219660 | D23: 28909162 | E23: 44296437 | F23: 68656688 | G23: 95026795 | H23: 69497795 | I23: 70683017 | J23: 1.0977812e+08 | K23: 1.1799764e+08 | L23: 91351165 | M23: 72109323 | N23: 88330639
A25: FLD | B25: 2023Q1 | C25: 2023Q2 | D25: 2023Q3 | E25: 2023Q4 | F25: 2024Q1 | G25: 2024Q2 | H25: 2024Q3 | I25: 2024Q4 | J25: 2025Q1 | K25: 2025Q2 | L25: 2025Q3 | M25: 2025Q4 | N25: 2026Q1
A26: Model Score | B26: 141.32316 | C26: 138.86319 | D26: 137.95666 | E26: 139.5662 | F26: 138.5244 | G26: 138.40978 | H26: 140.36331 | I26: 138.38769 | J26: 136.70743 | K26: 138.3478 | L26: 138.1021 | M26: 138.94555 | N26: 140.97137
A27: Gross Loss Impact | B27: 1.1637723 | C27: 0.76651233 | D27: 1.0512261 | E27: 1.3906266 | F27: 1.5536976 | G27: 2.4436111 | H27: 3.2853416 | I27: 2.9736339 | J27: 2.4078901 | K27: 2.4910068 | L27: 3.0095789 | M27: 1.8551298 | N27: 2.3630141 | P27: min | Q27: max | R27: median | T27: min | U27: max | V27: median
A28: Recovery Impact | B28: -3.2078341 | C28: -1.5281489 | D28: -1.2202241 | E28: -0.44368025 | F28: -1.1238938 | G28: -1.0550281 | H28: -0.95167146 | I28: 1.174399 | J28: 1.4724263 | K28: 0.73656265 | L28: 1.4219801 | M28: 1.7823428 | N28: 0.15574689 | P28: =MIN(B28:N28) -> -3.2078341 | Q28: =MAX(B28:N28) -> 1.7823428 | R28: =MEDIAN(B28:N28) -> -0.44368025 | T28: -1.5799359 | U28: 1.7099785 | V28: -0.46079243
A29: LTV Impact | B29: 8.8983727 | C29: 8.230573 | D29: 9.0487813 | E29: 8.6785147 | F29: 6.8544059 | G29: 7.1662458 | H29: 7.499061 | I29: 7.6057062 | J29: 6.8955327 | K29: 6.3734139 | L29: 6.3511655 | M29: 6.3942946 | N29: 5.5175147
A30: RAGU Score | B30: 148.17747 | C30: 146.33213 | D30: 146.83644 | E30: 149.19166 | F30: 145.80861 | G30: 146.96461 | H30: 150.19604 | I30: 150.14143 | J30: 147.48328 | K30: 147.94878 | L30: 148.88482 | M30: 148.97732 | N30: 149.00765
A31: Amount Financed | B31: 6626495.2 | C31: 9268286.4 | D31: 15549122 | E31: 15000070 | F31: 27235117 | G31: 35792720 | H31: 21813473 | I31: 21252328 | J31: 43623019 | K31: 40763731 | L31: 43230820 | M31: 43342019 | N31: 51820832
A33: ENT | B33: 2023Q1 | C33: 2023Q2 | D33: 2023Q3 | E33: 2023Q4 | F33: 2024Q1 | G33: 2024Q2 | H33: 2024Q3 | I33: 2024Q4 | J33: 2025Q1 | K33: 2025Q2 | L33: 2025Q3 | M33: 2025Q4 | N33: 2026Q1
A34: Model Score | B34: 132.73385 | C34: 133.4422 | D34: 133.76755 | E34: 135.31367 | F34: 136.17456 | G34: 136.8171 | H34: 136.69241 | I34: 134.94875 | J34: 134.57148 | K34: 136.41792 | L34: 137.0063 | M34: 137.20721 | N34: 139.79701
A35: Gross Loss Impact | B35: -1.7516348 | C35: -1.0557538 | D35: -0.70981925 | E35: 0.45637312 | F35: -0.59196155 | G35: -0.32963785 | H35: -0.49424107 | I35: -0.28560818 | J35: -0.97599678 | K35: 0.20518067 | L35: 0.17963091 | M35: 1.0649609 | N35: 1.253817 | P35: min | Q35: max | R35: median | T35: min | U35: max | V35: median
A36: Recovery Impact | B36: -4.7677137 | C36: -1.4900515 | D36: -1.2755417 | E36: -0.61558116 | F36: -1.2088626 | G36: -0.70766037 | H36: 0.25203213 | I36: 3.1488128 | J36: 4.7744382 | K36: 3.6984811 | L36: 3.7671272 | M36: 4.7206982 | N36: 3.7286851 | P36: =MIN(B36:N36) -> -4.7677137 | Q36: =MAX(B36:N36) -> 4.7744382 | R36: =MEDIAN(B36:N36) -> 0.25203213 | T36: -4.0226523 | U36: 1.1634511 | V36: -2.3887581
A37: LTV Impact | B37: 0.8321979 | C37: 1.5084775 | D37: 2.6129305 | E37: 1.8430428 | F37: 1.7186819 | G37: 1.9600693 | H37: 1.7562784 | I37: 1.3250844 | J37: 1.5208272 | K37: 1.9228153 | L37: 1.849458 | M37: 1.6961533 | N37: 1.5047039
A38: RAGU Score | B38: 127.0467 | C38: 132.40487 | D38: 134.39512 | E38: 136.9975 | F38: 136.09242 | G38: 137.73987 | H38: 138.20648 | I38: 139.13704 | J38: 139.89075 | K38: 142.2444 | L38: 142.80251 | M38: 144.68903 | N38: 146.28421
A39: Amount Financed | B39: 68700874 | C39: 60708658 | D39: 74303784 | E39: 77788703 | F39: 1.1559325e+08 | G39: 1.0192745e+08 | H39: 81167791 | I39: 92147129 | J39: 1.5118227e+08 | K39: 1.3025102e+08 | L39: 1.0868468e+08 | M39: 91451649 | N39: 85452589
A41: KMX | B41: 2023Q1 | C41: 2023Q2 | D41: 2023Q3 | E41: 2023Q4 | F41: 2024Q1 | G41: 2024Q2 | H41: 2024Q3 | I41: 2024Q4 | J41: 2025Q1 | K41: 2025Q2 | L41: 2025Q3 | M41: 2025Q4 | N41: 2026Q1
A42: Model Score | B42: 140.09672 | C42: 140.65864 | D42: 140.50459 | E42: 140.56078 | F42: 139.56825 | G42: 140.43212 | H42: 139.88511 | I42: 139.76782 | J42: 139.70877 | K42: 139.86672 | L42: 139.91791 | M42: 140.94205 | N42: 142.03467
A43: Gross Loss Impact | B43: 1.1464497 | C43: 1.3458962 | D43: 1.4972886 | E43: 1.7526689 | F43: 1.326646 | G43: 2.2203145 | H43: 1.9527827 | I43: 0.753536 | J43: -0.59293677 | K43: 1.0908332 | L43: 0.95995222 | M43: 0.99951176 | N43: 0.49224522 | P43: min | Q43: max | R43: median | T43: min | U43: max | V43: median
A44: Recovery Impact | B44: -2.0720902 | C44: -0.96755337 | D44: -1.0146126 | E44: -0.11323989 | F44: -0.23559879 | G44: 0.090456386 | H44: -0.54232293 | I44: -0.68396125 | J44: -0.69812196 | K44: -0.039833427 | L44: 0.39669237 | M44: 0.69322784 | N44: 0.47533349 | P44: =MIN(B44:N44) -> -2.0720902 | Q44: =MAX(B44:N44) -> 0.69322784 | R44: =MEDIAN(B44:N44) -> -0.23559879 | T44: -4.1776837 | U44: -2.7544481 | V44: -3.6143435
A45: LTV Impact | B45: -2.7379575 | C45: -1.4499553 | D45: -3.7778572 | E45: -4.9484114 | F45: -4.153578 | G45: -1.0146213 | H45: -1.6180761 | I45: -1.560277 | J45: -0.78475247 | K45: -0.3892245 | L45: -0.57494632 | M45: -0.30261364 | N45: 0.37818019
A46: RAGU Score | B46: 136.43312 | C46: 139.58703 | D46: 137.20941 | E46: 137.2518 | F46: 136.50572 | G46: 141.72827 | H46: 139.6775 | I46: 138.27712 | J46: 137.63296 | K46: 140.5285 | L46: 140.69961 | M46: 142.33218 | N46: 143.38043
A47: Amount Financed | B47: 2.5987897e+08 | C47: 2.5788898e+08 | D47: 1.4617214e+08 | E47: 1.249411e+08 | F47: 3.9029559e+08 | G47: 3.2619245e+08 | H47: 3.013666e+08 | I47: 2.8843672e+08 | J47: 4.4287568e+08 | K47: 3.864738e+08 | L47: 3.7939406e+08 | M47: 3.4188185e+08 | N47: 4.9372699e+08

Sheet Sheet1

Sheet Tuesday pre update
A1: AN | B1: 2020Q1 | C1: 2020Q2 | D1: 2020Q3 | E1: 2020Q4 | F1: 2021Q1 | G1: 2021Q2 | H1: 2021Q3 | I1: 2021Q4 | J1: 2022Q1 | K1: 2022Q2 | L1: 2022Q3 | M1: 2022Q4 | N1: 2023Q1 | O1: 2023Q2 | P1: 2023Q3 | Q1: 2023Q4 | R1: 2024Q1 | S1: 2024Q2 | T1: 2024Q3 | U1: 2024Q4 | V1: 2025Q1 | W1: 2025Q2 | X1: 2025Q3 | Y1: 2025Q4 | Z1: 2026Q1
A2: Model Score | B2: 131.79764 | C2: 133.71059 | D2: 135.28557 | E2: 135.79608 | F2: 134.60179 | G2: 135.14257 | H2: 135.36265 | I2: 134.41538 | J2: 134.0686 | K2: 135.89246 | L2: 136.14781 | M2: 136.75155 | N2: 136.66305 | O2: 136.90907 | P2: 136.43849 | Q2: 137.02135 | R2: 136.37212 | S2: 137.12198 | T2: 138.09052 | U2: 136.80136 | V2: 136.83702 | W2: 138.03382 | X2: 138.55808 | Y2: 139.3761 | Z2: 140.32273
A3: Gross Loss Impact | B3: 1.4123341 | C3: 1.3083797 | D3: 0.58221869 | E3: 1.0822147 | F3: 1.3206171 | G3: 1.3559535 | H3: 1.3112364 | I3: 1.2138028 | J3: 1.6338939 | K3: 1.3966256 | L3: 1.2658425 | M3: 1.2408405 | N3: 0.79430529 | O3: 1.2228347 | P3: 0.70121599 | Q3: 0.83461733 | R3: 0.66242898 | S3: 1.1867832 | T3: 0.97810535 | U3: 1.1748893 | V3: 1.4592694 | W3: 2.4660669 | X3: 2.9266817 | Y3: 2.9196016 | Z3: 3.1264617
A4: Recovery Impact | B4: -2.4514321 | C4: 0.98657946 | D4: 1.808706 | E4: 2.7851906 | F4: 2.4660621 | G4: 2.3155747 | H4: 2.1051425 | I4: 1.2654937 | J4: 0.43508736 | K4: 0.42877399 | L4: -0.089139796 | M4: 0.6144671 | N4: 0.51713072 | O4: 0.73079915 | P4: 0.50649152 | Q4: 0.70162286 | R4: 1.0849584 | S4: 1.7270139 | T4: 2.5802926 | U4: 3.3144658 | V4: 2.9986076 | W4: 3.7521851 | X4: 5.0310015 | Y4: 5.1855907 | Z4: 4.6060866 | AB4: =SUM(B4:Z4) -> 45.406752
A5: LTV Impact | B5: 0.32021301 | C5: -0.070917916 | D5: 2.6769921 | E5: 2.8146745 | F5: 2.4860692 | G5: 4.7262816 | H5: 3.7630294 | I5: 3.8101149 | J5: 3.360359 | K5: 2.1960056 | L5: 1.8106624 | M5: 1.1718822 | N5: 1.0276651 | O5: 2.1879571 | P5: 2.6993237 | Q5: 2.264352 | R5: 1.9797619 | S5: 2.570278 | T5: 3.6889343 | U5: 3.3814404 | V5: 3.5149782 | W5: 4.0152139 | X5: 3.9629671 | Y5: 4.2363311 | Z5: 4.2456907 | AB5: an 0.58
A6: RAGU Score | B6: 131.07875 | C6: 135.93463 | D6: 140.35349 | E6: 142.47816 | F6: 140.87454 | G6: 143.54038 | H6: 142.54206 | I6: 140.70479 | J6: 139.49794 | K6: 139.91387 | L6: 139.13517 | M6: 139.77874 | N6: 139.00215 | O6: 141.05066 | P6: 140.34552 | Q6: 140.82194 | R6: 140.09927 | S6: 142.60606 | T6: 145.33785 | U6: 144.67215 | V6: 144.80988 | W6: 148.26728 | X6: 150.47873 | Y6: 151.71762 | Z6: 152.30097
A7: Amount Financed | B7: 32266854 | C7: 27926177 | D7: 26788093 | E7: 22116684 | F7: 32796773 | G7: 39581723 | H7: 26574147 | I7: 23248978 | J7: 23682832 | K7: 23783044 | L7: 23891874 | M7: 16200639 | N7: 16458456 | O7: 16463632 | P7: 23500225 | Q7: 26931895 | R7: 45403667 | S7: 43850753 | T7: 30886831 | U7: 32083493 | V7: 56035847 | W7: 58135224 | X7: 51413759 | Y7: 39424320 | Z7: 44425981
A9: FRN | B9: 2020Q1 | C9: 2020Q2 | D9: 2020Q3 | E9: 2020Q4 | F9: 2021Q1 | G9: 2021Q2 | H9: 2021Q3 | I9: 2021Q4 | J9: 2022Q1 | K9: 2022Q2 | L9: 2022Q3 | M9: 2022Q4 | N9: 2023Q1 | O9: 2023Q2 | P9: 2023Q3 | Q9: 2023Q4 | R9: 2024Q1 | S9: 2024Q2 | T9: 2024Q3 | U9: 2024Q4 | V9: 2025Q1 | W9: 2025Q2 | X9: 2025Q3 | Y9: 2025Q4 | Z9: 2026Q1
A10: Model Score | B10: 131.13303 | C10: 132.90504 | D10: 133.93048 | E10: 132.80381 | F10: 135.44811 | G10: 135.18735 | H10: 134.94602 | I10: 132.89928 | J10: 134.06325 | K10: 136.81721 | L10: 138.00243 | M10: 139.77793 | N10: 141.27719 | O10: 140.58734 | P10: 140.72103 | Q10: 139.02514 | R10: 138.13163 | S10: 140.17356 | T10: 141.55375 | U10: 139.97097 | V10: 139.83315 | W10: 140.63434 | X10: 140.96388 | Y10: 141.85749 | Z10: 142.76345
A11: Gross Loss Impact | B11: 1.3091096 | C11: 1.5067007 | D11: 0.54845206 | E11: 0.003989095 | F11: 0.52413776 | G11: 0.89828531 | H11: 0.69221704 | I11: -0.39544921 | J11: -0.23544014 | K11: 0.72599632 | L11: 0.58262346 | M11: 0.31311591 | N11: 0.93883725 | O11: 1.5645409 | P11: 1.6212334 | Q11: 0.89293024 | R11: -0.19717966 | S11: 0.30351544 | T11: 0.75919793 | U11: 0.53146185 | V11: 0.66791062 | W11: 1.2781424 | X11: 1.7965359 | Y11: 2.7808561 | Z11: 2.864459
A12: Recovery Impact | B12: -3.6048283 | C12: -0.78962204 | D12: -0.77844743 | E12: 0.084521182 | F12: -0.075782755 | G12: -0.37799249 | H12: -0.6606889 | I12: -1.414302 | J12: -2.0683464 | K12: -2.0464475 | L12: -2.0952814 | M12: -1.9243729 | N12: -2.3016537 | O12: -1.8392483 | P12: -1.9973601 | Q12: -2.0118069 | R12: -2.0892329 | S12: -1.6342591 | T12: -1.0680761 | U12: 0.4432875 | V12: 0.61491988 | W12: 0.89891578 | X12: 1.4860074 | Y12: 2.8270298 | Z12: 1.680688 | AB12: =SUM(B12:Z12) -> -20.74238 | AD12: =AVERAGE(B12:Z12) -> -0.82969519
A13: LTV Impact | B13: 0.005931605 | C13: -0.034481418 | D13: 0.35517491 | E13: -0.76988123 | F13: 2.0027853 | G13: 4.7900758 | H13: 3.3955403 | I13: 2.5676579 | J13: 2.8705894 | K13: 2.7866514 | L13: 2.592053 | M13: 2.5719862 | N13: 2.0220452 | O13: 4.3912037 | P13: 4.9764424 | Q13: 5.5498603 | R13: 5.2207918 | S13: 5.3235721 | T13: 5.1205104 | U13: 5.1985275 | V13: 5.1678473 | W13: 6.0922448 | X13: 6.134501 | Y13: 6.2100175 | Z13: 5.1876329
A14: RAGU Score | B14: 128.84324 | C14: 133.58764 | D14: 134.05566 | E14: 132.12244 | F14: 137.89925 | G14: 140.49772 | H14: 138.37309 | I14: 133.65719 | J14: 134.63006 | K14: 138.28341 | L14: 139.08183 | M14: 140.73866 | N14: 141.93642 | O14: 144.70383 | P14: 145.32134 | Q14: 143.45613 | R14: 141.06601 | S14: 144.16639 | T14: 146.36538 | U14: 146.14425 | V14: 146.28383 | W14: 148.90364 | X14: 150.38093 | Y14: 153.67539 | Z14: 152.49623
A15: Amount Financed | B15: 25531954 | C15: 31709868 | D15: 39978116 | E15: 35518542 | F15: 48167717 | G15: 75307440 | H15: 65397089 | I15: 63739836 | J15: 61976868 | K15: 63221930 | L15: 57848125 | M15: 32090563 | N15: 19516867 | O15: 25449449 | P15: 43555600 | Q15: 75034894 | R15: 1.3153381e+08 | S15: 1.4720729e+08 | T15: 1.0885061e+08 | U15: 1.193191e+08 | V15: 1.7489509e+08 | W15: 1.7780391e+08 | X15: 1.5110941e+08 | Y15: 1.1798551e+08 | Z15: 1.3358561e+08
A17: STG | B17: 2020Q1 | C17: 2020Q2 | D17: 2020Q3 | E17: 2020Q4 | F17: 2021Q1 | G17: 2021Q2 | H17: 2021Q3 | I17: 2021Q4 | J17: 2022Q1 | K17: 2022Q2 | L17: 2022Q3 | M17: 2022Q4 | N17: 2023Q1 | O17: 2023Q2 | P17: 2023Q3 | Q17: 2023Q4 | R17: 2024Q1 | S17: 2024Q2 | T17: 2024Q3 | U17: 2024Q4 | V17: 2025Q1 | W17: 2025Q2 | X17: 2025Q3 | Y17: 2025Q4 | Z17: 2026Q1
A18: Model Score | B18: 130.0304 | C18: 133.13562 | D18: 135.5242 | E18: 135.28733 | F18: 135.28771 | G18: 135.49901 | H18: 135.05653 | I18: 133.65336 | J18: 134.55 | K18: 136.72731 | L18: 137.27114 | M18: 138.30195 | N18: 139.23035 | O18: 137.71584 | P18: 138.53984 | Q18: 137.48747 | R18: 136.76023 | S18: 137.47802 | T18: 138.54354 | U18: 137.20905 | V18: 136.6684 | W18: 137.94719 | X18: 138.66055 | Y18: 140.03752 | Z18: 141.06501
A19: Gross Loss Impact | B19: 0.62627011 | C19: 0.56124754 | D19: 0.90101305 | E19: 0.8428326 | F19: 1.6574384 | G19: 1.8158511 | H19: 1.5016646 | I19: 1.1834961 | J19: 0.56607344 | K19: 0.62303432 | L19: -0.014227399 | M19: 0.60880416 | N19: 0.26065132 | O19: 0.32381303 | P19: 1.4742954 | Q19: 1.2647051 | R19: 1.0139279 | S19: 2.0228001 | T19: 2.2786498 | U19: 2.0632355 | V19: 1.8384507 | W19: 2.0356619 | X19: 2.2451501 | Y19: 2.7851197 | Z19: 3.1250191
A20: Recovery Impact | B20: -2.6458149 | C20: 2.1108374 | D20: 2.585472 | E20: 3.1187864 | F20: 2.849427 | G20: 3.071873 | H20: 2.8504742 | I20: 2.6850989 | J20: 2.2836814 | K20: 2.3512907 | L20: 2.1155803 | M20: 2.4447008 | N20: 2.5491565 | O20: 2.1684909 | P20: 2.1206596 | Q20: 2.8922029 | R20: 2.4242445 | S20: 3.889594 | T20: 4.9265079 | U20: 6.297618 | V20: 6.0332624 | W20: 6.9318211 | X20: 7.0053773 | Y20: 8.4000971 | Z20: 7.3710977 | AB20: =SUM(B20:Z20) -> 88.831537
A21: LTV Impact | B21: -1.1582124 | C21: -1.3541019 | D21: 1.1090266 | E21: 1.2784781 | F21: 2.3988855 | G21: 3.9963241 | H21: 3.6940641 | I21: 3.3658538 | J21: 3.9793425 | K21: 4.7102304 | L21: 4.4600932 | M21: 5.2540634 | N21: 5.2899301 | O21: 4.7413791 | P21: 6.0904158 | Q21: 6.0470955 | R21: 4.5395111 | S21: 5.1117876 | T21: 5.6793691 | U21: 5.527291 | V21: 5.192819 | W21: 6.1207242 | X21: 6.0125173 | Y21: 6.2508555 | Z21: 5.2677365 | AB21: stg 0.59
A22: RAGU Score | B22: 126.85264 | C22: 134.4536 | D22: 140.11971 | E22: 140.52742 | F22: 142.19347 | G22: 144.38305 | H22: 143.10273 | I22: 140.88781 | J22: 141.3791 | K22: 144.41187 | L22: 143.83259 | M22: 146.60952 | N22: 147.33008 | O22: 144.94952 | P22: 148.22521 | Q22: 147.69148 | R22: 144.73792 | S22: 148.50221 | T22: 151.42806 | U22: 151.09719 | V22: 149.73293 | W22: 153.0354 | X22: 153.92359 | Y22: 157.47359 | Z22: 156.82887
A23: Amount Financed | B23: 73703014 | C23: 59571429 | D23: 59037002 | E23: 44041841 | F23: 63199503 | G23: 82590816 | H23: 66553012 | I23: 59034424 | J23: 54953361 | K23: 54791982 | L23: 38420665 | M23: 21163298 | N23: 12649519 | O23: 16219660 | P23: 28909162 | Q23: 44296437 | R23: 68656688 | S23: 95026795 | T23: 69497795 | U23: 70683017 | V23: 1.0977812e+08 | W23: 1.1799764e+08 | X23: 91351165 | Y23: 72109323 | Z23: 88330639
A25: FLD | B25: 2020Q1 | C25: 2020Q2 | D25: 2020Q3 | E25: 2020Q4 | F25: 2021Q1 | G25: 2021Q2 | H25: 2021Q3 | I25: 2021Q4 | J25: 2022Q1 | K25: 2022Q2 | L25: 2022Q3 | M25: 2022Q4 | N25: 2023Q1 | O25: 2023Q2 | P25: 2023Q3 | Q25: 2023Q4 | R25: 2024Q1 | S25: 2024Q2 | T25: 2024Q3 | U25: 2024Q4 | V25: 2025Q1 | W25: 2025Q2 | X25: 2025Q3 | Y25: 2025Q4 | Z25: 2026Q1
A26: Model Score | B26: 131.95039 | C26: 135.66547 | D26: 137.78086 | E26: 140.37625 | F26: 136.75685 | G26: 136.18261 | H26: 135.63105 | I26: 134.62935 | J26: 134.17392 | K26: 135.83718 | L26: 136.96375 | M26: 138.77228 | N26: 141.32316 | O26: 138.86319 | P26: 137.95666 | Q26: 139.5662 | R26: 138.5244 | S26: 138.40978 | T26: 140.36331 | U26: 138.38769 | V26: 136.70743 | W26: 138.3478 | X26: 138.1021 | Y26: 138.94555 | Z26: 140.97137
A27: Gross Loss Impact | B27: -1.7103216 | C27: -1.3620012 | D27: -0.82270063 | E27: 0.67937377 | F27: 1.8207974 | G27: -0.22282408 | H27: -0.34270651 | I27: 0.75425033 | J27: 0.49117725 | K27: 0.57506675 | L27: 0.94006829 | M27: 0.98133634 | N27: 1.1637723 | O27: 0.76651233 | P27: 1.0512261 | Q27: 1.3906266 | R27: 1.5536976 | S27: 2.4436111 | T27: 3.2853416 | U27: 2.9736339 | V27: 2.4078901 | W27: 2.4910068 | X27: 3.0095789 | Y27: 1.8551298 | Z27: 2.3630141
A28: Recovery Impact | B28: -4.3032782 | C28: -1.5599149 | D28: -1.0053832 | E28: -0.51334414 | F28: -0.19125679 | G28: -0.66445052 | H28: -0.82410923 | I28: -0.87148146 | J28: -1.3073873 | K28: -2.3379041 | L28: -1.9260093 | M28: -1.7707431 | N28: -1.044765 | O28: -1.5281489 | P28: -1.2202241 | Q28: -0.44368025 | R28: -1.1238938 | S28: -1.0550281 | T28: -0.95167146 | U28: 1.174399 | V28: 1.4724263 | W28: 0.73656265 | X28: 1.4219801 | Y28: 1.7823428 | Z28: 0.15574689 | AB28: =SUM(B28:Z28) -> -17.899216
A29: LTV Impact | B29: 6.1906738 | C29: 7.033144 | D29: 9.9701976 | E29: 8.984948 | F29: 7.7462435 | G29: 9.7550706 | H29: 8.8309165 | I29: 7.7046526 | J29: 7.5704855 | K29: 7.7050467 | L29: 7.9561857 | M29: 7.9120134 | N29: 8.8983727 | O29: 8.230573 | P29: 9.0487813 | Q29: 8.6819608 | R29: 6.8460323 | S29: 7.1632998 | T29: 7.5084642 | U29: 7.6155559 | V29: 6.8878558 | W29: 6.3813712 | X29: 6.3602823 | Y29: 6.3920334 | Z29: 5.5249811
A30: RAGU Score | B30: 132.12746 | C30: 139.7767 | D30: 145.92297 | E30: 149.52723 | F30: 146.13263 | G30: 145.05041 | H30: 143.29515 | I30: 142.21677 | J30: 140.9282 | K30: 141.77939 | L30: 143.934 | M30: 145.89489 | N30: 150.34054 | O30: 146.33213 | P30: 146.83644 | Q30: 149.19511 | R30: 145.80024 | S30: 146.96166 | T30: 150.20544 | U30: 150.15127 | V30: 147.4756 | W30: 147.95674 | X30: 148.89394 | Y30: 148.97506 | Z30: 149.01512
A31: Amount Financed | B31: 29567896 | C31: 20452730 | D31: 18615601 | E31: 8943877.4 | F31: 15181236 | G31: 31017456 | H31: 26185058 | I31: 18912869 | J31: 20022958 | K31: 18264458 | L31: 16133338 | M31: 9991541.6 | N31: 6626495.2 | O31: 9268286.4 | P31: 15549122 | Q31: 15000070 | R31: 27235117 | S31: 35792720 | T31: 21813473 | U31: 21252328 | V31: 43623019 | W31: 40763731 | X31: 43230820 | Y31: 43342019 | Z31: 51820832
A33: ENT | B33: 2020Q1 | C33: 2020Q2 | D33: 2020Q3 | E33: 2020Q4 | F33: 2021Q1 | G33: 2021Q2 | H33: 2021Q3 | I33: 2021Q4 | J33: 2022Q1 | K33: 2022Q2 | L33: 2022Q3 | M33: 2022Q4 | N33: 2023Q1 | O33: 2023Q2 | P33: 2023Q3 | Q33: 2023Q4 | R33: 2024Q1 | S33: 2024Q2 | T33: 2024Q3 | U33: 2024Q4 | V33: 2025Q1 | W33: 2025Q2 | X33: 2025Q3 | Y33: 2025Q4 | Z33: 2026Q1
A34: Model Score | B34: 132.38307 | C34: 133.22864 | D34: 136.30166 | E34: 135.38242 | F34: 133.8357 | G34: 131.8749 | H34: 131.13569 | I34: 129.4723 | J34: 129.34473 | K34: 131.45349 | L34: 131.71553 | M34: 131.25851 | N34: 132.73385 | O34: 133.4422 | P34: 133.76755 | Q34: 135.31367 | R34: 136.17456 | S34: 136.8171 | T34: 136.69241 | U34: 134.94875 | V34: 134.57148 | W34: 136.41792 | X34: 137.0063 | Y34: 137.20721 | Z34: 139.79701
A35: Gross Loss Impact | B35: 0.53733727 | C35: 0.6114489 | D35: 0.32319334 | E35: -0.89774632 | F35: -0.38175502 | G35: -0.59152797 | H35: -0.80097815 | I35: -0.57952409 | J35: -0.12187674 | K35: -0.57677921 | L35: -1.5631581 | M35: -1.3928785 | N35: -1.7516348 | O35: -1.0557538 | P35: -0.70981925 | Q35: 0.45637312 | R35: -0.59196155 | S35: -0.32963785 | T35: -0.49424107 | U35: -0.28560818 | V35: -0.97599678 | W35: 0.20518067 | X35: 0.17963091 | Y35: 1.0649609 | Z35: 1.253817
A36: Recovery Impact | B36: -3.9307629 | C36: -0.25069821 | D36: 0.14289629 | E36: -0.027361975 | F36: 0.017026104 | G36: 0.51253643 | H36: -0.11644237 | I36: -0.11122887 | J36: -1.0228987 | K36: -1.3067084 | L36: -2.057985 | M36: -2.232186 | N36: -1.9845435 | O36: -1.4900515 | P36: -1.2755417 | Q36: -0.61558116 | R36: -1.2088626 | S36: -0.70766037 | T36: 0.25203213 | U36: 3.1488128 | V36: 4.7744382 | W36: 3.6984811 | X36: 3.7671272 | Y36: 4.7206982 | Z36: 3.7286851 | AB36: =SUM(B36:Z36) -> 6.42422
A37: LTV Impact | B37: -0.24472003 | C37: 0.017169529 | D37: 2.4251611 | E37: 0.99700454 | F37: 1.1369996 | G37: 2.5388218 | H37: 1.380676 | I37: 0.92912006 | J37: 0.6757613 | K37: 1.3187452 | L37: 2.068208 | M37: 1.2921666 | N37: 0.82799358 | O37: 1.5069353 | P37: 2.6181359 | Q37: 1.8484917 | R37: 1.7176199 | S37: 1.9598258 | T37: 1.7512953 | U37: 1.3253912 | V37: 1.5194288 | W37: 1.9231596 | X37: 1.8526625 | Y37: 1.6923192 | Z37: 1.4996249
A38: RAGU Score | B38: 128.74492 | C38: 133.60656 | D38: 139.19291 | E38: 135.45432 | F38: 134.60797 | G38: 134.33473 | H38: 131.59895 | I38: 129.71067 | J38: 128.87571 | K38: 130.88874 | L38: 130.1626 | M38: 128.92562 | N38: 129.82566 | O38: 132.40333 | P38: 134.40033 | Q38: 137.00295 | R38: 136.09136 | S38: 137.73963 | T38: 138.2015 | U38: 139.13735 | V38: 139.88935 | W38: 142.24474 | X38: 142.80572 | Y38: 144.68519 | Z38: 146.27913
A39: Amount Financed | B39: 43044124 | C39: 47390260 | D39: 47951627 | E39: 49971994 | F39: 91023827 | G39: 1.2866688e+08 | H39: 96920596 | I39: 74050277 | J39: 76165797 | K39: 68689508 | L39: 57582675 | M39: 65211671 | N39: 68700874 | O39: 60708658 | P39: 74303784 | Q39: 77788703 | R39: 1.1559325e+08 | S39: 1.0192745e+08 | T39: 81167791 | U39: 92147129 | V39: 1.5118227e+08 | W39: 1.3025102e+08 | X39: 1.0868468e+08 | Y39: 91451649 | Z39: 85452589
A41: KMX | B41: 2020Q1 | C41: 2020Q2 | D41: 2020Q3 | E41: 2020Q4 | F41: 2021Q1 | G41: 2021Q2 | H41: 2021Q3 | I41: 2021Q4 | J41: 2022Q1 | K41: 2022Q2 | L41: 2022Q3 | M41: 2022Q4 | N41: 2023Q1 | O41: 2023Q2 | P41: 2023Q3 | Q41: 2023Q4 | R41: 2024Q1 | S41: 2024Q2 | T41: 2024Q3 | U41: 2024Q4 | V41: 2025Q1 | W41: 2025Q2 | X41: 2025Q3 | Y41: 2025Q4 | Z41: 2026Q1
A42: Model Score | B42: 135.86332 | C42: 138.37204 | D42: 138.7895 | E42: 136.9589 | F42: 135.46433 | G42: 135.73801 | H42: 134.50372 | I42: 133.19297 | J42: 133.26474 | K42: 134.70115 | L42: 136.05827 | M42: 138.3337 | N42: 140.09672 | O42: 140.65864 | P42: 140.50459 | Q42: 140.56078 | R42: 139.56825 | S42: 140.43212 | T42: 139.88511 | U42: 139.76782 | V42: 139.70877 | W42: 139.86672 | X42: 139.91791 | Y42: 140.94205 | Z42: 142.03467
A43: Gross Loss Impact | B43: 4.4892787 | C43: 4.5519791 | D43: 4.4080581 | E43: 4.0588062 | F43: 3.8414426 | G43: 3.6205957 | H43: 3.4856848 | I43: 3.1667831 | J43: 2.9133542 | K43: 2.0561578 | L43: 1.2337811 | M43: 1.3869179 | N43: 1.1464497 | O43: 1.3458962 | P43: 1.4972886 | Q43: 1.7526689 | R43: 1.326646 | S43: 2.2203145 | T43: 1.9527827 | U43: 0.753536 | V43: -0.59293677 | W43: 1.0908332 | X43: 0.95995222 | Y43: 0.99951176 | Z43: 0.49224522
A44: Recovery Impact | B44: -0.49601595 | C44: 0.43110716 | D44: 0.024526483 | E44: 0.40477748 | F44: 0.49499963 | G44: 0.85579212 | H44: 1.707187 | I44: 0.80482788 | J44: 0.66193314 | K44: -0.020183635 | L44: -0.44628347 | M44: -0.57549412 | N44: -1.0508429 | O44: -0.96755337 | P44: -1.0146126 | Q44: -0.11323989 | R44: -0.23559879 | S44: 0.090456386 | T44: -0.54232293 | U44: -0.68396125 | V44: -0.69812196 | W44: -0.039833427 | X44: 0.39669237 | Y44: 0.69322784 | Z44: 0.47533349 | AB44: =SUM(B44:Z44) -> 0.15679663
A45: LTV Impact | B45: -1.8757568 | C45: -2.29347 | D45: -0.019059955 | E45: -2.1020657 | F45: 0.12072479 | G45: 2.7926839 | H45: 1.8064289 | I45: 1.6186275 | J45: -0.67399097 | K45: 0.54282026 | L45: -0.67404899 | M45: -2.4034512 | N45: -2.7379575 | O45: -1.4499553 | P45: -3.7778572 | Q45: -4.9484114 | R45: -4.153578 | S45: -1.0146213 | T45: -1.6180761 | U45: -1.560277 | V45: -0.78475247 | W45: -0.3892245 | X45: -0.57494632 | Y45: -0.30261364 | Z45: 0.37818019
A46: RAGU Score | B46: 137.98083 | C46: 141.06166 | D46: 143.20302 | E46: 139.32042 | F46: 139.92149 | G46: 143.00708 | H46: 141.50302 | I46: 138.78321 | J46: 136.16604 | K46: 137.27994 | L46: 136.17172 | M46: 136.74167 | N46: 137.45437 | O46: 139.58703 | P46: 137.20941 | Q46: 137.2518 | R46: 136.50572 | S46: 141.72827 | T46: 139.6775 | U46: 138.27712 | V46: 137.63296 | W46: 140.5285 | X46: 140.69961 | Y46: 142.33218 | Z46: 143.38043
A47: Amount Financed | B47: 2.4069656e+08 | C47: 2.1049129e+08 | D47: 2.7325585e+08 | E47: 2.3112236e+08 | F47: 3.6840063e+08 | G47: 3.7309886e+08 | H47: 3.4029236e+08 | I47: 2.876265e+08 | J47: 2.2166678e+08 | K47: 3.5575787e+08 | L47: 2.9429629e+08 | M47: 2.2282913e+08 | N47: 2.5987897e+08 | O47: 2.5788898e+08 | P47: 1.4617214e+08 | Q47: 1.249411e+08 | R47: 3.9029559e+08 | S47: 3.2619245e+08 | T47: 3.013666e+08 | U47: 2.8843672e+08 | V47: 4.4287568e+08 | W47: 3.864738e+08 | X47: 3.7939406e+08 | Y47: 3.4188185e+08 | Z47: 4.9372699e+08

Sheet AN STG update
A1: AN | B1: 2020Q1 | C1: 2020Q2 | D1: 2020Q3 | E1: 2020Q4 | F1: 2021Q1 | G1: 2021Q2 | H1: 2021Q3 | I1: 2021Q4 | J1: 2022Q1 | K1: 2022Q2 | L1: 2022Q3 | M1: 2022Q4 | N1: 2023Q1 | O1: 2023Q2 | P1: 2023Q3 | Q1: 2023Q4 | R1: 2024Q1 | S1: 2024Q2 | T1: 2024Q3 | U1: 2024Q4 | V1: 2025Q1 | W1: 2025Q2 | X1: 2025Q3 | Y1: 2025Q4 | Z1: 2026Q1
A2: Model Score | B2: 131.79764 | C2: 133.71059 | D2: 135.28557 | E2: 135.79608 | F2: 134.60179 | G2: 135.14257 | H2: 135.36265 | I2: 134.41538 | J2: 134.0686 | K2: 135.89246 | L2: 136.14781 | M2: 136.75155 | N2: 136.66305 | O2: 136.90907 | P2: 136.43849 | Q2: 137.02135 | R2: 136.37212 | S2: 137.12198 | T2: 138.09052 | U2: 136.80136 | V2: 136.83702 | W2: 138.03382 | X2: 138.55808 | Y2: 139.3761 | Z2: 140.32252
A3: Gross Loss Impact | B3: 1.4123341 | C3: 1.3083797 | D3: 0.58221869 | E3: 1.0822147 | F3: 1.3206171 | G3: 1.3559535 | H3: 1.3112364 | I3: 1.2138028 | J3: 1.6338939 | K3: 1.3966256 | L3: 1.2658425 | M3: 1.2408405 | N3: 0.79430529 | O3: 1.2228347 | P3: 0.70121599 | Q3: 0.83461733 | R3: 0.66242898 | S3: 1.1867832 | T3: 0.97810535 | U3: 1.1748893 | V3: 1.4592694 | W3: 2.4660669 | X3: 2.9266817 | Y3: 2.9196016 | Z3: 3.1264617
A4: Recovery Impact | B4: -4.0827771 | C4: -1.0347207 | D4: -0.30686664 | E4: 0.55941587 | F4: 0.2850331 | G4: 0.14105557 | H4: -0.051200749 | I4: -0.79254575 | J4: -1.5399162 | K4: -1.5681545 | L4: -2.0344982 | M4: -1.4114227 | N4: -1.4912217 | O4: -1.3089075 | P4: -1.4962556 | Q4: -1.3311932 | R4: -0.97494813 | S4: -0.41524089 | T4: 0.34319678 | U4: 1.0218165 | V4: 0.7318739 | W4: 1.3814262 | X4: 2.5250769 | Y4: 2.6535291 | Z4: 2.1119082 | AB4: =SUM(B4:Z4) -> -8.0855373
A5: LTV Impact | B5: 0.31983101 | C5: -0.082785909 | D5: 2.6679097 | E5: 2.821313 | F5: 2.4860692 | G5: 4.7258663 | H5: 3.7630294 | I5: 3.8101149 | J5: 3.3853108 | K5: 2.1960056 | L5: 1.8137663 | M5: 1.1718822 | N5: 1.0276651 | O5: 2.2235981 | P5: 2.7051453 | Q5: 2.2674653 | R5: 1.9688516 | S5: 2.5759178 | T5: 3.6929731 | U5: 3.3719392 | V5: 3.5181266 | W5: 4.0242763 | X5: 3.9631258 | Y5: 4.2539685 | Z5: 4.2453454
A6: RAGU Score | B6: 129.44702 | C6: 133.90147 | D6: 138.22884 | E6: 140.25903 | F6: 138.69351 | G6: 141.36545 | H6: 140.38572 | I6: 138.64675 | J6: 137.54788 | K6: 137.91694 | L6: 137.19292 | M6: 137.75285 | N6: 136.9938 | O6: 139.0466 | P6: 138.3486 | Q6: 138.79224 | R6: 138.02845 | S6: 140.46944 | T6: 143.1048 | U6: 142.37 | V6: 142.54629 | W6: 145.90559 | X6: 147.97297 | Y6: 149.2032 | Z6: 149.80624
A7: Amount Financed | B7: 32266854 | C7: 27926177 | D7: 26788093 | E7: 22116684 | F7: 32796773 | G7: 39581723 | H7: 26574147 | I7: 23248978 | J7: 23682832 | K7: 23783044 | L7: 23891874 | M7: 16200639 | N7: 16458456 | O7: 16463632 | P7: 23500225 | Q7: 26931895 | R7: 45403667 | S7: 43850753 | T7: 30886831 | U7: 32083493 | V7: 56035847 | W7: 58135224 | X7: 51413759 | Y7: 39424320 | Z7: 44425981
A9: FRN | B9: 2020Q1 | C9: 2020Q2 | D9: 2020Q3 | E9: 2020Q4 | F9: 2021Q1 | G9: 2021Q2 | H9: 2021Q3 | I9: 2021Q4 | J9: 2022Q1 | K9: 2022Q2 | L9: 2022Q3 | M9: 2022Q4 | N9: 2023Q1 | O9: 2023Q2 | P9: 2023Q3 | Q9: 2023Q4 | R9: 2024Q1 | S9: 2024Q2 | T9: 2024Q3 | U9: 2024Q4 | V9: 2025Q1 | W9: 2025Q2 | X9: 2025Q3 | Y9: 2025Q4 | Z9: 2026Q1
A10: Model Score | B10: 131.13303 | C10: 132.90504 | D10: 133.93048 | E10: 132.80381 | F10: 135.44811 | G10: 135.18735 | H10: 134.94602 | I10: 132.89928 | J10: 134.06325 | K10: 136.81721 | L10: 138.00243 | M10: 139.77793 | N10: 141.27719 | O10: 140.58734 | P10: 140.72103 | Q10: 139.02514 | R10: 138.13163 | S10: 140.17356 | T10: 141.55375 | U10: 139.97097 | V10: 139.83315 | W10: 140.63434 | X10: 140.96388 | Y10: 141.85749 | Z10: 142.76283
A11: Gross Loss Impact | B11: 1.3091096 | C11: 1.5067007 | D11: 0.54845206 | E11: 0.003989095 | F11: 0.52413776 | G11: 0.89828531 | H11: 0.69221704 | I11: -0.39544921 | J11: -0.23544014 | K11: 0.72599632 | L11: 0.58262346 | M11: 0.31311591 | N11: 0.93883725 | O11: 1.5645409 | P11: 1.6212334 | Q11: 0.89293024 | R11: -0.19717966 | S11: 0.30351544 | T11: 0.75919793 | U11: 0.53146185 | V11: 0.66791062 | W11: 1.2781424 | X11: 1.7965359 | Y11: 2.7808561 | Z11: 2.864459
A12: Recovery Impact | B12: -3.6048283 | C12: -0.78962204 | D12: -0.77844743 | E12: 0.084521182 | F12: -0.075782755 | G12: -0.37799249 | H12: -0.6606889 | I12: -1.414302 | J12: -2.0683464 | K12: -2.0464475 | L12: -2.0952814 | M12: -1.9243729 | N12: -2.3016537 | O12: -1.8392483 | P12: -1.9973601 | Q12: -2.0118069 | R12: -2.0892329 | S12: -1.6342591 | T12: -1.0680761 | U12: 0.4432875 | V12: 0.61491988 | W12: 0.89891578 | X12: 1.4860074 | Y12: 2.8270298 | Z12: 1.6806807 | AB12: =SUM(B12:Z12) -> -20.742387
A13: LTV Impact | B13: 0.0058585517 | C13: -0.021116575 | D13: 0.34878304 | E13: -0.76265686 | F13: 1.9930755 | G13: 4.789432 | H13: 3.3942067 | I13: 2.575252 | J13: 2.8725488 | K13: 2.7941681 | L13: 2.592053 | M13: 2.568124 | N13: 2.0220452 | O13: 4.4037376 | P13: 4.998953 | Q13: 5.5500405 | R13: 5.2211452 | S13: 5.3209962 | T13: 5.115204 | U13: 5.1979604 | V13: 5.1609376 | W13: 6.0916404 | X13: 6.140279 | Y13: 6.2075508 | Z13: 5.1825886
A14: RAGU Score | B14: 128.84317 | C14: 133.601 | D14: 134.04927 | E14: 132.12966 | F14: 137.88954 | G14: 140.49708 | H14: 138.37175 | I14: 133.66478 | J14: 134.63202 | K14: 138.29092 | L14: 139.08183 | M14: 140.7348 | N14: 141.93642 | O14: 144.71637 | P14: 145.34385 | Q14: 143.45631 | R14: 141.06637 | S14: 144.16381 | T14: 146.36008 | U14: 146.14368 | V14: 146.27692 | W14: 148.90303 | X14: 150.38671 | Y14: 153.67292 | Z14: 152.49055
A15: Amount Financed | B15: 25531954 | C15: 31709868 | D15: 39978116 | E15: 35518542 | F15: 48167717 | G15: 75307440 | H15: 65397089 | I15: 63739836 | J15: 61976868 | K15: 63221930 | L15: 57848125 | M15: 32090563 | N15: 19516867 | O15: 25449449 | P15: 43555600 | Q15: 75034894 | R15: 1.3153381e+08 | S15: 1.4720729e+08 | T15: 1.0885061e+08 | U15: 1.193191e+08 | V15: 1.7489509e+08 | W15: 1.7780391e+08 | X15: 1.5110941e+08 | Y15: 1.1798551e+08 | Z15: 1.3358561e+08
A17: STG | B17: 2020Q1 | C17: 2020Q2 | D17: 2020Q3 | E17: 2020Q4 | F17: 2021Q1 | G17: 2021Q2 | H17: 2021Q3 | I17: 2021Q4 | J17: 2022Q1 | K17: 2022Q2 | L17: 2022Q3 | M17: 2022Q4 | N17: 2023Q1 | O17: 2023Q2 | P17: 2023Q3 | Q17: 2023Q4 | R17: 2024Q1 | S17: 2024Q2 | T17: 2024Q3 | U17: 2024Q4 | V17: 2025Q1 | W17: 2025Q2 | X17: 2025Q3 | Y17: 2025Q4 | Z17: 2026Q1
A18: Model Score | B18: 130.0304 | C18: 133.13562 | D18: 135.5242 | E18: 135.28733 | F18: 135.28771 | G18: 135.49901 | H18: 135.05653 | I18: 133.65336 | J18: 134.55 | K18: 136.72731 | L18: 137.27114 | M18: 138.30195 | N18: 139.23035 | O18: 137.71584 | P18: 138.53984 | Q18: 137.48747 | R18: 136.76023 | S18: 137.47802 | T18: 138.54354 | U18: 137.20905 | V18: 136.6684 | W18: 137.94719 | X18: 138.66055 | Y18: 140.03752 | Z18: 141.03676
A19: Gross Loss Impact | B19: 0.62627011 | C19: 0.56124754 | D19: 0.90101305 | E19: 0.8428326 | F19: 1.6574384 | G19: 1.8158511 | H19: 1.5016646 | I19: 1.1834961 | J19: 0.56607344 | K19: 0.62303432 | L19: -0.014227399 | M19: 0.60880416 | N19: 0.26065132 | O19: 0.32381303 | P19: 1.4742954 | Q19: 1.2647051 | R19: 1.0139279 | S19: 2.0228001 | T19: 2.2786498 | U19: 2.0632355 | V19: 1.8384507 | W19: 2.0356619 | X19: 2.2451501 | Y19: 2.7851197 | Z19: 3.1250191
A20: Recovery Impact | B20: -4.7074248 | C20: -0.66064178 | D20: -0.29796558 | E20: 0.17305748 | F20: -0.077399958 | G20: 0.10988362 | H20: -0.069239853 | I20: -0.18132874 | J20: -0.53658396 | K20: -0.51944562 | L20: -0.7230582 | M20: -0.46721173 | N20: -0.38699895 | O20: -0.69160541 | P20: -0.77016993 | Q20: -0.073902762 | R20: -0.46378407 | S20: 0.78371788 | T20: 1.6672359 | U20: 2.9007669 | V20: 2.682798 | W20: 3.4454112 | X20: 3.492655 | Y20: 4.6856205 | Z20: 3.7516146 | AB20: =SUM(B20:Z20) -> 13.066
A21: LTV Impact | B21: -1.2151312 | C21: -1.3566661 | D21: 1.112475 | E21: 1.2842523 | F21: 2.3989409 | G21: 4.0264523 | H21: 3.6919824 | I21: 3.3691349 | J21: 3.9757427 | K21: 4.6947017 | L21: 4.4588752 | M21: 5.2515227 | N21: 5.2899301 | O21: 4.7464103 | P21: 6.0658786 | Q21: 6.0439849 | R21: 4.5447481 | S21: 5.12297 | T21: 5.6815503 | U21: 5.5129901 | V21: 5.1943104 | W21: 6.1179463 | X21: 6.0314928 | Y21: 6.247129 | Z21: 5.27118
A22: RAGU Score | B22: 124.73411 | C22: 131.67956 | D22: 137.23972 | E22: 137.58747 | F22: 139.26669 | G22: 141.45119 | H22: 140.18094 | I22: 138.02466 | J22: 138.55523 | K22: 141.5256 | L22: 140.99273 | M22: 143.69507 | N22: 144.39393 | O22: 142.09446 | P22: 145.30984 | Q22: 144.72226 | R22: 141.85512 | S22: 145.40751 | T22: 148.17097 | U22: 147.68604 | V22: 146.38396 | W22: 149.54621 | X22: 150.42985 | Y22: 153.75539 | Z22: 153.18458
A23: Amount Financed | B23: 73703014 | C23: 59571429 | D23: 59037002 | E23: 44041841 | F23: 63199503 | G23: 82590816 | H23: 66553012 | I23: 59034424 | J23: 54953361 | K23: 54791982 | L23: 38420665 | M23: 21163298 | N23: 12649519 | O23: 16219660 | P23: 28909162 | Q23: 44296437 | R23: 68656688 | S23: 95026795 | T23: 69497795 | U23: 70683017 | V23: 1.0977812e+08 | W23: 1.1799764e+08 | X23: 91351165 | Y23: 72109323 | Z23: 88330639
A25: FLD | B25: 2020Q1 | C25: 2020Q2 | D25: 2020Q3 | E25: 2020Q4 | F25: 2021Q1 | G25: 2021Q2 | H25: 2021Q3 | I25: 2021Q4 | J25: 2022Q1 | K25: 2022Q2 | L25: 2022Q3 | M25: 2022Q4 | N25: 2023Q1 | O25: 2023Q2 | P25: 2023Q3 | Q25: 2023Q4 | R25: 2024Q1 | S25: 2024Q2 | T25: 2024Q3 | U25: 2024Q4 | V25: 2025Q1 | W25: 2025Q2 | X25: 2025Q3 | Y25: 2025Q4 | Z25: 2026Q1
A26: Model Score | B26: 131.95039 | C26: 135.66547 | D26: 137.78086 | E26: 140.37625 | F26: 136.75685 | G26: 136.18261 | H26: 135.63105 | I26: 134.62935 | J26: 134.17392 | K26: 135.83718 | L26: 136.96375 | M26: 138.77228 | N26: 141.32316 | O26: 138.86319 | P26: 137.95666 | Q26: 139.5662 | R26: 138.5244 | S26: 138.40978 | T26: 140.36331 | U26: 138.38769 | V26: 136.70743 | W26: 138.3478 | X26: 138.1021 | Y26: 138.94555 | Z26: 140.99131
A27: Gross Loss Impact | B27: -1.7103216 | C27: -1.3620012 | D27: -0.82270063 | E27: 0.67937377 | F27: 1.8207974 | G27: -0.22282408 | H27: -0.34270651 | I27: 0.75425033 | J27: 0.49117725 | K27: 0.57506675 | L27: 0.94006829 | M27: 0.98133634 | N27: 1.1637723 | O27: 0.76651233 | P27: 1.0512261 | Q27: 1.3906266 | R27: 1.5536976 | S27: 2.4436111 | T27: 3.2853416 | U27: 2.9736339 | V27: 2.4078901 | W27: 2.4910068 | X27: 3.0095789 | Y27: 1.8551298 | Z27: 2.3630141
A28: Recovery Impact | B28: -4.3032782 | C28: -1.5599149 | D28: -1.0053832 | E28: -0.51334414 | F28: -0.19125679 | G28: -0.66445052 | H28: -0.82410923 | I28: -0.87148146 | J28: -1.3073873 | K28: -2.3379041 | L28: -1.9260093 | M28: -1.7707431 | N28: -1.044765 | O28: -1.5281489 | P28: -1.2202241 | Q28: -0.44368025 | R28: -1.1238938 | S28: -1.0550281 | T28: -0.95167146 | U28: 1.174399 | V28: 1.4724263 | W28: 0.73656265 | X28: 1.4219801 | Y28: 1.7823428 | Z28: 0.15576856 | AB28: =SUM(B28:Z28) -> -17.899194
A29: LTV Impact | B29: 6.1904054 | C29: 7.0336598 | D29: 9.9696581 | E29: 8.9721281 | F29: 7.7528932 | G29: 9.7550706 | H29: 8.8496877 | I29: 7.7046526 | J29: 7.5704855 | K29: 7.7056112 | L29: 7.9561857 | M29: 7.9120134 | N29: 8.8983727 | O29: 8.230573 | P29: 9.0487813 | Q29: 8.6819608 | R29: 6.8451798 | S29: 7.1645206 | T29: 7.5064366 | U29: 7.6070484 | V29: 6.887203 | W29: 6.3726892 | X29: 6.3487745 | Y29: 6.3968604 | Z29: 5.5264008
A30: RAGU Score | B30: 132.12719 | C30: 139.77722 | D30: 145.92243 | E30: 149.51441 | F30: 146.13928 | G30: 145.05041 | H30: 143.31392 | I30: 142.21677 | J30: 140.9282 | K30: 141.77995 | L30: 143.934 | M30: 145.89489 | N30: 150.34054 | O30: 146.33213 | P30: 146.83644 | Q30: 149.19511 | R30: 145.79938 | S30: 146.96289 | T30: 150.20341 | U30: 150.14277 | V30: 147.47495 | W30: 147.94806 | X30: 148.88243 | Y30: 148.97988 | Z30: 149.0365
A31: Amount Financed | B31: 29567896 | C31: 20452730 | D31: 18615601 | E31: 8943877.4 | F31: 15181236 | G31: 31017456 | H31: 26185058 | I31: 18912869 | J31: 20022958 | K31: 18264458 | L31: 16133338 | M31: 9991541.6 | N31: 6626495.2 | O31: 9268286.4 | P31: 15549122 | Q31: 15000070 | R31: 27235117 | S31: 35792720 | T31: 21813473 | U31: 21252328 | V31: 43623019 | W31: 40763731 | X31: 43230820 | Y31: 43342019 | Z31: 51820832
A33: ENT | B33: 2020Q1 | C33: 2020Q2 | D33: 2020Q3 | E33: 2020Q4 | F33: 2021Q1 | G33: 2021Q2 | H33: 2021Q3 | I33: 2021Q4 | J33: 2022Q1 | K33: 2022Q2 | L33: 2022Q3 | M33: 2022Q4 | N33: 2023Q1 | O33: 2023Q2 | P33: 2023Q3 | Q33: 2023Q4 | R33: 2024Q1 | S33: 2024Q2 | T33: 2024Q3 | U33: 2024Q4 | V33: 2025Q1 | W33: 2025Q2 | X33: 2025Q3 | Y33: 2025Q4 | Z33: 2026Q1
A34: Model Score | B34: 132.38307 | C34: 133.22864 | D34: 136.30166 | E34: 135.38242 | F34: 133.8357 | G34: 131.8749 | H34: 131.13569 | I34: 129.4723 | J34: 129.34473 | K34: 131.45349 | L34: 131.71553 | M34: 131.25851 | N34: 132.73385 | O34: 133.4422 | P34: 133.76755 | Q34: 135.31367 | R34: 136.17456 | S34: 136.8171 | T34: 136.69241 | U34: 134.94875 | V34: 134.57148 | W34: 136.41792 | X34: 137.0063 | Y34: 137.20721 | Z34: 139.80137
A35: Gross Loss Impact | B35: 0.53733727 | C35: 0.6114489 | D35: 0.32319334 | E35: -0.89774632 | F35: -0.38175502 | G35: -0.59152797 | H35: -0.80097815 | I35: -0.57952409 | J35: -0.12187674 | K35: -0.57677921 | L35: -1.5631581 | M35: -1.3928785 | N35: -1.7516348 | O35: -1.0557538 | P35: -0.70981925 | Q35: 0.45637312 | R35: -0.59196155 | S35: -0.32963785 | T35: -0.49424107 | U35: -0.28560818 | V35: -0.97599678 | W35: 0.20518067 | X35: 0.17963091 | Y35: 1.0649609 | Z35: 1.253817
A36: Recovery Impact | B36: -3.9307629 | C36: -0.25069821 | D36: 0.14289629 | E36: -0.027361975 | F36: 0.017026104 | G36: 0.51253643 | H36: -0.11644237 | I36: -0.11122887 | J36: -1.0228987 | K36: -1.3067084 | L36: -2.057985 | M36: -2.232186 | N36: -1.9845435 | O36: -1.4900515 | P36: -1.2755417 | Q36: -0.61558116 | R36: -1.2088626 | S36: -0.70766037 | T36: 0.25203213 | U36: 3.1488128 | V36: 4.7744382 | W36: 3.6984811 | X36: 3.7671272 | Y36: 4.7206982 | Z36: 3.7288005
A37: LTV Impact | B37: -0.24370371 | C37: 0.022676676 | D37: 2.4322106 | E37: 0.99939022 | F37: 1.1354856 | G37: 2.5385677 | H37: 1.3825837 | I37: 0.93714785 | J37: 0.67417313 | K37: 1.3187269 | L37: 2.0791731 | M37: 1.2928487 | N37: 0.8316574 | O37: 1.5034091 | P37: 2.6062758 | Q37: 1.8486358 | R37: 1.7203377 | S37: 1.9622398 | T37: 1.7522599 | U37: 1.3255644 | V37: 1.5216843 | W37: 1.9248598 | X37: 1.8506047 | Y37: 1.7003089 | Z37: 1.4978942
A38: RAGU Score | B38: 128.74594 | C38: 133.61207 | D38: 139.19996 | E38: 135.45671 | F38: 134.60646 | G38: 134.33447 | H38: 131.60085 | I38: 129.7187 | J38: 128.87413 | K38: 130.88873 | L38: 130.17356 | M38: 128.9263 | N38: 129.82933 | O38: 132.3998 | P38: 134.38847 | Q38: 137.00309 | R38: 136.09408 | S38: 137.74204 | T38: 138.20246 | U38: 139.13752 | V38: 139.89161 | W38: 142.24644 | X38: 142.80366 | Y38: 144.69318 | Z38: 146.28188
A39: Amount Financed | B39: 43044124 | C39: 47390260 | D39: 47951627 | E39: 49971994 | F39: 91023827 | G39: 1.2866688e+08 | H39: 96920596 | I39: 74050277 | J39: 76165797 | K39: 68689508 | L39: 57582675 | M39: 65211671 | N39: 68700874 | O39: 60708658 | P39: 74303784 | Q39: 77788703 | R39: 1.1559325e+08 | S39: 1.0192745e+08 | T39: 81167791 | U39: 92147129 | V39: 1.5118227e+08 | W39: 1.3025102e+08 | X39: 1.0868468e+08 | Y39: 91451649 | Z39: 85452589
A41: KMX | B41: 2020Q1 | C41: 2020Q2 | D41: 2020Q3 | E41: 2020Q4 | F41: 2021Q1 | G41: 2021Q2 | H41: 2021Q3 | I41: 2021Q4 | J41: 2022Q1 | K41: 2022Q2 | L41: 2022Q3 | M41: 2022Q4 | N41: 2023Q1 | O41: 2023Q2 | P41: 2023Q3 | Q41: 2023Q4 | R41: 2024Q1 | S41: 2024Q2 | T41: 2024Q3 | U41: 2024Q4 | V41: 2025Q1 | W41: 2025Q2 | X41: 2025Q3 | Y41: 2025Q4 | Z41: 2026Q1
A42: Model Score | B42: 135.86332 | C42: 138.37204 | D42: 138.7895 | E42: 136.9589 | F42: 135.46433 | G42: 135.73801 | H42: 134.50372 | I42: 133.19297 | J42: 133.26474 | K42: 134.70115 | L42: 136.05827 | M42: 138.3337 | N42: 140.09672 | O42: 140.65864 | P42: 140.50459 | Q42: 140.56078 | R42: 139.56825 | S42: 140.43212 | T42: 139.88511 | U42: 139.76782 | V42: 139.70877 | W42: 139.86672 | X42: 139.91791 | Y42: 140.94205 | Z42: 142.03744
A43: Gross Loss Impact | B43: 4.4892787 | C43: 4.5519791 | D43: 4.4080581 | E43: 4.0588062 | F43: 3.8414426 | G43: 3.6205957 | H43: 3.4856848 | I43: 3.1667831 | J43: 2.9134577 | K43: 2.0561578 | L43: 1.2337811 | M43: 1.3869179 | N43: 1.1464497 | O43: 1.3458962 | P43: 1.4972886 | Q43: 1.7526689 | R43: 1.326646 | S43: 2.2203145 | T43: 1.9527827 | U43: 0.753536 | V43: -0.59293677 | W43: 1.0908332 | X43: 0.95995222 | Y43: 0.99951176 | Z43: 0.49224522
A44: Recovery Impact | B44: -0.49601595 | C44: 0.43110716 | D44: 0.024526483 | E44: 0.40477748 | F44: 0.49499963 | G44: 0.85579212 | H44: 1.707187 | I44: 0.80482788 | J44: 0.66107034 | K44: -0.020183635 | L44: -0.44628347 | M44: -0.57549412 | N44: -1.0508429 | O44: -0.96755337 | P44: -1.0146126 | Q44: -0.11323989 | R44: -0.23559879 | S44: 0.090456386 | T44: -0.54232293 | U44: -0.68396125 | V44: -0.69812196 | W44: -0.039833427 | X44: 0.39669237 | Y44: 0.69322784 | Z44: 0.47534274
A45: LTV Impact | B45: -1.8757568 | C45: -2.29347 | D45: -0.019059955 | E45: -2.1020657 | F45: 0.12072479 | G45: 2.7926839 | H45: 1.8064289 | I45: 1.6186275 | J45: -0.68305506 | K45: 0.54282026 | L45: -0.67404899 | M45: -2.4034512 | N45: -2.7379575 | O45: -1.4499553 | P45: -3.7779014 | Q45: -4.9485303 | R45: -4.153578 | S45: -1.0146213 | T45: -1.6180761 | U45: -1.560277 | V45: -0.78475247 | W45: -0.3892245 | X45: -0.57494632 | Y45: -0.30261364 | Z45: 0.37818019
A46: RAGU Score | B46: 137.98083 | C46: 141.06166 | D46: 143.20302 | E46: 139.32042 | F46: 139.92149 | G46: 143.00708 | H46: 141.50302 | I46: 138.78321 | J46: 136.15621 | K46: 137.27994 | L46: 136.17172 | M46: 136.74167 | N46: 137.45437 | O46: 139.58703 | P46: 137.20937 | Q46: 137.25168 | R46: 136.50572 | S46: 141.72827 | T46: 139.6775 | U46: 138.27712 | V46: 137.63296 | W46: 140.5285 | X46: 140.69961 | Y46: 142.33218 | Z46: 143.38321
A47: Amount Financed | B47: 2.4069656e+08 | C47: 2.1049129e+08 | D47: 2.7325585e+08 | E47: 2.3112236e+08 | F47: 3.6840063e+08 | G47: 3.7309886e+08 | H47: 3.4029236e+08 | I47: 2.876265e+08 | J47: 2.216847e+08 | K47: 3.5575787e+08 | L47: 2.9429629e+08 | M47: 2.2282913e+08 | N47: 2.5987897e+08 | O47: 2.5788898e+08 | P47: 1.4617214e+08 | Q47: 1.249411e+08 | R47: 3.9029559e+08 | S47: 3.2619245e+08 | T47: 3.013666e+08 | U47: 2.8843672e+08 | V47: 4.4287568e+08 | W47: 3.864738e+08 | X47: 3.7939406e+08 | Y47: 3.4188185e+08 | Z47: 4.9372699e+08

Sheet all update draft 1
A1: AN | B1: 2020Q1 | C1: 2020Q2 | D1: 2020Q3 | E1: 2020Q4 | F1: 2021Q1 | G1: 2021Q2 | H1: 2021Q3 | I1: 2021Q4 | J1: 2022Q1 | K1: 2022Q2 | L1: 2022Q3 | M1: 2022Q4 | N1: 2023Q1 | O1: 2023Q2 | P1: 2023Q3 | Q1: 2023Q4 | R1: 2024Q1 | S1: 2024Q2 | T1: 2024Q3 | U1: 2024Q4 | V1: 2025Q1 | W1: 2025Q2 | X1: 2025Q3 | Y1: 2025Q4 | Z1: 2026Q1
A2: Model Score | B2: 131.79764 | C2: 133.71059 | D2: 135.28557 | E2: 135.79608 | F2: 134.60179 | G2: 135.14257 | H2: 135.36265 | I2: 134.41538 | J2: 134.0686 | K2: 135.89246 | L2: 136.14781 | M2: 136.75155 | N2: 136.66305 | O2: 136.90907 | P2: 136.43849 | Q2: 137.02135 | R2: 136.37212 | S2: 137.12198 | T2: 138.09052 | U2: 136.80136 | V2: 136.83702 | W2: 138.03382 | X2: 138.55808 | Y2: 139.3761 | Z2: 140.32252
A3: Gross Loss Impact | B3: 1.4123341 | C3: 1.3083797 | D3: 0.58221869 | E3: 1.0822147 | F3: 1.3206171 | G3: 1.3559535 | H3: 1.3112364 | I3: 1.2138028 | J3: 1.6338939 | K3: 1.3966256 | L3: 1.2658425 | M3: 1.2408405 | N3: 0.79430529 | O3: 1.2228347 | P3: 0.70121599 | Q3: 0.83461733 | R3: 0.66242898 | S3: 1.1867832 | T3: 0.97810535 | U3: 1.1748893 | V3: 1.4592694 | W3: 2.4660669 | X3: 2.9266817 | Y3: 2.9196016 | Z3: 3.1264617
A4: Recovery Impact | B4: -3.5580755 | C4: -0.3845949 | D4: 0.37358071 | E4: 1.2753083 | F4: 0.98653366 | G4: 0.84046232 | H4: 0.64235995 | I4: -0.13060323 | J4: -0.90468112 | K4: -0.92586757 | L4: -1.4087981 | M4: -0.75982071 | N4: -0.84526037 | O4: -0.65286151 | P4: -0.85209717 | Q4: -0.6773635 | R4: -0.31240509 | S4: 0.27378841 | T4: 1.0627305 | U4: 1.7592183 | V4: 1.4609403 | W4: 2.143951 | X4: 3.3310761 | Y4: 3.4679349 | Z4: 2.9141272 | AB4: =SUM(B4:Z4) -> 9.1195829
A5: LTV Impact | B5: 0.32300317 | C5: -0.08638338 | D5: 2.6769452 | E5: 2.8146745 | F5: 2.4860692 | G5: 4.7262816 | H5: 3.7630294 | I5: 3.8101149 | J5: 3.3853108 | K5: 2.1960056 | L5: 1.8106624 | M5: 1.1718822 | N5: 1.0308964 | O5: 2.2240908 | P5: 2.6760225 | Q5: 2.24927 | R5: 1.9889494 | S5: 2.5891488 | T5: 3.6810412 | U5: 3.3703324 | V5: 3.5059589 | W5: 4.0166396 | X5: 3.9723985 | Y5: 4.2451029 | Z5: 4.2859615
A6: RAGU Score | B6: 129.9749 | C6: 134.54799 | D6: 138.91832 | E6: 140.96828 | F6: 139.39501 | G6: 142.06527 | H6: 141.07928 | I6: 139.30869 | J6: 138.18312 | K6: 138.55922 | L6: 137.81551 | M6: 138.40446 | N6: 137.64299 | O6: 139.70313 | P6: 138.96363 | Q6: 139.42787 | R6: 138.71109 | S6: 141.1717 | T6: 143.8124 | U6: 143.1058 | V6: 143.26319 | W6: 146.66048 | X6: 148.78824 | Y6: 150.00874 | Z6: 150.64907
A7: Amount Financed | B7: 32266854 | C7: 27926177 | D7: 26788093 | E7: 22116684 | F7: 32796773 | G7: 39581723 | H7: 26574147 | I7: 23248978 | J7: 23682832 | K7: 23783044 | L7: 23891874 | M7: 16200639 | N7: 16458456 | O7: 16463632 | P7: 23500225 | Q7: 26931895 | R7: 45403667 | S7: 43850753 | T7: 30886831 | U7: 32083493 | V7: 56035847 | W7: 58135224 | X7: 51413759 | Y7: 39424320 | Z7: 44425981
A9: FRN | B9: 2020Q1 | C9: 2020Q2 | D9: 2020Q3 | E9: 2020Q4 | F9: 2021Q1 | G9: 2021Q2 | H9: 2021Q3 | I9: 2021Q4 | J9: 2022Q1 | K9: 2022Q2 | L9: 2022Q3 | M9: 2022Q4 | N9: 2023Q1 | O9: 2023Q2 | P9: 2023Q3 | Q9: 2023Q4 | R9: 2024Q1 | S9: 2024Q2 | T9: 2024Q3 | U9: 2024Q4 | V9: 2025Q1 | W9: 2025Q2 | X9: 2025Q3 | Y9: 2025Q4 | Z9: 2026Q1
A10: Model Score | B10: 131.13303 | C10: 132.90504 | D10: 133.93048 | E10: 132.80381 | F10: 135.44811 | G10: 135.18735 | H10: 134.94602 | I10: 132.89928 | J10: 134.06325 | K10: 136.81721 | L10: 138.00243 | M10: 139.77793 | N10: 141.27719 | O10: 140.58734 | P10: 140.72103 | Q10: 139.02514 | R10: 138.13163 | S10: 140.17356 | T10: 141.55375 | U10: 139.97097 | V10: 139.83315 | W10: 140.63434 | X10: 140.96388 | Y10: 141.85749 | Z10: 142.76283
A11: Gross Loss Impact | B11: 1.3091096 | C11: 1.5067007 | D11: 0.54845206 | E11: 0.003989095 | F11: 0.52413776 | G11: 0.89828531 | H11: 0.69221704 | I11: -0.39544921 | J11: -0.23544014 | K11: 0.72599632 | L11: 0.58262346 | M11: 0.31311591 | N11: 0.93883725 | O11: 1.5645409 | P11: 1.6212334 | Q11: 0.89293024 | R11: -0.19717966 | S11: 0.30351544 | T11: 0.75919793 | U11: 0.53146185 | V11: 0.66791062 | W11: 1.2781424 | X11: 1.7965359 | Y11: 2.7808561 | Z11: 2.864459
A12: Recovery Impact | B12: -4.1184014 | C12: -1.4211641 | D12: -1.4107277 | E12: -0.57067511 | F12: -0.74079435 | G12: -1.0327009 | H12: -1.3029568 | I12: -2.013415 | J12: -2.6493189 | K12: -2.6465701 | L12: -2.6986814 | M12: -2.5416794 | N12: -2.9150802 | O12: -2.4699177 | P12: -2.6229947 | Q12: -2.6249494 | R12: -2.689656 | S12: -2.2643839 | T12: -1.7282377 | U12: -0.26242273 | V12: -0.096832705 | W12: 0.17027364 | X12: 0.73281497 | Y12: 2.0189406 | Z12: 0.90668618 | AB12: =SUM(B12:Z12) -> -36.992845
A13: LTV Impact | B13: 0.0074188943 | C13: -0.030717653 | D13: 0.34417759 | E13: -0.767666 | F13: 1.9954365 | G13: 4.7880789 | H13: 3.3952762 | I13: 2.575252 | J13: 2.8604342 | K13: 2.7866514 | L13: 2.592053 | M13: 2.568124 | N13: 2.0189747 | O13: 4.395209 | P13: 4.9978631 | Q13: 5.5601774 | R13: 5.220022 | S13: 5.3285804 | T13: 5.120815 | U13: 5.1966956 | V13: 5.1673355 | W13: 6.0979654 | X13: 6.1350808 | Y13: 6.2137931 | Z13: 5.1845681
A14: RAGU Score | B14: 128.33116 | C14: 132.95986 | D14: 133.41238 | E14: 131.46946 | F14: 137.22689 | G14: 139.84102 | H14: 137.73055 | I14: 133.06567 | J14: 134.03893 | K14: 137.68329 | L14: 138.47843 | M14: 140.11749 | N14: 141.31992 | O14: 144.07717 | P14: 144.71713 | Q14: 142.8533 | R14: 140.46482 | S14: 143.54127 | T14: 145.70553 | U14: 145.43671 | V14: 145.57156 | W14: 148.18072 | X14: 149.62832 | Y14: 152.87108 | Z14: 151.71854
A15: Amount Financed | B15: 25531954 | C15: 31709868 | D15: 39978116 | E15: 35518542 | F15: 48167717 | G15: 75307440 | H15: 65397089 | I15: 63739836 | J15: 61976868 | K15: 63221930 | L15: 57848125 | M15: 32090563 | N15: 19516867 | O15: 25449449 | P15: 43555600 | Q15: 75034894 | R15: 1.3153381e+08 | S15: 1.4720729e+08 | T15: 1.0885061e+08 | U15: 1.193191e+08 | V15: 1.7489509e+08 | W15: 1.7780391e+08 | X15: 1.5110941e+08 | Y15: 1.1798551e+08 | Z15: 1.3358561e+08
A17: STG | B17: 2020Q1 | C17: 2020Q2 | D17: 2020Q3 | E17: 2020Q4 | F17: 2021Q1 | G17: 2021Q2 | H17: 2021Q3 | I17: 2021Q4 | J17: 2022Q1 | K17: 2022Q2 | L17: 2022Q3 | M17: 2022Q4 | N17: 2023Q1 | O17: 2023Q2 | P17: 2023Q3 | Q17: 2023Q4 | R17: 2024Q1 | S17: 2024Q2 | T17: 2024Q3 | U17: 2024Q4 | V17: 2025Q1 | W17: 2025Q2 | X17: 2025Q3 | Y17: 2025Q4 | Z17: 2026Q1
A18: Model Score | B18: 130.0304 | C18: 133.13562 | D18: 135.5242 | E18: 135.28733 | F18: 135.28771 | G18: 135.49901 | H18: 135.05653 | I18: 133.65336 | J18: 134.55 | K18: 136.72731 | L18: 137.27114 | M18: 138.30195 | N18: 139.23035 | O18: 137.71584 | P18: 138.53984 | Q18: 137.48747 | R18: 136.76023 | S18: 137.47802 | T18: 138.54354 | U18: 137.20905 | V18: 136.6684 | W18: 137.94719 | X18: 138.66055 | Y18: 140.03752 | Z18: 141.03676
A19: Gross Loss Impact | B19: 0.62627011 | C19: 0.56124754 | D19: 0.90101305 | E19: 0.8428326 | F19: 1.6574384 | G19: 1.8158511 | H19: 1.5016646 | I19: 1.1834961 | J19: 0.56607344 | K19: 0.62303432 | L19: -0.014227399 | M19: 0.60880416 | N19: 0.26065132 | O19: 0.32381303 | P19: 1.4742954 | Q19: 1.2647051 | R19: 1.0139279 | S19: 2.0228001 | T19: 2.2786498 | U19: 2.0632355 | V19: 1.8384507 | W19: 2.0356619 | X19: 2.2451501 | Y19: 2.7851197 | Z19: 3.1250191
A20: Recovery Impact | B20: -4.7074248 | C20: -0.66064178 | D20: -0.29796558 | E20: 0.17305748 | F20: -0.077399958 | G20: 0.10988362 | H20: -0.069239853 | I20: -0.18132874 | J20: -0.53658396 | K20: -0.51944562 | L20: -0.7230582 | M20: -0.46721173 | N20: -0.38699895 | O20: -0.69160541 | P20: -0.77016993 | Q20: -0.073902762 | R20: -0.46378407 | S20: 0.78371788 | T20: 1.6672359 | U20: 2.9007669 | V20: 2.682798 | W20: 3.4454112 | X20: 3.492655 | Y20: 4.6856205 | Z20: 3.7516146 | AB20: =SUM(B20:Z20) -> 13.066
A21: LTV Impact | B21: -1.218743 | C21: -1.3565475 | D21: 1.1090266 | E21: 1.2828273 | F21: 2.4002794 | G21: 3.9950877 | H21: 3.6952331 | I21: 3.3673194 | J21: 3.9793425 | K21: 4.7025897 | L21: 4.4600932 | M21: 5.2540634 | N21: 5.2899301 | O21: 4.7413791 | P21: 6.048701 | Q21: 6.0317408 | R21: 4.5531388 | S21: 5.1241263 | T21: 5.680543 | U21: 5.5288244 | V21: 5.1989089 | W21: 6.1294488 | X21: 6.0251771 | Y21: 6.2451879 | Z21: 5.2776689
A22: RAGU Score | B22: 124.7305 | C22: 131.67968 | D22: 137.23627 | E22: 137.58604 | F22: 139.26803 | G22: 141.41983 | H22: 140.18419 | I22: 138.02285 | J22: 138.55883 | K22: 141.53349 | L22: 140.99395 | M22: 143.69761 | N22: 144.39393 | O22: 142.08943 | P22: 145.29266 | Q22: 144.71002 | R22: 141.86352 | S22: 145.40867 | T22: 148.16996 | U22: 147.70188 | V22: 146.38856 | W22: 149.55771 | X22: 150.42353 | Y22: 153.75345 | Z22: 153.19107
A23: Amount Financed | B23: 73703014 | C23: 59571429 | D23: 59037002 | E23: 44041841 | F23: 63199503 | G23: 82590816 | H23: 66553012 | I23: 59034424 | J23: 54953361 | K23: 54791982 | L23: 38420665 | M23: 21163298 | N23: 12649519 | O23: 16219660 | P23: 28909162 | Q23: 44296437 | R23: 68656688 | S23: 95026795 | T23: 69497795 | U23: 70683017 | V23: 1.0977812e+08 | W23: 1.1799764e+08 | X23: 91351165 | Y23: 72109323 | Z23: 88330639
A25: FLD | B25: 2020Q1 | C25: 2020Q2 | D25: 2020Q3 | E25: 2020Q4 | F25: 2021Q1 | G25: 2021Q2 | H25: 2021Q3 | I25: 2021Q4 | J25: 2022Q1 | K25: 2022Q2 | L25: 2022Q3 | M25: 2022Q4 | N25: 2023Q1 | O25: 2023Q2 | P25: 2023Q3 | Q25: 2023Q4 | R25: 2024Q1 | S25: 2024Q2 | T25: 2024Q3 | U25: 2024Q4 | V25: 2025Q1 | W25: 2025Q2 | X25: 2025Q3 | Y25: 2025Q4 | Z25: 2026Q1
A26: Model Score | B26: 131.95039 | C26: 135.66547 | D26: 137.78086 | E26: 140.37625 | F26: 136.75685 | G26: 136.18261 | H26: 135.63105 | I26: 134.62935 | J26: 134.17392 | K26: 135.83718 | L26: 136.96375 | M26: 138.77228 | N26: 141.32316 | O26: 138.86319 | P26: 137.95666 | Q26: 139.5662 | R26: 138.5244 | S26: 138.40978 | T26: 140.36331 | U26: 138.38769 | V26: 136.70743 | W26: 138.3478 | X26: 138.1021 | Y26: 138.94555 | Z26: 140.99131
A27: Gross Loss Impact | B27: -1.7103216 | C27: -1.3620012 | D27: -0.82270063 | E27: 0.67937377 | F27: 1.8207974 | G27: -0.22282408 | H27: -0.34270651 | I27: 0.75425033 | J27: 0.49117725 | K27: 0.57506675 | L27: 0.94006829 | M27: 0.98065555 | N27: 1.1637723 | O27: 0.76651233 | P27: 1.0512261 | Q27: 1.3906266 | R27: 1.5536976 | S27: 2.4436111 | T27: 3.2853416 | U27: 2.9736339 | V27: 2.4078901 | W27: 2.4910068 | X27: 3.0095789 | Y27: 1.8551298 | Z27: 2.3630141
A28: Recovery Impact | B28: -4.776688 | C28: -2.1624418 | D28: -1.6415324 | E28: -1.1875696 | F28: -0.86492409 | G28: -1.3081611 | H28: -1.4586979 | I28: -1.5048049 | J28: -1.9211086 | K28: -2.9213015 | L28: -2.5324791 | M28: -2.3921718 | N28: -1.7066387 | O28: -2.1580716 | P28: -1.8585288 | Q28: -1.1199404 | R28: -1.7710158 | S28: -1.7084961 | T28: -1.6226703 | U28: 0.43886905 | V28: 0.73762492 | W28: 0.018878767 | X28: 0.6791039 | Y28: 1.0285997 | Z28: -0.55375584 | AB28: =SUM(B28:Z28) -> -34.267922
A29: LTV Impact | B29: 6.1883097 | C29: 7.0339039 | D29: 9.9537766 | E29: 8.9721281 | F29: 7.7462435 | G29: 9.7550706 | H29: 8.8496877 | I29: 7.7046526 | J29: 7.5700941 | K29: 7.7056112 | L29: 7.9561857 | M29: 7.9076084 | N29: 8.8983727 | O29: 8.230573 | P29: 9.0487813 | Q29: 8.6819608 | R29: 6.8524331 | S29: 7.1616908 | T29: 7.499061 | U29: 7.6143754 | V29: 6.8965245 | W29: 6.3835792 | X29: 6.3589031 | Y29: 6.3928193 | Z29: 5.5321811
A30: RAGU Score | B30: 131.65169 | C30: 139.17493 | D30: 145.2704 | E30: 148.84018 | F30: 145.45896 | G30: 144.4067 | H30: 142.67933 | I30: 141.58345 | J30: 140.31409 | K30: 141.19656 | L30: 143.32753 | M30: 145.26837 | N30: 149.67867 | O30: 145.70221 | P30: 146.19814 | Q30: 148.51885 | R30: 145.15951 | S30: 146.30659 | T30: 149.52504 | U30: 149.41456 | V30: 146.74947 | W30: 147.24126 | X30: 148.14968 | Y30: 148.2221 | Z30: 148.33275
A31: Amount Financed | B31: 29567896 | C31: 20452730 | D31: 18615601 | E31: 8943877.4 | F31: 15181236 | G31: 31017456 | H31: 26185058 | I31: 18912869 | J31: 20022958 | K31: 18264458 | L31: 16133338 | M31: 9991541.6 | N31: 6626495.2 | O31: 9268286.4 | P31: 15549122 | Q31: 15000070 | R31: 27235117 | S31: 35792720 | T31: 21813473 | U31: 21252328 | V31: 43623019 | W31: 40763731 | X31: 43230820 | Y31: 43342019 | Z31: 51820832
A33: ENT | B33: 2020Q1 | C33: 2020Q2 | D33: 2020Q3 | E33: 2020Q4 | F33: 2021Q1 | G33: 2021Q2 | H33: 2021Q3 | I33: 2021Q4 | J33: 2022Q1 | K33: 2022Q2 | L33: 2022Q3 | M33: 2022Q4 | N33: 2023Q1 | O33: 2023Q2 | P33: 2023Q3 | Q33: 2023Q4 | R33: 2024Q1 | S33: 2024Q2 | T33: 2024Q3 | U33: 2024Q4 | V33: 2025Q1 | W33: 2025Q2 | X33: 2025Q3 | Y33: 2025Q4 | Z33: 2026Q1
A34: Model Score | B34: 132.38307 | C34: 133.22864 | D34: 136.30166 | E34: 135.38242 | F34: 133.8357 | G34: 131.8749 | H34: 131.13569 | I34: 129.4723 | J34: 129.34473 | K34: 131.45349 | L34: 131.71553 | M34: 131.25851 | N34: 132.73385 | O34: 133.4422 | P34: 133.76755 | Q34: 135.31367 | R34: 136.17456 | S34: 136.8171 | T34: 136.69241 | U34: 134.94875 | V34: 134.57148 | W34: 136.41792 | X34: 137.0063 | Y34: 137.20721 | Z34: 139.80137
A35: Gross Loss Impact | B35: 0.53733727 | C35: 0.6114489 | D35: 0.32319334 | E35: -0.89774632 | F35: -0.38175502 | G35: -0.59152797 | H35: -0.80097815 | I35: -0.57952409 | J35: -0.12187674 | K35: -0.57677921 | L35: -1.5631581 | M35: -1.3928785 | N35: -1.7516348 | O35: -1.0557538 | P35: -0.70981925 | Q35: 0.45637312 | R35: -0.59196155 | S35: -0.32963785 | T35: -0.49424107 | U35: -0.28560818 | V35: -0.97599678 | W35: 0.20518067 | X35: 0.17963091 | Y35: 1.0649609 | Z35: 1.253817
A36: Recovery Impact | B36: -3.9307629 | C36: -0.25069821 | D36: 0.14289629 | E36: -0.027361975 | F36: 0.017026104 | G36: 0.51253643 | H36: -0.11644237 | I36: -0.11122887 | J36: -1.0228987 | K36: -1.3067084 | L36: -2.057985 | M36: -2.232186 | N36: -1.9845435 | O36: -1.4900515 | P36: -1.2755417 | Q36: -0.61558116 | R36: -1.2088626 | S36: -0.70766037 | T36: 0.25203213 | U36: 3.1488128 | V36: 4.7744382 | W36: 3.6984811 | X36: 3.7671272 | Y36: 4.7206982 | Z36: 3.7288005 | AB36: =SUM(B36:Z36) -> 6.4243354
A37: LTV Impact | B37: -0.24493038 | C37: 0.018362625 | D37: 2.4324715 | E37: 0.99677004 | F37: 1.1372113 | G37: 2.5392591 | H37: 1.3834154 | I37: 0.93125409 | J37: 0.67397319 | K37: 1.3187269 | L37: 2.0793349 | M37: 1.2925478 | N37: 0.82741122 | O37: 1.5025034 | P37: 2.605127 | Q37: 1.8432274 | R37: 1.7187257 | S37: 1.9611207 | T37: 1.7553435 | U37: 1.3224501 | V37: 1.5221625 | W37: 1.9240796 | X37: 1.8478974 | Y37: 1.6996418 | Z37: 1.500052
A38: RAGU Score | B38: 128.74471 | C38: 133.60775 | D38: 139.20022 | E38: 135.45409 | F38: 134.60819 | G38: 134.33517 | H38: 131.60169 | I38: 129.7128 | J38: 128.87393 | K38: 130.88873 | L38: 130.17373 | M38: 128.926 | N38: 129.82508 | O38: 132.39889 | P38: 134.38732 | Q38: 136.99769 | R38: 136.09247 | S38: 137.74092 | T38: 138.20555 | U38: 139.1344 | V38: 139.89208 | W38: 142.24566 | X38: 142.80095 | Y38: 144.69252 | Z38: 146.28404
A39: Amount Financed | B39: 43044124 | C39: 47390260 | D39: 47951627 | E39: 49971994 | F39: 91023827 | G39: 1.2866688e+08 | H39: 96920596 | I39: 74050277 | J39: 76165797 | K39: 68689508 | L39: 57582675 | M39: 65211671 | N39: 68700874 | O39: 60708658 | P39: 74303784 | Q39: 77788703 | R39: 1.1559325e+08 | S39: 1.0192745e+08 | T39: 81167791 | U39: 92147129 | V39: 1.5118227e+08 | W39: 1.3025102e+08 | X39: 1.0868468e+08 | Y39: 91451649 | Z39: 85452589
A41: KMX | B41: 2020Q1 | C41: 2020Q2 | D41: 2020Q3 | E41: 2020Q4 | F41: 2021Q1 | G41: 2021Q2 | H41: 2021Q3 | I41: 2021Q4 | J41: 2022Q1 | K41: 2022Q2 | L41: 2022Q3 | M41: 2022Q4 | N41: 2023Q1 | O41: 2023Q2 | P41: 2023Q3 | Q41: 2023Q4 | R41: 2024Q1 | S41: 2024Q2 | T41: 2024Q3 | U41: 2024Q4 | V41: 2025Q1 | W41: 2025Q2 | X41: 2025Q3 | Y41: 2025Q4 | Z41: 2026Q1
A42: Model Score | B42: 135.86332 | C42: 138.37204 | D42: 138.7895 | E42: 136.9589 | F42: 135.46433 | G42: 135.73801 | H42: 134.50372 | I42: 133.19297 | J42: 133.26474 | K42: 134.70115 | L42: 136.05827 | M42: 138.3337 | N42: 140.09672 | O42: 140.65864 | P42: 140.50459 | Q42: 140.56078 | R42: 139.56825 | S42: 140.43212 | T42: 139.88511 | U42: 139.76782 | V42: 139.70877 | W42: 139.86672 | X42: 139.91791 | Y42: 140.94205 | Z42: 142.03744
A43: Gross Loss Impact | B43: 4.4892787 | C43: 4.5519791 | D43: 4.4080581 | E43: 4.0588062 | F43: 3.8414426 | G43: 3.6205957 | H43: 3.4856848 | I43: 3.1667831 | J43: 2.9134577 | K43: 2.0561578 | L43: 1.2337811 | M43: 1.3869179 | N43: 1.1464497 | O43: 1.3458962 | P43: 1.4972886 | Q43: 1.7526689 | R43: 1.326646 | S43: 2.2203145 | T43: 1.9527827 | U43: 0.753536 | V43: -0.59293677 | W43: 1.0908332 | X43: 0.95995222 | Y43: 0.99951176 | Z43: 0.49224522
A44: Recovery Impact | B44: -0.49601595 | C44: 0.43110716 | D44: 0.024526483 | E44: 0.40477748 | F44: 0.49499963 | G44: 0.85579212 | H44: 1.707187 | I44: 0.80482788 | J44: 0.66107034 | K44: -0.020183635 | L44: -0.44628347 | M44: -0.57549412 | N44: -1.0508429 | O44: -0.96755337 | P44: -1.0146126 | Q44: -0.11323989 | R44: -0.23559879 | S44: 0.090456386 | T44: -0.54232293 | U44: -0.68396125 | V44: -0.69812196 | W44: -0.039833427 | X44: 0.39669237 | Y44: 0.69322784 | Z44: 0.47534274 | AB44: =SUM(B44:Z44) -> 0.15594308
A45: LTV Impact | B45: -1.8757568 | C45: -2.29347 | D45: -0.019059955 | E45: -2.1020657 | F45: 0.12072479 | G45: 2.7926839 | H45: 1.8064289 | I45: 1.6186275 | J45: -0.68305506 | K45: 0.54282026 | L45: -0.67404899 | M45: -2.4034512 | N45: -2.7379575 | O45: -1.4499553 | P45: -3.7779014 | Q45: -4.9485303 | R45: -4.153578 | S45: -1.0146213 | T45: -1.6180761 | U45: -1.560277 | V45: -0.78475247 | W45: -0.3892245 | X45: -0.57494632 | Y45: -0.30261364 | Z45: 0.37818019
A46: RAGU Score | B46: 137.98083 | C46: 141.06166 | D46: 143.20302 | E46: 139.32042 | F46: 139.92149 | G46: 143.00708 | H46: 141.50302 | I46: 138.78321 | J46: 136.15621 | K46: 137.27994 | L46: 136.17172 | M46: 136.74167 | N46: 137.45437 | O46: 139.58703 | P46: 137.20937 | Q46: 137.25168 | R46: 136.50572 | S46: 141.72827 | T46: 139.6775 | U46: 138.27712 | V46: 137.63296 | W46: 140.5285 | X46: 140.69961 | Y46: 142.33218 | Z46: 143.38321
A47: Amount Financed | B47: 2.4069656e+08 | C47: 2.1049129e+08 | D47: 2.7325585e+08 | E47: 2.3112236e+08 | F47: 3.6840063e+08 | G47: 3.7309886e+08 | H47: 3.4029236e+08 | I47: 2.876265e+08 | J47: 2.216847e+08 | K47: 3.5575787e+08 | L47: 2.9429629e+08 | M47: 2.2282913e+08 | N47: 2.5987897e+08 | O47: 2.5788898e+08 | P47: 1.4617214e+08 | Q47: 1.249411e+08 | R47: 3.9029559e+08 | S47: 3.2619245e+08 | T47: 3.013666e+08 | U47: 2.8843672e+08 | V47: 4.4287568e+08 | W47: 3.864738e+08 | X47: 3.7939406e+08 | Y47: 3.4188185e+08 | Z47: 4.9372699e+08

Sheet graphs
A1: AN | B1: 2020Q1 | C1: 2020Q2 | D1: 2020Q3 | E1: 2020Q4 | F1: 2021Q1 | G1: 2021Q2 | H1: 2021Q3 | I1: 2021Q4 | J1: 2022Q1 | K1: 2022Q2 | L1: 2022Q3 | M1: 2022Q4 | N1: 2023Q1 | O1: 2023Q2 | P1: 2023Q3 | Q1: 2023Q4 | R1: 2024Q1 | S1: 2024Q2 | T1: 2024Q3 | U1: 2024Q4 | V1: 2025Q1 | W1: 2025Q2 | X1: 2025Q3 | Y1: 2025Q4 | Z1: 2026Q1
A2: Model Score | B2: 131.79764 | C2: 133.71059 | D2: 135.28557 | E2: 135.79608 | F2: 134.60179 | G2: 135.14257 | H2: 135.36265 | I2: 134.41538 | J2: 134.0686 | K2: 135.89246 | L2: 136.14781 | M2: 136.75155 | N2: 136.66305 | O2: 136.90907 | P2: 136.43849 | Q2: 137.02135 | R2: 136.37212 | S2: 137.12198 | T2: 138.09052 | U2: 136.80136 | V2: 136.83702 | W2: 138.03382 | X2: 138.55808 | Y2: 139.3761 | Z2: 140.32252
A3: Gross Loss Impact | B3: 1.4123341 | C3: 1.3083797 | D3: 0.58221869 | E3: 1.0822147 | F3: 1.3206171 | G3: 1.3559535 | H3: 1.3112364 | I3: 1.2138028 | J3: 1.6338939 | K3: 1.3966256 | L3: 1.2658425 | M3: 1.2408405 | N3: 0.79430529 | O3: 1.2228347 | P3: 0.70121599 | Q3: 0.83461733 | R3: 0.66242898 | S3: 1.1867832 | T3: 0.97810535 | U3: 1.1748893 | V3: 1.4592694 | W3: 2.4660669 | X3: 2.9266817 | Y3: 2.9196016 | Z3: 3.1264617 | AB3: min | AC3: max | AD3: median | AG3: 2020Q1 | AH3: 2020Q2 | AI3: 2020Q3 | AJ3: 2020Q4 | AK3: 2021Q1 | AL3: 2021Q2 | AM3: 2021Q3 | AN3: 2021Q4 | AO3: 2022Q1 | AP3: 2022Q2 | AQ3: 2022Q3 | AR3: 2022Q4 | AS3: 2023Q1 | AT3: 2023Q2 | AU3: 2023Q3 | AV3: 2023Q4 | AW3: 2024Q1 | AX3: 2024Q2 | AY3: 2024Q3 | AZ3: 2024Q4 | BA3: 2025Q1 | BB3: 2025Q2 | BC3: 2025Q3 | BD3: 2025Q4 | BE3: 2026Q1
A4: Recovery Impact | B4: -3.5580755 | C4: -0.3845949 | D4: 0.37358071 | E4: 1.2753083 | F4: 0.98653366 | G4: 0.84046232 | H4: 0.64235995 | I4: -0.13060323 | J4: -0.90468112 | K4: -0.92586757 | L4: -1.4087981 | M4: -0.75982071 | N4: -0.84526037 | O4: -0.65286151 | P4: -0.85209717 | Q4: -0.6773635 | R4: -0.31240509 | S4: 0.27378841 | T4: 1.0627305 | U4: 1.7592183 | V4: 1.4609403 | W4: 2.143951 | X4: 3.3310761 | Y4: 3.4679349 | Z4: 2.9141272 | AB4: =MIN(B4:Z4) -> -3.5580755 | AC4: =MAX(B4:Z4) -> 3.4679349 | AD4: =MEDIAN(B4:Z4) -> 0.27378841 | AF4: AN | AG4: -3.5580755 | AH4: -0.3845949 | AI4: 0.37358071 | AJ4: 1.2753083 | AK4: 0.98653366 | AL4: 0.84046232 | AM4: 0.64235995 | AN4: -0.13060323 | AO4: -0.90468112 | AP4: -0.92586757 | AQ4: -1.4087981 | AR4: -0.75982071 | AS4: -0.84526037 | AT4: -0.65286151 | AU4: -0.85209717 | AV4: -0.6773635 | AW4: -0.31240509 | AX4: 0.27378841 | AY4: 1.0627305 | AZ4: 1.7592183 | BA4: 1.4609403 | BB4: 2.143951 | BC4: 3.3310761 | BD4: 3.4679349 | BE4: 2.9141272
A5: LTV Impact | B5: 0.31857239 | C5: -0.074520435 | D5: 2.6741093 | E5: 2.8146745 | F5: 2.4860692 | G5: 4.7262816 | H5: 3.7649451 | I5: 3.8092561 | J5: 3.3923926 | K5: 2.1960056 | L5: 1.8137663 | M5: 1.1718822 | N5: 1.0308964 | O5: 2.1765675 | P5: 2.6716337 | Q5: 2.2539306 | R5: 1.9900714 | S5: 2.5868661 | T5: 3.6764985 | U5: 3.3812203 | V5: 3.5025691 | W5: 4.0097703 | X5: 3.9760675 | Y5: 4.2444635 | Z5: 4.284134 | AF5: FRN | AG5: -3.0722339 | AH5: -0.13468952 | AI5: -0.12274934 | AJ5: 0.763984 | AK5: 0.6138589 | AL5: 0.30096432 | AM5: 0.0053666596 | AN5: -0.79299957 | AO5: -1.4658563 | AP5: -1.424098 | AQ5: -1.4695332 | AR5: -1.2842031 | AS5: -1.6655077 | AT5: -1.1852208 | AU5: -1.348554 | AV5: -1.3759554 | AW5: -1.4665719 | AX5: -0.98079634 | AY5: -0.38346405 | AZ5: 1.1751351 | BA5: 1.3530337 | BB5: 1.6545447 | BC5: 2.2670959 | BD5: 3.6650482 | BE5: 2.4833418
A6: RAGU Score | B6: 129.97047 | C6: 134.55986 | D6: 138.91548 | E6: 140.96828 | F6: 139.39501 | G6: 142.06527 | H6: 141.08119 | I6: 139.30784 | J6: 138.1902 | K6: 138.55922 | L6: 137.81862 | M6: 138.40446 | N6: 137.64299 | O6: 139.65561 | P6: 138.95925 | Q6: 139.43254 | R6: 138.71221 | S6: 141.16942 | T6: 143.80786 | U6: 143.11668 | V6: 143.2598 | W6: 146.65361 | X6: 148.79191 | Y6: 150.0081 | Z6: 150.64725 | AF6: STG | AG6: -4.7074248 | AH6: -0.66064178 | AI6: -0.29796558 | AJ6: 0.17305748 | AK6: -0.077399958 | AL6: 0.10988362 | AM6: -0.069239853 | AN6: -0.18132874 | AO6: -0.53658396 | AP6: -0.51944562 | AQ6: -0.7230582 | AR6: -0.46721173 | AS6: -0.38699895 | AT6: -0.69160541 | AU6: -0.77016993 | AV6: -0.073902762 | AW6: -0.46378407 | AX6: 0.78371788 | AY6: 1.6672359 | AZ6: 2.9007669 | BA6: 2.682798 | BB6: 3.4454112 | BC6: 3.492655 | BD6: 4.6856205 | BE6: 3.7516146
A7: Amount Financed | B7: 32266854 | C7: 27926177 | D7: 26788093 | E7: 22116684 | F7: 32796773 | G7: 39581723 | H7: 26574147 | I7: 23248978 | J7: 23682832 | K7: 23783044 | L7: 23891874 | M7: 16200639 | N7: 16458456 | O7: 16463632 | P7: 23500225 | Q7: 26931895 | R7: 45403667 | S7: 43850753 | T7: 30886831 | U7: 32083493 | V7: 56035847 | W7: 58135224 | X7: 51413759 | Y7: 39424320 | Z7: 44425981 | AF7: FLD | AG7: -3.302865 | AH7: -0.28665042 | AI7: 0.33893199 | AJ7: 0.91143428 | AK7: 1.232342 | AL7: 0.69584356 | AM7: 0.51690829 | AN7: 0.46686242 | AO7: -0.01046675 | AP7: -1.1050642 | AQ7: -0.64441285 | AR7: -0.45750845 | AS7: 0.3539115 | AT7: -0.19699147 | AU7: 0.12864631 | AV7: 0.98539781 | AW7: 0.24360934 | AX7: 0.32588548 | AY7: 0.46628827 | AZ7: 2.7287264 | BA7: 3.0252142 | BB7: 2.2531776 | BC7: 2.9918316 | BD7: 3.3751583 | BE7: 1.6551409
AF8: ENT | AG8: -3.9307629 | AH8: -0.25069821 | AI8: 0.14289629 | AJ8: -0.027361975 | AK8: 0.017026104 | AL8: 0.51253643 | AM8: -0.11644237 | AN8: -0.11122887 | AO8: -1.0228987 | AP8: -1.3067084 | AQ8: -2.057985 | AR8: -2.232186 | AS8: -1.9845435 | AT8: -1.4900515 | AU8: -1.2755417 | AV8: -0.61558116 | AW8: -1.2088626 | AX8: -0.70766037 | AY8: 0.25203213 | AZ8: 3.1488128 | BA8: 4.7744382 | BB8: 3.6984811 | BC8: 3.7671272 | BD8: 4.7206982 | BE8: 3.7288005
A9: FRN | B9: 2020Q1 | C9: 2020Q2 | D9: 2020Q3 | E9: 2020Q4 | F9: 2021Q1 | G9: 2021Q2 | H9: 2021Q3 | I9: 2021Q4 | J9: 2022Q1 | K9: 2022Q2 | L9: 2022Q3 | M9: 2022Q4 | N9: 2023Q1 | O9: 2023Q2 | P9: 2023Q3 | Q9: 2023Q4 | R9: 2024Q1 | S9: 2024Q2 | T9: 2024Q3 | U9: 2024Q4 | V9: 2025Q1 | W9: 2025Q2 | X9: 2025Q3 | Y9: 2025Q4 | Z9: 2026Q1 | AF9: KMX | AG9: -0.49601595 | AH9: 0.43110716 | AI9: 0.024526483 | AJ9: 0.40477748 | AK9: 0.49499963 | AL9: 0.85579212 | AM9: 1.707187 | AN9: 0.80482788 | AO9: 0.66107034 | AP9: -0.020183635 | AQ9: -0.44628347 | AR9: -0.57549412 | AS9: -1.0508429 | AT9: -0.96755337 | AU9: -1.0146126 | AV9: -0.11323989 | AW9: -0.23559879 | AX9: 0.090456386 | AY9: -0.54232293 | AZ9: -0.68396125 | BA9: -0.69812196 | BB9: -0.039833427 | BC9: 0.39669237 | BD9: 0.69322784 | BE9: 0.47534274
A10: Model Score | B10: 131.13303 | C10: 132.90504 | D10: 133.93048 | E10: 132.80381 | F10: 135.44811 | G10: 135.18735 | H10: 134.94602 | I10: 132.89928 | J10: 134.06325 | K10: 136.81721 | L10: 138.00243 | M10: 139.77793 | N10: 141.27719 | O10: 140.58734 | P10: 140.72103 | Q10: 139.02514 | R10: 138.13163 | S10: 140.17356 | T10: 141.55375 | U10: 139.97097 | V10: 139.83315 | W10: 140.63434 | X10: 140.96388 | Y10: 141.85749 | Z10: 142.76283
A11: Gross Loss Impact | B11: 1.3091096 | C11: 1.5067007 | D11: 0.54845206 | E11: 0.003989095 | F11: 0.52413776 | G11: 0.89828531 | H11: 0.69221704 | I11: -0.39544921 | J11: -0.23544014 | K11: 0.72599632 | L11: 0.58262346 | M11: 0.31311591 | N11: 0.93883725 | O11: 1.5645409 | P11: 1.6212334 | Q11: 0.89293024 | R11: -0.19717966 | S11: 0.30351544 | T11: 0.75919793 | U11: 0.53146185 | V11: 0.66791062 | W11: 1.2781424 | X11: 1.7965359 | Y11: 2.7808561 | Z11: 2.864459 | AB11: min | AC11: max | AD11: median
A12: Recovery Impact | B12: -3.0722339 | C12: -0.13468952 | D12: -0.12274934 | E12: 0.763984 | F12: 0.6138589 | G12: 0.30096432 | H12: 0.0053666596 | I12: -0.79299957 | J12: -1.4658563 | K12: -1.424098 | L12: -1.4695332 | M12: -1.2842031 | N12: -1.6655077 | O12: -1.1852208 | P12: -1.348554 | Q12: -1.3759554 | R12: -1.4665719 | S12: -0.98079634 | T12: -0.38346405 | U12: 1.1751351 | V12: 1.3530337 | W12: 1.6545447 | X12: 2.2670959 | Y12: 3.6650482 | Z12: 2.4833418 | AB12: =MIN(B12:Z12) -> -3.0722339 | AC12: =MAX(B12:Z12) -> 3.6650482 | AD12: =MEDIAN(B12:Z12) -> -0.38346405
A13: LTV Impact | B13: 0.00096563536 | C13: -0.034481418 | D13: 0.34972204 | E13: -0.76949533 | F13: 1.9951835 | G13: 4.7932878 | H13: 3.3943221 | I13: 2.5711765 | J13: 2.8619323 | K13: 2.7921408 | L13: 2.592053 | M13: 2.5667421 | N13: 2.0189747 | O13: 4.3904062 | P13: 4.9949351 | Q13: 5.5613665 | R13: 5.2431477 | S13: 5.3265381 | T13: 5.1142135 | U13: 5.1988338 | V13: 5.1619142 | W13: 6.0936501 | X13: 6.1339811 | Y13: 6.2090869 | Z13: 5.184883
A14: RAGU Score | B14: 129.37087 | C14: 134.24257 | D14: 134.7059 | E14: 132.80229 | F14: 138.58129 | G14: 141.17989 | H14: 139.03792 | I14: 134.28201 | J14: 135.22389 | K14: 138.91125 | L14: 139.70758 | M14: 141.37359 | N14: 142.56949 | O14: 145.35706 | P14: 145.98864 | Q14: 144.10348 | R14: 141.71103 | S14: 144.82282 | T14: 147.0437 | U14: 146.8764 | V14: 147.01601 | W14: 149.66067 | X14: 151.1615 | Y14: 154.51248 | Z14: 153.29551
A15: Amount Financed | B15: 25531954 | C15: 31709868 | D15: 39978116 | E15: 35518542 | F15: 48167717 | G15: 75307440 | H15: 65397089 | I15: 63739836 | J15: 61976868 | K15: 63221930 | L15: 57848125 | M15: 32090563 | N15: 19516867 | O15: 25449449 | P15: 43555600 | Q15: 75034894 | R15: 1.3153381e+08 | S15: 1.4720729e+08 | T15: 1.0885061e+08 | U15: 1.193191e+08 | V15: 1.7489509e+08 | W15: 1.7780391e+08 | X15: 1.5110941e+08 | Y15: 1.1798551e+08 | Z15: 1.3358561e+08
A17: STG | B17: 2020Q1 | C17: 2020Q2 | D17: 2020Q3 | E17: 2020Q4 | F17: 2021Q1 | G17: 2021Q2 | H17: 2021Q3 | I17: 2021Q4 | J17: 2022Q1 | K17: 2022Q2 | L17: 2022Q3 | M17: 2022Q4 | N17: 2023Q1 | O17: 2023Q2 | P17: 2023Q3 | Q17: 2023Q4 | R17: 2024Q1 | S17: 2024Q2 | T17: 2024Q3 | U17: 2024Q4 | V17: 2025Q1 | W17: 2025Q2 | X17: 2025Q3 | Y17: 2025Q4 | Z17: 2026Q1
A18: Model Score | B18: 130.0304 | C18: 133.13562 | D18: 135.5242 | E18: 135.28733 | F18: 135.28771 | G18: 135.49901 | H18: 135.05653 | I18: 133.65336 | J18: 134.55 | K18: 136.72731 | L18: 137.27114 | M18: 138.30195 | N18: 139.23035 | O18: 137.71584 | P18: 138.53984 | Q18: 137.48747 | R18: 136.76023 | S18: 137.47802 | T18: 138.54354 | U18: 137.20905 | V18: 136.6684 | W18: 137.94719 | X18: 138.66055 | Y18: 140.03752 | Z18: 141.03676
A19: Gross Loss Impact | B19: 0.62627011 | C19: 0.56124754 | D19: 0.90101305 | E19: 0.8428326 | F19: 1.6574384 | G19: 1.8158511 | H19: 1.5016646 | I19: 1.1834961 | J19: 0.56607344 | K19: 0.62303432 | L19: -0.014227399 | M19: 0.60880416 | N19: 0.26065132 | O19: 0.32381303 | P19: 1.4742954 | Q19: 1.2647051 | R19: 1.0139279 | S19: 2.0228001 | T19: 2.2786498 | U19: 2.0632355 | V19: 1.8384507 | W19: 2.0356619 | X19: 2.2451501 | Y19: 2.7851197 | Z19: 3.1250191 | AB19: min | AC19: max | AD19: median
A20: Recovery Impact | B20: -4.7074248 | C20: -0.66064178 | D20: -0.29796558 | E20: 0.17305748 | F20: -0.077399958 | G20: 0.10988362 | H20: -0.069239853 | I20: -0.18132874 | J20: -0.53658396 | K20: -0.51944562 | L20: -0.7230582 | M20: -0.46721173 | N20: -0.38699895 | O20: -0.69160541 | P20: -0.77016993 | Q20: -0.073902762 | R20: -0.46378407 | S20: 0.78371788 | T20: 1.6672359 | U20: 2.9007669 | V20: 2.682798 | W20: 3.4454112 | X20: 3.492655 | Y20: 4.6856205 | Z20: 3.7516146 | AB20: =MIN(B20:Z20) -> -4.7074248 | AC20: =MAX(B20:Z20) -> 4.6856205 | AD20: =MEDIAN(B20:Z20) -> -0.077399958
A21: LTV Impact | B21: -1.1595076 | C21: -1.3517593 | D21: 1.0904029 | E21: 1.2787451 | F21: 2.4008346 | G21: 3.9950877 | H21: 3.6940641 | I21: 3.3629108 | J21: 3.9793425 | K21: 4.7102304 | L21: 4.4588752 | M21: 5.2540634 | N21: 5.2899301 | O21: 4.7485296 | P21: 6.1022599 | Q21: 6.0342499 | R21: 4.5603733 | S21: 5.1238595 | T21: 5.6764908 | U21: 5.5445941 | V21: 5.1925648 | W21: 6.1208839 | X21: 6.0097477 | Y21: 6.2593218 | Z21: 5.2635207
A22: RAGU Score | B22: 124.78973 | C22: 131.68447 | D22: 137.21765 | E22: 137.58196 | F22: 139.26859 | G22: 141.41983 | H22: 140.18302 | I22: 138.01844 | J22: 138.55883 | K22: 141.54113 | L22: 140.99273 | M22: 143.69761 | N22: 144.39393 | O22: 142.09658 | P22: 145.34622 | Q22: 144.71252 | R22: 141.87075 | S22: 145.4084 | T22: 148.16591 | U22: 147.71764 | V22: 146.38221 | W22: 149.54915 | X22: 150.4081 | Y22: 153.76758 | Z22: 153.17692
A23: Amount Financed | B23: 73703014 | C23: 59571429 | D23: 59037002 | E23: 44041841 | F23: 63199503 | G23: 82590816 | H23: 66553012 | I23: 59034424 | J23: 54953361 | K23: 54791982 | L23: 38420665 | M23: 21163298 | N23: 12649519 | O23: 16219660 | P23: 28909162 | Q23: 44296437 | R23: 68656688 | S23: 95026795 | T23: 69497795 | U23: 70683017 | V23: 1.0977812e+08 | W23: 1.1799764e+08 | X23: 91351165 | Y23: 72109323 | Z23: 88330639
A25: FLD | B25: 2020Q1 | C25: 2020Q2 | D25: 2020Q3 | E25: 2020Q4 | F25: 2021Q1 | G25: 2021Q2 | H25: 2021Q3 | I25: 2021Q4 | J25: 2022Q1 | K25: 2022Q2 | L25: 2022Q3 | M25: 2022Q4 | N25: 2023Q1 | O25: 2023Q2 | P25: 2023Q3 | Q25: 2023Q4 | R25: 2024Q1 | S25: 2024Q2 | T25: 2024Q3 | U25: 2024Q4 | V25: 2025Q1 | W25: 2025Q2 | X25: 2025Q3 | Y25: 2025Q4 | Z25: 2026Q1
A26: Model Score | B26: 131.95039 | C26: 135.66547 | D26: 137.78086 | E26: 140.37625 | F26: 136.75685 | G26: 136.18261 | H26: 135.63105 | I26: 134.62935 | J26: 134.17392 | K26: 135.83718 | L26: 136.96375 | M26: 138.77228 | N26: 141.32316 | O26: 138.86319 | P26: 137.95666 | Q26: 139.5662 | R26: 138.5244 | S26: 138.40978 | T26: 140.36331 | U26: 138.38769 | V26: 136.70743 | W26: 138.3478 | X26: 138.1021 | Y26: 138.94555 | Z26: 140.99131
A27: Gross Loss Impact | B27: -1.7103216 | C27: -1.3620012 | D27: -0.82270063 | E27: 0.67937377 | F27: 1.8207974 | G27: -0.22282408 | H27: -0.34270651 | I27: 0.75425033 | J27: 0.49117725 | K27: 0.57506675 | L27: 0.94006829 | M27: 0.98065555 | N27: 1.1637723 | O27: 0.76651233 | P27: 1.0512261 | Q27: 1.3906266 | R27: 1.5536976 | S27: 2.4436111 | T27: 3.2853416 | U27: 2.9736339 | V27: 2.4078901 | W27: 2.4910068 | X27: 3.0095789 | Y27: 1.8551298 | Z27: 2.3630141 | AB27: min | AC27: max | AD27: median
A28: Recovery Impact | B28: -3.302865 | C28: -0.28665042 | D28: 0.33893199 | E28: 0.91143428 | F28: 1.232342 | G28: 0.69584356 | H28: 0.51690829 | I28: 0.46686242 | J28: -0.01046675 | K28: -1.1050642 | L28: -0.64441285 | M28: -0.45750845 | N28: 0.3539115 | O28: -0.19699147 | P28: 0.12864631 | Q28: 0.98539781 | R28: 0.24360934 | S28: 0.32588548 | T28: 0.46628827 | U28: 2.7287264 | V28: 3.0252142 | W28: 2.2531776 | X28: 2.9918316 | Y28: 3.3751583 | Z28: 1.6551409 | AB28: =MIN(B28:Z28) -> -3.302865 | AC28: =MAX(B28:Z28) -> 3.3751583 | AD28: =MEDIAN(B28:Z28) -> 0.46628827
A29: LTV Impact | B29: 6.1904054 | C29: 7.0333881 | D29: 9.9532378 | E29: 8.984948 | F29: 7.7462435 | G29: 9.7432048 | H29: 8.8581214 | I29: 7.7046526 | J29: 7.5700941 | K29: 7.7050467 | L29: 7.9561857 | M29: 7.9076084 | N29: 8.8983727 | O29: 8.230573 | P29: 9.0487813 | Q29: 8.6819608 | R29: 6.8584307 | S29: 7.1540339 | T29: 7.5077871 | U29: 7.6079051 | V29: 6.8922323 | W29: 6.3832079 | X29: 6.3614181 | Y29: 6.3945869 | Z29: 5.5227181
A30: RAGU Score | B30: 133.12761 | C30: 141.05021 | D30: 147.25033 | E30: 150.952 | F30: 147.55623 | G30: 146.39884 | H30: 144.66337 | I30: 143.55511 | J30: 142.22473 | K30: 143.01223 | L30: 145.21559 | M30: 147.20304 | N30: 151.73922 | O30: 147.66329 | P30: 148.18531 | Q30: 150.62418 | R30: 147.18014 | S30: 148.33331 | T30: 151.62272 | U30: 151.69795 | V30: 149.03277 | W30: 149.47519 | X30: 150.46492 | Y30: 150.57043 | Z30: 150.53219 | AG30: 2020Q1 | AH30: 2020Q2 | AI30: 2020Q3 | AJ30: 2020Q4 | AK30: 2021Q1 | AL30: 2021Q2 | AM30: 2021Q3 | AN30: 2021Q4 | AO30: 2022Q1 | AP30: 2022Q2 | AQ30: 2022Q3 | AR30: 2022Q4 | AS30: 2023Q1 | AT30: 2023Q2 | AU30: 2023Q3 | AV30: 2023Q4 | AW30: 2024Q1 | AX30: 2024Q2 | AY30: 2024Q3 | AZ30: 2024Q4 | BA30: 2025Q1 | BB30: 2025Q2 | BC30: 2025Q3 | BD30: 2025Q4 | BE30: 2026Q1
A31: Amount Financed | B31: 29567896 | C31: 20452730 | D31: 18615601 | E31: 8943877.4 | F31: 15181236 | G31: 31017456 | H31: 26185058 | I31: 18912869 | J31: 20022958 | K31: 18264458 | L31: 16133338 | M31: 9991541.6 | N31: 6626495.2 | O31: 9268286.4 | P31: 15549122 | Q31: 15000070 | R31: 27235117 | S31: 35792720 | T31: 21813473 | U31: 21252328 | V31: 43623019 | W31: 40763731 | X31: 43230820 | Y31: 43342019 | Z31: 51820832 | AF31: AN | AG31: -0.10819935 | AH31: -0.56943614 | AI31: -0.21425416 | AJ31: 0.68058865 | AK31: 0.22441002 | AL31: 0.2090722 | AM31: -0.07596809 | AN31: -0.50481626 | AO31: -1.1464984 | AP31: -0.99272578 | AQ31: -1.3374362 | AR31: -1.1137921 | AS31: -1.2742672 | AT31: -1.3069658 | AU31: -1.5595382 | AV31: -1.0846185 | AW31: -1.7417311 | AX31: -1.1027639 | AY31: -0.63328552 | AZ31: 0.18345643 | BA31: 0.080554239 | BB31: 0.55716861 | BC31: 0.84213839 | BD31: 1.31387 | BE31: 1.8234979
AF32: FRN | AG32: -0.35590629 | AH32: -0.39916326 | AI32: 0.015803735 | AJ32: 0.29142926 | AK32: 0.22685781 | AL32: 0.15910038 | AM32: -0.16651055 | AN32: -0.64123411 | AO32: -1.406421 | AP32: -1.3721178 | AQ32: -1.3559362 | AR32: -1.2985672 | AS32: -1.2296732 | AT32: -1.4790928 | AU32: -1.4399127 | AV32: -1.4356336 | AW32: -1.4637224 | AX32: -1.106972 | AY32: -0.63836717 | AZ32: 0.44202526 | BA32: 0.2294098 | BB32: 0.23943624 | BC32: 0.95567212 | BD32: 1.5113807 | BE32: 1.5112986
A33: ENT | B33: 2020Q1 | C33: 2020Q2 | D33: 2020Q3 | E33: 2020Q4 | F33: 2021Q1 | G33: 2021Q2 | H33: 2021Q3 | I33: 2021Q4 | J33: 2022Q1 | K33: 2022Q2 | L33: 2022Q3 | M33: 2022Q4 | N33: 2023Q1 | O33: 2023Q2 | P33: 2023Q3 | Q33: 2023Q4 | R33: 2024Q1 | S33: 2024Q2 | T33: 2024Q3 | U33: 2024Q4 | V33: 2025Q1 | W33: 2025Q2 | X33: 2025Q3 | Y33: 2025Q4 | Z33: 2026Q1 | AF33: STG | AG33: -0.0579634 | AH33: -0.23514923 | AI33: -0.17763246 | AJ33: 0.39104339 | AK33: 0.16365721 | AL33: 0.14110014 | AM33: -0.19682375 | AN33: -0.69220439 | AO33: -1.0157167 | AP33: -1.5663499 | AQ33: -1.5843627 | AR33: -1.3083488 | AS33: -1.0537594 | AT33: -0.95726796 | AU33: -1.3703764 | AV33: -1.3584952 | AW33: -1.6674839 | AX33: -1.1614308 | AY33: -0.66741054 | AZ33: 0.10374512 | BA33: 0.33099157 | BB33: 0.40683462 | BC33: 0.67784691 | BD33: 1.6772277 | BE33: 0.91825423
A34: Model Score | B34: 132.38307 | C34: 133.22864 | D34: 136.30166 | E34: 135.38242 | F34: 133.8357 | G34: 131.8749 | H34: 131.13569 | I34: 129.4723 | J34: 129.34473 | K34: 131.45349 | L34: 131.71553 | M34: 131.25851 | N34: 132.73385 | O34: 133.4422 | P34: 133.76755 | Q34: 135.31367 | R34: 136.17456 | S34: 136.8171 | T34: 136.69241 | U34: 134.94875 | V34: 134.57148 | W34: 136.41792 | X34: 137.0063 | Y34: 137.20721 | Z34: 139.80137 | AF34: FLD | AG34: -0.1173702 | AH34: -0.20492955 | AI34: 0.0032451687 | AJ34: 0.18043505 | AK34: -0.25831759 | AL34: -0.28531198 | AM34: -0.093966231 | AN34: -0.57675673 | AO34: -1.2876293 | AP34: -1.300891 | AQ34: -1.6502648 | AR34: -0.83079473 | AS34: -1.382572 | AT34: -1.5799359 | AU34: -1.0542949 | AV34: -1.3557994 | AW34: -1.4970812 | AX34: -0.6577689 | AY34: -0.46079243 | AZ34: 0.78463273 | BA34: 0.047183501 | BB34: 0.5632265 | BC34: 0.93591851 | BD34: 1.7099785 | BE34: 0.85639536
A35: Gross Loss Impact | B35: 0.53733727 | C35: 0.6114489 | D35: 0.32319334 | E35: -0.89774632 | F35: -0.38175502 | G35: -0.59152797 | H35: -0.80097815 | I35: -0.57952409 | J35: -0.12187674 | K35: -0.57677921 | L35: -1.5631581 | M35: -1.3928785 | N35: -1.7516348 | O35: -1.0557538 | P35: -0.70981925 | Q35: 0.45637312 | R35: -0.59196155 | S35: -0.32963785 | T35: -0.49424107 | U35: -0.28560818 | V35: -0.97599678 | W35: 0.20518067 | X35: 0.17963091 | Y35: 1.0649609 | Z35: 1.253817 | AB35: min | AC35: max | AD35: median | AF35: ENT | AG35: -2.8893777 | AH35: -2.6973233 | AI35: -2.44732 | AJ35: -2.4631079 | AK35: -2.4101873 | AL35: -1.821715 | AM35: -2.3608023 | AN35: -2.2364697 | AO35: -3.0902909 | AP35: -3.435407 | AQ35: -4.1052264 | AR35: -4.2753205 | AS35: -4.0226523 | AT35: -3.8170759 | AU35: -3.5395621 | AV35: -2.9965075 | AW35: -3.5568879 | AX35: -3.2301753 | AY35: -2.3887581 | AZ35: 0.096156654 | BA35: 1.1548546 | BB35: 0.11886128 | BC35: 0.3810541 | BD35: 1.1634511 | BE35: 0.67722626
A36: Recovery Impact | B36: -3.9307629 | C36: -0.25069821 | D36: 0.14289629 | E36: -0.027361975 | F36: 0.017026104 | G36: 0.51253643 | H36: -0.11644237 | I36: -0.11122887 | J36: -1.0228987 | K36: -1.3067084 | L36: -2.057985 | M36: -2.232186 | N36: -1.9845435 | O36: -1.4900515 | P36: -1.2755417 | Q36: -0.61558116 | R36: -1.2088626 | S36: -0.70766037 | T36: 0.25203213 | U36: 3.1488128 | V36: 4.7744382 | W36: 3.6984811 | X36: 3.7671272 | Y36: 4.7206982 | Z36: 3.7288005 | AB36: =MIN(B36:Z36) -> -3.9307629 | AC36: =MAX(B36:Z36) -> 4.7744382 | AD36: =MEDIAN(B36:Z36) -> -0.11644237 | AF36: KMX | AG36: -3.097567 | AH36: -2.834124 | AI36: -3.1364393 | AJ36: -2.8396896 | AK36: -2.6834108 | AL36: -2.4553768 | AM36: -1.7564129 | AN36: -2.4198337 | AO36: -2.6255544 | AP36: -3.116632 | AQ36: -3.6031679 | AR36: -3.7513148 | AS36: -4.1776837 | AT36: -4.0828996 | AU36: -4.0688291 | AV36: -3.2955658 | AW36: -3.5170506 | AX36: -3.3558261 | AY36: -3.8617872 | AZ36: -3.9820937 | BA36: -4.1579065 | BB36: -3.6143435 | BC36: -3.1649618 | BD36: -2.7544481 | BE36: -2.898265
A37: LTV Impact | B37: -0.24719179 | C37: 0.029954667 | D37: 2.4242676 | E37: 0.99768818 | F37: 1.137912 | G37: 2.537904 | H37: 1.3854944 | I37: 0.93199625 | J37: 0.67438009 | K37: 1.3181605 | L37: 2.0792405 | M37: 1.292758 | N37: 0.82744892 | O37: 1.4972332 | P37: 2.616049 | Q37: 1.8424056 | R37: 1.7160172 | S37: 1.9620091 | T37: 1.7538856 | U37: 1.3281815 | V37: 1.5198217 | W37: 1.9277079 | X37: 1.8518933 | Y37: 1.7024207 | Z37: 1.5051402
A38: RAGU Score | B38: 128.74245 | C38: 133.61935 | D38: 139.19202 | E38: 135.455 | F38: 134.60889 | G38: 134.33381 | H38: 131.60377 | I38: 129.71355 | J38: 128.87433 | K38: 130.88816 | L38: 130.17363 | M38: 128.92621 | N38: 129.82512 | O38: 132.39362 | P38: 134.39824 | Q38: 136.99686 | R38: 136.08976 | S38: 137.74181 | T38: 138.20409 | U38: 139.14014 | V38: 139.88974 | W38: 142.24929 | X38: 142.80495 | Y38: 144.69529 | Z38: 146.28913
A39: Amount Financed | B39: 43044124 | C39: 47390260 | D39: 47951627 | E39: 49971994 | F39: 91023827 | G39: 1.2866688e+08 | H39: 96920596 | I39: 74050277 | J39: 76165797 | K39: 68689508 | L39: 57582675 | M39: 65211671 | N39: 68700874 | O39: 60708658 | P39: 74303784 | Q39: 77788703 | R39: 1.1559325e+08 | S39: 1.0192745e+08 | T39: 81167791 | U39: 92147129 | V39: 1.5118227e+08 | W39: 1.3025102e+08 | X39: 1.0868468e+08 | Y39: 91451649 | Z39: 85452589
A41: KMX | B41: 2020Q1 | C41: 2020Q2 | D41: 2020Q3 | E41: 2020Q4 | F41: 2021Q1 | G41: 2021Q2 | H41: 2021Q3 | I41: 2021Q4 | J41: 2022Q1 | K41: 2022Q2 | L41: 2022Q3 | M41: 2022Q4 | N41: 2023Q1 | O41: 2023Q2 | P41: 2023Q3 | Q41: 2023Q4 | R41: 2024Q1 | S41: 2024Q2 | T41: 2024Q3 | U41: 2024Q4 | V41: 2025Q1 | W41: 2025Q2 | X41: 2025Q3 | Y41: 2025Q4 | Z41: 2026Q1
A42: Model Score | B42: 135.86332 | C42: 138.37204 | D42: 138.7895 | E42: 136.9589 | F42: 135.46433 | G42: 135.73801 | H42: 134.50372 | I42: 133.19297 | J42: 133.26474 | K42: 134.70115 | L42: 136.05827 | M42: 138.3337 | N42: 140.09672 | O42: 140.65864 | P42: 140.50459 | Q42: 140.56078 | R42: 139.56825 | S42: 140.43212 | T42: 139.88511 | U42: 139.76782 | V42: 139.70877 | W42: 139.86672 | X42: 139.91791 | Y42: 140.94205 | Z42: 142.03744
A43: Gross Loss Impact | B43: 4.4892787 | C43: 4.5519791 | D43: 4.4080581 | E43: 4.0588062 | F43: 3.8414426 | G43: 3.6205957 | H43: 3.4856848 | I43: 3.1667831 | J43: 2.9134577 | K43: 2.0561578 | L43: 1.2337811 | M43: 1.3869179 | N43: 1.1464497 | O43: 1.3458962 | P43: 1.4972886 | Q43: 1.7526689 | R43: 1.326646 | S43: 2.2203145 | T43: 1.9527827 | U43: 0.753536 | V43: -0.59293677 | W43: 1.0908332 | X43: 0.95995222 | Y43: 0.99951176 | Z43: 0.49224522 | AB43: min | AC43: max | AD43: median
A44: Recovery Impact | B44: -0.49601595 | C44: 0.43110716 | D44: 0.024526483 | E44: 0.40477748 | F44: 0.49499963 | G44: 0.85579212 | H44: 1.707187 | I44: 0.80482788 | J44: 0.66107034 | K44: -0.020183635 | L44: -0.44628347 | M44: -0.57549412 | N44: -1.0508429 | O44: -0.96755337 | P44: -1.0146126 | Q44: -0.11323989 | R44: -0.23559879 | S44: 0.090456386 | T44: -0.54232293 | U44: -0.68396125 | V44: -0.69812196 | W44: -0.039833427 | X44: 0.39669237 | Y44: 0.69322784 | Z44: 0.47534274 | AB44: =MIN(B44:Z44) -> -1.0508429 | AC44: =MAX(B44:Z44) -> 1.707187 | AD44: =MEDIAN(B44:Z44) -> -0.020183635
A45: LTV Impact | B45: -1.8757568 | C45: -2.29347 | D45: -0.019059955 | E45: -2.1020657 | F45: 0.12072479 | G45: 2.7926839 | H45: 1.8064289 | I45: 1.6186275 | J45: -0.68305506 | K45: 0.54282026 | L45: -0.67404899 | M45: -2.4034512 | N45: -2.7379575 | O45: -1.4499553 | P45: -3.7779014 | Q45: -4.9485303 | R45: -4.153578 | S45: -1.0146213 | T45: -1.6180761 | U45: -1.560277 | V45: -0.78475247 | W45: -0.3892245 | X45: -0.57494632 | Y45: -0.30261364 | Z45: 0.37818019
A46: RAGU Score | B46: 137.98083 | C46: 141.06166 | D46: 143.20302 | E46: 139.32042 | F46: 139.92149 | G46: 143.00708 | H46: 141.50302 | I46: 138.78321 | J46: 136.15621 | K46: 137.27994 | L46: 136.17172 | M46: 136.74167 | N46: 137.45437 | O46: 139.58703 | P46: 137.20937 | Q46: 137.25168 | R46: 136.50572 | S46: 141.72827 | T46: 139.6775 | U46: 138.27712 | V46: 137.63296 | W46: 140.5285 | X46: 140.69961 | Y46: 142.33218 | Z46: 143.38321
A47: Amount Financed | B47: 2.4069656e+08 | C47: 2.1049129e+08 | D47: 2.7325585e+08 | E47: 2.3112236e+08 | F47: 3.6840063e+08 | G47: 3.7309886e+08 | H47: 3.4029236e+08 | I47: 2.876265e+08 | J47: 2.216847e+08 | K47: 3.5575787e+08 | L47: 2.9429629e+08 | M47: 2.2282913e+08 | N47: 2.5987897e+08 | O47: 2.5788898e+08 | P47: 1.4617214e+08 | Q47: 1.249411e+08 | R47: 3.9029559e+08 | S47: 3.2619245e+08 | T47: 3.013666e+08 | U47: 2.8843672e+08 | V47: 4.4287568e+08 | W47: 3.864738e+08 | X47: 3.7939406e+08 | Y47: 3.4188185e+08 | Z47: 4.9372699e+08

Sheet Wednesday fixed 20q1 w RRA
A1: AN | B1: 2020Q1 | C1: 2020Q2 | D1: 2020Q3 | E1: 2020Q4 | F1: 2021Q1 | G1: 2021Q2 | H1: 2021Q3 | I1: 2021Q4 | J1: 2022Q1 | K1: 2022Q2 | L1: 2022Q3 | M1: 2022Q4 | N1: 2023Q1 | O1: 2023Q2 | P1: 2023Q3 | Q1: 2023Q4 | R1: 2024Q1 | S1: 2024Q2 | T1: 2024Q3 | U1: 2024Q4 | V1: 2025Q1 | W1: 2025Q2 | X1: 2025Q3 | Y1: 2025Q4 | Z1: 2026Q1
A2: Model Score | B2: 131.79764 | C2: 133.71059 | D2: 135.28557 | E2: 135.79608 | F2: 134.60179 | G2: 135.14257 | H2: 135.36265 | I2: 134.41538 | J2: 134.0686 | K2: 135.89246 | L2: 136.14781 | M2: 136.75155 | N2: 136.66305 | O2: 136.90907 | P2: 136.43849 | Q2: 137.02135 | R2: 136.37212 | S2: 137.12198 | T2: 138.09052 | U2: 136.80136 | V2: 136.83702 | W2: 138.03382 | X2: 138.55808 | Y2: 139.3761 | Z2: 140.31009
A3: Gross Loss Impact | B3: 1.4211337 | C3: 1.3083797 | D3: 0.58221869 | E3: 1.0822147 | F3: 1.3206171 | G3: 1.3559535 | H3: 1.3112364 | I3: 1.2138028 | J3: 1.6338939 | K3: 1.3966256 | L3: 1.2658425 | M3: 1.2408405 | N3: 0.79430529 | O3: 1.2228347 | P3: 0.69077474 | Q3: 0.84296861 | R3: 0.6633545 | S3: 1.1838568 | T3: 0.98295353 | U3: 1.1676633 | V3: 1.4592694 | W3: 2.4665957 | X3: 2.9266817 | Y3: 2.9196016 | Z3: 3.1254127
A4: Recovery Impact | B4: 0.043033306 | C4: -0.3845949 | D4: 0.37358071 | E4: 1.2753083 | F4: 0.98653366 | G4: 0.84046232 | H4: 0.64235995 | I4: -0.13060323 | J4: -0.90468112 | K4: -0.92586757 | L4: -1.4087981 | M4: -0.75982071 | N4: -0.84526037 | O4: -0.65286151 | P4: -0.53126493 | Q4: -0.57776697 | R4: -0.18414984 | S4: 0.38938693 | T4: 1.3554868 | U4: 1.9430608 | V4: 1.4609403 | W4: 2.1619932 | X4: 3.3310761 | Y4: 3.4679349 | Z4: 2.9642039
A5: LTV Impact | B5: 0.31524213 | C5: -0.082505217 | D5: 2.6741561 | E5: 2.821313 | F5: 2.4860692 | G5: 4.7450668 | H5: 3.7630294 | I5: 3.8092561 | J5: 3.3923926 | K5: 2.1960056 | L5: 1.8137663 | M5: 1.1718822 | N5: 1.0276651 | O5: 2.1839192 | P5: 2.6721639 | Q5: 2.2537474 | R5: 1.9577511 | S5: 2.5720764 | T5: 3.6873455 | U5: 3.3607184 | V5: 3.4963375 | W5: 4.0206654 | X5: 3.9608878 | Y5: 4.2454398 | Z5: 4.2652005
A6: RAGU Score | B6: 133.57704 | C6: 134.55187 | D6: 138.91553 | E6: 140.97492 | F6: 139.39501 | G6: 142.08406 | H6: 141.07928 | I6: 139.30784 | J6: 138.1902 | K6: 138.55922 | L6: 137.81862 | M6: 138.40446 | N6: 137.63976 | O6: 139.66296 | P6: 139.27017 | Q6: 139.5403 | R6: 138.80907 | S6: 141.2673 | T6: 144.11631 | U6: 143.2728 | V6: 143.25357 | W6: 146.68307 | X6: 148.77673 | Y6: 150.00908 | Z6: 150.66491
A7: Amount Financed | B7: 28856564 | C7: 27926177 | D7: 26788093 | E7: 22116684 | F7: 32796773 | G7: 39581723 | H7: 26574147 | I7: 23248978 | J7: 23682832 | K7: 23783044 | L7: 23891874 | M7: 16200639 | N7: 16458456 | O7: 16463632 | P7: 23297329 | Q7: 26860237 | R7: 45251908 | S7: 43725481 | T7: 30678382 | U7: 31952021 | V7: 56035847 | W7: 58112631 | X7: 51413759 | Y7: 39424320 | Z7: 44798322
A9: FRN | B9: 2020Q1 | C9: 2020Q2 | D9: 2020Q3 | E9: 2020Q4 | F9: 2021Q1 | G9: 2021Q2 | H9: 2021Q3 | I9: 2021Q4 | J9: 2022Q1 | K9: 2022Q2 | L9: 2022Q3 | M9: 2022Q4 | N9: 2023Q1 | O9: 2023Q2 | P9: 2023Q3 | Q9: 2023Q4 | R9: 2024Q1 | S9: 2024Q2 | T9: 2024Q3 | U9: 2024Q4 | V9: 2025Q1 | W9: 2025Q2 | X9: 2025Q3 | Y9: 2025Q4 | Z9: 2026Q1
A10: Model Score | B10: 131.13303 | C10: 132.90504 | D10: 133.93048 | E10: 132.80381 | F10: 135.44811 | G10: 135.18735 | H10: 134.94602 | I10: 132.89928 | J10: 134.06325 | K10: 136.81721 | L10: 138.00243 | M10: 139.77793 | N10: 141.27719 | O10: 140.58734 | P10: 140.72103 | Q10: 139.02514 | R10: 138.13163 | S10: 140.17356 | T10: 141.55375 | U10: 139.97097 | V10: 139.83315 | W10: 140.63434 | X10: 140.96388 | Y10: 141.85749 | Z10: 142.7729
A11: Gross Loss Impact | B11: 1.3412772 | C11: 1.5067007 | D11: 0.54945927 | E11: 0.0020008203 | F11: 0.52413776 | G11: 0.89828531 | H11: 0.69221704 | I11: -0.39544921 | J11: -0.23544014 | K11: 0.72599632 | L11: 0.58262346 | M11: 0.31311591 | N11: 0.93737042 | O11: 1.5753236 | P11: 1.6261413 | Q11: 0.89035207 | R11: -0.1981456 | S11: 0.29712374 | T11: 0.75420745 | U11: 0.52769507 | V11: 0.66789231 | W11: 1.2770658 | X11: 1.7966788 | Y11: 2.7809622 | Z11: 2.8704508
A12: Recovery Impact | B12: -0.38034325 | C12: -0.13468952 | D12: -0.1127742 | E12: 0.80394269 | F12: 0.6138589 | G12: 0.30096432 | H12: 0.0053666596 | I12: -0.79299957 | J12: -1.4658563 | K12: -1.424098 | L12: -1.4695332 | M12: -1.2842031 | N12: -1.6494187 | O12: -1.1144507 | P12: -1.1727671 | Q12: -1.2882381 | R12: -1.4217419 | S12: -0.88174349 | T12: -0.3423258 | U12: 1.2145438 | V12: 1.3644553 | W12: 1.6861679 | X12: 2.2696451 | Y12: 3.6760504 | Z12: 2.5832078
A13: LTV Impact | B13: -0.010579769 | C13: -0.028861951 | D13: 0.35358992 | E13: -0.7727343 | F13: 1.9964615 | G13: 4.8003817 | H13: 3.3839013 | I13: 2.5731516 | J13: 2.8626411 | K13: 2.7941681 | L13: 2.592053 | M13: 2.568124 | N13: 2.0132311 | O13: 4.3884575 | P13: 4.9630348 | Q13: 5.5342231 | R13: 5.2135636 | S13: 5.3201647 | T13: 5.1070821 | U13: 5.2055601 | V13: 5.1555401 | W13: 6.0887642 | X13: 6.1427776 | Y13: 6.2086355 | Z13: 5.1988424
A14: RAGU Score | B14: 132.08338 | C14: 134.24819 | D14: 134.72075 | E14: 132.83702 | F14: 138.58257 | G14: 141.18698 | H14: 139.0275 | I14: 134.28398 | J14: 135.2246 | K14: 138.91327 | L14: 139.70758 | M14: 141.37497 | N14: 142.57837 | O14: 145.43667 | P14: 146.13743 | Q14: 144.16148 | R14: 141.72531 | S14: 144.90911 | T14: 147.07272 | U14: 146.91877 | V14: 147.02104 | W14: 149.68633 | X14: 151.17299 | Y14: 154.52314 | Z14: 153.4254
A15: Amount Financed | B15: 23359432 | C15: 31709868 | D15: 39967026 | E15: 35481390 | F15: 48167717 | G15: 75307440 | H15: 65397089 | I15: 63739836 | J15: 61976868 | K15: 63221930 | L15: 57848125 | M15: 32090563 | N15: 19507463 | O15: 25397826 | P15: 43334859 | Q15: 74840071 | R15: 1.3135446e+08 | S15: 1.4679275e+08 | T15: 1.0873077e+08 | U15: 1.1920571e+08 | V15: 1.748475e+08 | W15: 1.7767393e+08 | X15: 1.511009e+08 | Y15: 1.1795944e+08 | Z15: 1.3573276e+08
